event_id,minute,grade_from,grade_to,basis_weight,basis_weight_target,stock_flow,filler_flow,steam_pressure,machine_speed,ash_content,caliper,recipe_headroom
1,0,FINE-80,SC-60,79.77,60.0,515.27,23.14,4.094,1018.8,4.581,0.1293,3.205
1,1,FINE-80,SC-60,74.101,60.0,492.96,22.45,3.844,1055.8,4.581,0.1293,3.205
1,2,FINE-80,SC-60,70.2,60.0,472.58,20.99,3.679,1085.3,4.581,0.1293,3.205
1,3,FINE-80,SC-60,67.344,60.0,464.9,19.41,3.624,1110.4,4.581,0.1293,3.205
1,4,FINE-80,SC-60,65.175,60.0,459.29,19.2,3.501,1124.4,4.581,0.1293,3.205
1,5,FINE-80,SC-60,63.172,60.0,449.6,19.2,3.439,1140.0,4.581,0.1293,3.205
1,6,FINE-80,SC-60,63.156,60.0,442.92,18.7,3.48,1139.2,4.581,0.1293,3.205
1,7,FINE-80,SC-60,62.328,60.0,440.82,18.74,3.371,1147.5,4.581,0.1293,3.205
1,8,FINE-80,SC-60,61.054,60.0,434.55,17.93,3.23,1160.0,4.581,0.1293,3.205
1,9,FINE-80,SC-60,60.968,60.0,431.6,19.27,3.364,1155.7,4.581,0.1293,3.205
1,10,FINE-80,SC-60,60.573,60.0,435.0,16.98,3.314,1169.3,4.581,0.1293,3.205
1,11,FINE-80,SC-60,60.366,60.0,431.43,17.14,3.311,1171.4,4.581,0.1293,3.205
1,12,FINE-80,SC-60,59.777,60.0,429.13,17.23,3.341,1172.8,4.581,0.1293,3.205
1,13,FINE-80,SC-60,60.115,60.0,429.56,16.49,3.305,1162.5,4.581,0.1293,3.205
1,14,FINE-80,SC-60,60.4,60.0,428.7,17.67,3.321,1168.1,4.581,0.1293,3.205
1,15,FINE-80,SC-60,60.928,60.0,430.96,17.57,3.206,1165.8,4.581,0.1293,3.205
1,16,FINE-80,SC-60,60.234,60.0,431.67,17.1,3.258,1173.3,4.581,0.1293,3.205
1,17,FINE-80,SC-60,60.121,60.0,432.14,16.8,3.374,1177.6,4.581,0.1293,3.205
1,18,FINE-80,SC-60,59.906,60.0,432.05,16.3,3.302,1173.7,4.581,0.1293,3.205
1,19,FINE-80,SC-60,59.864,60.0,431.7,16.64,3.219,1169.5,4.581,0.1293,3.205
1,20,FINE-80,SC-60,60.316,60.0,429.73,17.4,3.248,1167.8,4.581,0.1293,3.205
1,21,FINE-80,SC-60,60.111,60.0,428.85,16.92,3.252,1173.0,4.581,0.1293,3.205
1,22,FINE-80,SC-60,59.826,60.0,427.06,16.8,3.306,1163.7,4.581,0.1293,3.205
1,23,FINE-80,SC-60,59.706,60.0,432.25,17.26,3.279,1172.5,4.581,0.1293,3.205
1,24,FINE-80,SC-60,59.96,60.0,429.68,17.59,3.268,1165.3,4.581,0.1293,3.205
2,0,FINE-90,FINE-80,89.156,80.0,579.35,27.23,4.367,971.7,12.773,0.0806,3.47
2,1,FINE-90,FINE-80,88.257,80.0,575.02,27.51,4.129,989.1,12.773,0.0806,3.47
2,2,FINE-90,FINE-80,87.64,80.0,564.98,27.22,4.232,987.0,12.773,0.0806,3.47
2,3,FINE-90,FINE-80,85.932,80.0,558.86,26.24,4.094,982.8,12.773,0.0806,3.47
2,4,FINE-90,FINE-80,85.733,80.0,554.06,26.46,4.131,997.4,12.773,0.0806,3.47
2,5,FINE-90,FINE-80,85.103,80.0,550.18,26.14,4.191,1006.6,12.773,0.0806,3.47
2,6,FINE-90,FINE-80,84.682,80.0,548.09,25.3,4.125,1004.0,12.773,0.0806,3.47
2,7,FINE-90,FINE-80,83.565,80.0,545.75,25.84,4.054,993.7,12.773,0.0806,3.47
2,8,FINE-90,FINE-80,83.087,80.0,542.81,25.75,4.059,1001.1,12.773,0.0806,3.47
2,9,FINE-90,FINE-80,83.24,80.0,541.41,25.84,4.118,1011.8,12.773,0.0806,3.47
2,10,FINE-90,FINE-80,82.818,80.0,537.56,25.68,4.038,1003.7,12.773,0.0806,3.47
2,11,FINE-90,FINE-80,82.49,80.0,538.47,24.34,4.077,1010.9,12.773,0.0806,3.47
2,12,FINE-90,FINE-80,82.241,80.0,533.29,24.44,4.061,1013.9,12.773,0.0806,3.47
2,13,FINE-90,FINE-80,81.688,80.0,537.71,25.06,4.019,1006.6,12.773,0.0806,3.47
2,14,FINE-90,FINE-80,81.744,80.0,532.14,24.97,4.153,1012.0,12.773,0.0806,3.47
2,15,FINE-90,FINE-80,81.57,80.0,527.95,24.89,4.072,997.0,12.773,0.0806,3.47
2,16,FINE-90,FINE-80,81.097,80.0,526.44,26.49,3.935,1008.9,12.773,0.0806,3.47
2,17,FINE-90,FINE-80,81.72,80.0,528.58,24.78,4.041,1013.4,12.773,0.0806,3.47
2,18,FINE-90,FINE-80,81.169,80.0,526.32,25.01,3.995,1009.1,12.773,0.0806,3.47
2,19,FINE-90,FINE-80,80.552,80.0,527.43,24.87,4.068,1024.0,12.773,0.0806,3.47
2,20,FINE-90,FINE-80,81.002,80.0,526.28,24.67,3.983,1009.2,12.773,0.0806,3.47
2,21,FINE-90,FINE-80,80.42,80.0,524.59,24.15,4.014,1014.6,12.773,0.0806,3.47
2,22,FINE-90,FINE-80,80.866,80.0,522.51,24.65,4.043,1017.8,12.773,0.0806,3.47
2,23,FINE-90,FINE-80,80.905,80.0,520.7,23.85,4.059,1024.7,12.773,0.0806,3.47
2,24,FINE-90,FINE-80,80.248,80.0,522.42,24.1,3.954,1010.6,12.773,0.0806,3.47
3,0,LWC-65,FINE-90,65.688,90.0,444.36,22.17,3.531,1110.3,4.706,0.1114,0.619
3,1,LWC-65,FINE-90,72.251,90.0,488.21,23.55,3.699,1082.1,4.706,0.1114,0.619
3,2,LWC-65,FINE-90,76.757,90.0,516.19,24.98,3.954,1053.9,4.706,0.1114,0.619
3,3,LWC-65,FINE-90,78.644,90.0,530.61,24.85,3.971,1036.4,4.706,0.1114,0.619
3,4,LWC-65,FINE-90,83.987,90.0,543.13,25.71,4.012,1022.1,4.706,0.1114,0.619
3,5,LWC-65,FINE-90,84.293,90.0,552.89,26.28,4.191,997.8,4.706,0.1114,0.619
3,6,LWC-65,FINE-90,88.019,90.0,558.09,26.72,4.206,997.8,4.706,0.1114,0.619
3,7,LWC-65,FINE-90,87.827,90.0,563.79,27.06,4.274,995.9,4.706,0.1114,0.619
3,8,LWC-65,FINE-90,88.049,90.0,563.49,26.39,4.205,991.9,4.706,0.1114,0.619
3,9,LWC-65,FINE-90,88.907,90.0,568.2,26.4,4.281,990.3,4.706,0.1114,0.619
3,10,LWC-65,FINE-90,88.837,90.0,567.02,27.49,4.176,988.2,4.706,0.1114,0.619
3,11,LWC-65,FINE-90,88.804,90.0,570.02,25.85,4.3,992.5,4.706,0.1114,0.619
3,12,LWC-65,FINE-90,89.607,90.0,568.31,27.69,4.262,985.2,4.706,0.1114,0.619
3,13,LWC-65,FINE-90,90.339,90.0,568.0,26.78,4.209,981.1,4.706,0.1114,0.619
3,14,LWC-65,FINE-90,89.301,90.0,573.3,26.95,4.334,974.0,4.706,0.1114,0.619
3,15,LWC-65,FINE-90,89.248,90.0,571.78,26.62,4.196,974.6,4.706,0.1114,0.619
3,16,LWC-65,FINE-90,89.536,90.0,566.18,26.95,4.194,983.8,4.706,0.1114,0.619
3,17,LWC-65,FINE-90,90.694,90.0,568.94,27.62,4.31,986.1,4.706,0.1114,0.619
3,18,LWC-65,FINE-90,91.152,90.0,572.3,27.37,4.323,988.3,4.706,0.1114,0.619
3,19,LWC-65,FINE-90,90.246,90.0,567.53,27.24,4.344,976.3,4.706,0.1114,0.619
3,20,LWC-65,FINE-90,90.45,90.0,571.49,27.04,4.334,978.8,4.706,0.1114,0.619
3,21,LWC-65,FINE-90,89.43,90.0,571.3,26.27,4.371,981.5,4.706,0.1114,0.619
3,22,LWC-65,FINE-90,90.723,90.0,568.58,26.57,4.333,990.4,4.706,0.1114,0.619
3,23,LWC-65,FINE-90,90.452,90.0,569.97,26.83,4.292,980.7,4.706,0.1114,0.619
3,24,LWC-65,FINE-90,89.382,90.0,565.81,27.23,4.295,987.9,4.706,0.1114,0.619
4,0,SC-60,LWC-58,64.953,58.0,425.76,16.91,3.128,1148.1,8.035,0.0707,0.63
4,1,SC-60,LWC-58,63.306,58.0,426.98,18.45,3.141,1155.3,8.035,0.0707,0.63
4,2,SC-60,LWC-58,63.306,58.0,422.4,17.6,3.14,1148.9,8.035,0.0707,0.63
4,3,SC-60,LWC-58,60.791,58.0,424.77,17.1,3.13,1151.1,8.035,0.0707,0.63
4,4,SC-60,LWC-58,61.726,58.0,422.18,16.79,3.179,1154.0,8.035,0.0707,0.63
4,5,SC-60,LWC-58,61.636,58.0,421.21,16.55,3.138,1149.0,8.035,0.0707,0.63
4,6,SC-60,LWC-58,58.893,58.0,422.19,17.54,3.196,1151.0,8.035,0.0707,0.63
4,7,SC-60,LWC-58,59.074,58.0,420.0,17.13,3.182,1157.6,8.035,0.0707,0.63
4,8,SC-60,LWC-58,58.08,58.0,420.68,16.86,3.174,1149.3,8.035,0.0707,0.63
4,9,SC-60,LWC-58,59.347,58.0,419.14,17.3,3.143,1156.1,8.035,0.0707,0.63
4,10,SC-60,LWC-58,59.981,58.0,425.26,17.13,3.161,1146.1,8.035,0.0707,0.63
4,11,SC-60,LWC-58,60.47,58.0,421.21,18.55,3.229,1154.2,8.035,0.0707,0.63
4,12,SC-60,LWC-58,59.104,58.0,419.59,18.19,3.217,1158.5,8.035,0.0707,0.63
4,13,SC-60,LWC-58,60.288,58.0,421.28,17.77,3.144,1138.8,8.035,0.0707,0.63
4,14,SC-60,LWC-58,57.619,58.0,420.51,18.55,3.199,1147.0,8.035,0.0707,0.63
4,15,SC-60,LWC-58,57.243,58.0,420.19,17.87,3.232,1153.8,8.035,0.0707,0.63
4,16,SC-60,LWC-58,58.552,58.0,421.77,17.42,3.112,1149.8,8.035,0.0707,0.63
4,17,SC-60,LWC-58,58.848,58.0,421.98,18.63,3.223,1152.5,8.035,0.0707,0.63
4,18,SC-60,LWC-58,58.427,58.0,419.34,18.16,3.163,1147.6,8.035,0.0707,0.63
4,19,SC-60,LWC-58,56.642,58.0,419.2,17.38,3.225,1151.0,8.035,0.0707,0.63
4,20,SC-60,LWC-58,58.269,58.0,419.75,17.82,3.159,1149.7,8.035,0.0707,0.63
4,21,SC-60,LWC-58,57.194,58.0,415.65,17.49,3.107,1156.2,8.035,0.0707,0.63
4,22,SC-60,LWC-58,58.83,58.0,417.19,17.24,3.116,1151.6,8.035,0.0707,0.63
4,23,SC-60,LWC-58,58.539,58.0,422.92,18.4,3.201,1152.0,8.035,0.0707,0.63
4,24,SC-60,LWC-58,57.401,58.0,423.45,18.9,3.211,1148.2,8.035,0.0707,0.63
5,0,NEWS-48,SC-60,47.871,60.0,353.92,13.34,2.587,1231.8,10.652,0.1018,2.115
5,1,NEWS-48,SC-60,49.422,60.0,363.67,13.61,2.613,1224.4,10.652,0.1018,2.115
5,2,NEWS-48,SC-60,51.128,60.0,376.37,14.12,2.8,1220.9,10.652,0.1018,2.115
5,3,NEWS-48,SC-60,51.938,60.0,381.21,14.38,2.821,1216.4,10.652,0.1018,2.115
5,4,NEWS-48,SC-60,53.423,60.0,385.88,14.0,2.944,1200.3,10.652,0.1018,2.115
5,5,NEWS-48,SC-60,53.719,60.0,393.64,14.18,2.85,1200.5,10.652,0.1018,2.115
5,6,NEWS-48,SC-60,54.029,60.0,399.29,16.04,2.938,1197.9,10.652,0.1018,2.115
5,7,NEWS-48,SC-60,55.691,60.0,399.97,15.41,3.055,1197.1,10.652,0.1018,2.115
5,8,NEWS-48,SC-60,55.713,60.0,403.63,15.56,3.024,1187.7,10.652,0.1018,2.115
5,9,NEWS-48,SC-60,56.007,60.0,406.56,15.63,3.086,1188.4,10.652,0.1018,2.115
5,10,NEWS-48,SC-60,56.935,60.0,412.37,16.22,3.121,1186.7,10.652,0.1018,2.115
5,11,NEWS-48,SC-60,57.25,60.0,414.82,17.23,3.152,1180.9,10.652,0.1018,2.115
5,12,NEWS-48,SC-60,57.911,60.0,417.78,16.35,3.13,1179.0,10.652,0.1018,2.115
5,13,NEWS-48,SC-60,58.23,60.0,418.89,15.89,3.189,1181.5,10.652,0.1018,2.115
5,14,NEWS-48,SC-60,58.251,60.0,415.24,16.21,3.158,1179.0,10.652,0.1018,2.115
5,15,NEWS-48,SC-60,58.184,60.0,420.5,16.9,3.244,1181.0,10.652,0.1018,2.115
5,16,NEWS-48,SC-60,58.733,60.0,419.07,16.15,3.216,1172.1,10.652,0.1018,2.115
5,17,NEWS-48,SC-60,58.87,60.0,421.26,16.93,3.24,1174.7,10.652,0.1018,2.115
5,18,NEWS-48,SC-60,59.141,60.0,423.59,15.4,3.369,1174.5,10.652,0.1018,2.115
5,19,NEWS-48,SC-60,58.84,60.0,425.76,16.49,3.193,1179.0,10.652,0.1018,2.115
5,20,NEWS-48,SC-60,59.097,60.0,423.04,16.97,3.324,1169.6,10.652,0.1018,2.115
5,21,NEWS-48,SC-60,59.47,60.0,420.82,17.33,3.128,1175.0,10.652,0.1018,2.115
5,22,NEWS-48,SC-60,59.778,60.0,426.39,16.32,3.162,1174.6,10.652,0.1018,2.115
5,23,NEWS-48,SC-60,59.77,60.0,431.81,16.01,3.208,1181.1,10.652,0.1018,2.115
5,24,NEWS-48,SC-60,59.571,60.0,426.55,16.66,3.215,1167.5,10.652,0.1018,2.115
6,0,NEWS-45,NEWS-48,45.473,48.5,339.77,10.54,2.626,1239.9,4.855,0.0766,0.619
6,1,NEWS-45,NEWS-48,46.943,48.5,352.14,11.44,2.667,1236.0,4.855,0.0766,0.619
6,2,NEWS-45,NEWS-48,46.215,48.5,355.36,11.64,2.685,1233.9,4.855,0.0766,0.619
6,3,NEWS-45,NEWS-48,48.478,48.5,356.98,12.08,2.725,1234.8,4.855,0.0766,0.619
6,4,NEWS-45,NEWS-48,47.805,48.5,358.62,13.26,2.705,1230.1,4.855,0.0766,0.619
6,5,NEWS-45,NEWS-48,47.698,48.5,359.94,12.36,2.631,1237.9,4.855,0.0766,0.619
6,6,NEWS-45,NEWS-48,49.157,48.5,358.52,14.21,2.718,1226.6,4.855,0.0766,0.619
6,7,NEWS-45,NEWS-48,47.742,48.5,358.23,13.18,2.73,1229.8,4.855,0.0766,0.619
6,8,NEWS-45,NEWS-48,47.195,48.5,360.28,13.05,2.728,1228.3,4.855,0.0766,0.619
6,9,NEWS-45,NEWS-48,47.104,48.5,357.98,12.54,2.754,1237.6,4.855,0.0766,0.619
6,10,NEWS-45,NEWS-48,48.97,48.5,360.78,13.33,2.742,1231.2,4.855,0.0766,0.619
6,11,NEWS-45,NEWS-48,47.378,48.5,356.58,12.7,2.723,1235.3,4.855,0.0766,0.619
6,12,NEWS-45,NEWS-48,49.975,48.5,362.05,13.05,2.696,1222.7,4.855,0.0766,0.619
6,13,NEWS-45,NEWS-48,46.712,48.5,360.94,14.28,2.617,1231.4,4.855,0.0766,0.619
6,14,NEWS-45,NEWS-48,49.937,48.5,360.51,12.95,2.721,1234.5,4.855,0.0766,0.619
6,15,NEWS-45,NEWS-48,48.674,48.5,361.96,13.57,2.71,1230.4,4.855,0.0766,0.619
6,16,NEWS-45,NEWS-48,48.414,48.5,363.33,12.65,2.714,1235.3,4.855,0.0766,0.619
6,17,NEWS-45,NEWS-48,48.033,48.5,362.03,12.98,2.636,1227.4,4.855,0.0766,0.619
6,18,NEWS-45,NEWS-48,48.838,48.5,356.32,13.89,2.646,1237.1,4.855,0.0766,0.619
6,19,NEWS-45,NEWS-48,48.467,48.5,357.44,12.69,2.753,1241.5,4.855,0.0766,0.619
6,20,NEWS-45,NEWS-48,49.44,48.5,358.75,13.91,2.698,1228.2,4.855,0.0766,0.619
6,21,NEWS-45,NEWS-48,48.597,48.5,360.05,13.35,2.734,1227.8,4.855,0.0766,0.619
6,22,NEWS-45,NEWS-48,48.628,48.5,361.04,12.72,2.701,1237.3,4.855,0.0766,0.619
6,23,NEWS-45,NEWS-48,48.19,48.5,358.55,13.32,2.701,1237.9,4.855,0.0766,0.619
6,24,NEWS-45,NEWS-48,48.451,48.5,360.37,13.49,2.747,1227.4,4.855,0.0766,0.619
7,0,NEWS-48,LWC-58,46.856,58.0,359.07,13.62,2.863,1232.3,6.963,0.0787,0.689
7,1,NEWS-48,LWC-58,48.179,58.0,371.5,14.88,2.903,1217.4,6.963,0.0787,0.689
7,2,NEWS-48,LWC-58,50.547,58.0,379.65,15.38,3.008,1205.9,6.963,0.0787,0.689
7,3,NEWS-48,LWC-58,52.048,58.0,390.65,15.96,3.03,1188.3,6.963,0.0787,0.689
7,4,NEWS-48,LWC-58,54.583,58.0,396.5,16.59,3.124,1175.8,6.963,0.0787,0.689
7,5,NEWS-48,LWC-58,54.74,58.0,403.69,16.85,3.02,1174.6,6.963,0.0787,0.689
7,6,NEWS-48,LWC-58,54.867,58.0,407.67,17.32,3.124,1173.3,6.963,0.0787,0.689
7,7,NEWS-48,LWC-58,57.979,58.0,411.87,17.63,3.153,1159.9,6.963,0.0787,0.689
7,8,NEWS-48,LWC-58,55.942,58.0,410.4,18.07,3.138,1171.1,6.963,0.0787,0.689
7,9,NEWS-48,LWC-58,57.776,58.0,414.14,17.13,3.138,1164.7,6.963,0.0787,0.689
7,10,NEWS-48,LWC-58,58.405,58.0,411.85,17.81,3.149,1157.2,6.963,0.0787,0.689
7,11,NEWS-48,LWC-58,55.975,58.0,413.91,17.47,3.183,1153.0,6.963,0.0787,0.689
7,12,NEWS-48,LWC-58,57.487,58.0,419.03,17.31,3.089,1151.9,6.963,0.0787,0.689
7,13,NEWS-48,LWC-58,57.123,58.0,415.99,17.44,3.232,1154.5,6.963,0.0787,0.689
7,14,NEWS-48,LWC-58,57.153,58.0,416.7,18.08,3.163,1152.2,6.963,0.0787,0.689
7,15,NEWS-48,LWC-58,58.18,58.0,418.74,18.08,3.196,1157.4,6.963,0.0787,0.689
7,16,NEWS-48,LWC-58,57.269,58.0,420.44,18.09,3.21,1150.4,6.963,0.0787,0.689
7,17,NEWS-48,LWC-58,57.42,58.0,417.15,17.8,3.167,1154.2,6.963,0.0787,0.689
7,18,NEWS-48,LWC-58,57.727,58.0,412.48,17.94,3.188,1151.2,6.963,0.0787,0.689
7,19,NEWS-48,LWC-58,57.587,58.0,417.83,18.36,3.094,1152.4,6.963,0.0787,0.689
7,20,NEWS-48,LWC-58,56.95,58.0,422.08,17.21,3.233,1149.7,6.963,0.0787,0.689
7,21,NEWS-48,LWC-58,58.591,58.0,420.43,17.98,3.252,1154.2,6.963,0.0787,0.689
7,22,NEWS-48,LWC-58,58.813,58.0,422.45,18.02,3.113,1154.2,6.963,0.0787,0.689
7,23,NEWS-48,LWC-58,58.243,58.0,417.59,18.36,3.178,1152.7,6.963,0.0787,0.689
7,24,NEWS-48,LWC-58,57.658,58.0,416.61,17.31,3.137,1153.4,6.963,0.0787,0.689
8,0,SC-52,NEWS-45,53.331,45.0,381.17,14.73,2.915,1200.7,8.815,0.0694,1.063
8,1,SC-52,NEWS-45,51.345,45.0,373.84,14.43,2.768,1217.8,8.815,0.0694,1.063
8,2,SC-52,NEWS-45,52.106,45.0,367.74,13.59,2.89,1215.3,8.815,0.0694,1.063
8,3,SC-52,NEWS-45,50.075,45.0,364.57,13.61,2.857,1214.3,8.815,0.0694,1.063
8,4,SC-52,NEWS-45,48.453,45.0,364.83,14.47,2.733,1223.7,8.815,0.0694,1.063
8,5,SC-52,NEWS-45,48.913,45.0,359.22,14.07,2.764,1236.5,8.815,0.0694,1.063
8,6,SC-52,NEWS-45,47.855,45.0,354.02,13.26,2.75,1236.1,8.815,0.0694,1.063
8,7,SC-52,NEWS-45,48.438,45.0,353.95,12.92,2.723,1232.5,8.815,0.0694,1.063
8,8,SC-52,NEWS-45,47.046,45.0,353.62,12.84,2.668,1234.6,8.815,0.0694,1.063
8,9,SC-52,NEWS-45,46.852,45.0,350.99,12.98,2.65,1236.6,8.815,0.0694,1.063
8,10,SC-52,NEWS-45,45.59,45.0,347.84,12.07,2.672,1250.1,8.815,0.0694,1.063
8,11,SC-52,NEWS-45,46.31,45.0,345.23,12.37,2.723,1243.0,8.815,0.0694,1.063
8,12,SC-52,NEWS-45,44.763,45.0,346.91,11.6,2.683,1244.4,8.815,0.0694,1.063
8,13,SC-52,NEWS-45,45.143,45.0,345.45,12.57,2.63,1248.5,8.815,0.0694,1.063
8,14,SC-52,NEWS-45,46.562,45.0,345.73,12.64,2.681,1245.4,8.815,0.0694,1.063
8,15,SC-52,NEWS-45,46.439,45.0,344.6,12.04,2.495,1243.7,8.815,0.0694,1.063
8,16,SC-52,NEWS-45,46.074,45.0,344.91,13.03,2.69,1244.7,8.815,0.0694,1.063
8,17,SC-52,NEWS-45,45.029,45.0,341.3,11.59,2.541,1245.9,8.815,0.0694,1.063
8,18,SC-52,NEWS-45,45.558,45.0,344.64,11.45,2.607,1246.5,8.815,0.0694,1.063
8,19,SC-52,NEWS-45,45.509,45.0,342.09,12.27,2.566,1250.8,8.815,0.0694,1.063
8,20,SC-52,NEWS-45,44.661,45.0,345.58,12.66,2.554,1247.8,8.815,0.0694,1.063
8,21,SC-52,NEWS-45,46.398,45.0,339.83,12.96,2.675,1251.5,8.815,0.0694,1.063
8,22,SC-52,NEWS-45,45.924,45.0,344.49,11.87,2.591,1247.8,8.815,0.0694,1.063
8,23,SC-52,NEWS-45,45.139,45.0,341.26,12.62,2.63,1248.8,8.815,0.0694,1.063
8,24,SC-52,NEWS-45,45.267,45.0,339.43,12.05,2.609,1238.6,8.815,0.0694,1.063
9,0,NEWS-48,SC-60,48.81,60.0,368.72,14.19,2.821,1237.8,8.547,0.1012,2.7
9,1,NEWS-48,SC-60,49.868,60.0,379.0,14.93,2.827,1236.5,8.547,0.1012,2.7
9,2,NEWS-48,SC-60,51.518,60.0,384.3,15.78,2.948,1222.1,8.547,0.1012,2.7
9,3,NEWS-48,SC-60,52.221,60.0,389.99,15.26,2.989,1227.2,8.547,0.1012,2.7
9,4,NEWS-48,SC-60,53.659,60.0,391.23,15.7,2.985,1208.1,8.547,0.1012,2.7
9,5,NEWS-48,SC-60,54.388,60.0,397.36,15.33,3.094,1208.3,8.547,0.1012,2.7
9,6,NEWS-48,SC-60,54.842,60.0,405.34,15.3,3.187,1198.6,8.547,0.1012,2.7
9,7,NEWS-48,SC-60,55.997,60.0,407.88,16.93,3.131,1209.6,8.547,0.1012,2.7
9,8,NEWS-48,SC-60,56.181,60.0,411.22,15.42,3.15,1188.8,8.547,0.1012,2.7
9,9,NEWS-48,SC-60,56.879,60.0,413.69,17.59,3.115,1194.6,8.547,0.1012,2.7
9,10,NEWS-48,SC-60,56.862,60.0,417.29,16.88,3.248,1185.6,8.547,0.1012,2.7
9,11,NEWS-48,SC-60,57.495,60.0,416.19,16.93,3.19,1185.1,8.547,0.1012,2.7
9,12,NEWS-48,SC-60,58.426,60.0,418.69,16.94,3.177,1187.1,8.547,0.1012,2.7
9,13,NEWS-48,SC-60,58.394,60.0,417.9,16.58,3.221,1189.1,8.547,0.1012,2.7
9,14,NEWS-48,SC-60,58.441,60.0,418.71,16.94,3.252,1189.5,8.547,0.1012,2.7
9,15,NEWS-48,SC-60,58.426,60.0,419.12,16.69,3.244,1172.3,8.547,0.1012,2.7
9,16,NEWS-48,SC-60,58.766,60.0,421.63,17.09,3.305,1180.1,8.547,0.1012,2.7
9,17,NEWS-48,SC-60,58.966,60.0,427.37,16.83,3.27,1185.0,8.547,0.1012,2.7
9,18,NEWS-48,SC-60,59.182,60.0,421.9,16.39,3.243,1168.3,8.547,0.1012,2.7
9,19,NEWS-48,SC-60,58.847,60.0,425.05,16.45,3.283,1177.5,8.547,0.1012,2.7
9,20,NEWS-48,SC-60,59.477,60.0,423.64,16.41,3.292,1175.2,8.547,0.1012,2.7
9,21,NEWS-48,SC-60,59.042,60.0,425.52,17.4,3.206,1176.6,8.547,0.1012,2.7
9,22,NEWS-48,SC-60,59.94,60.0,427.49,16.62,3.332,1170.1,8.547,0.1012,2.7
9,23,NEWS-48,SC-60,59.289,60.0,426.12,15.99,3.263,1166.3,8.547,0.1012,2.7
9,24,NEWS-48,SC-60,59.671,60.0,430.02,17.15,3.267,1163.5,8.547,0.1012,2.7
10,0,FINE-80,LWC-58,83.236,58.0,517.64,24.79,4.002,1032.9,4.794,0.0669,4.524
10,1,FINE-80,LWC-58,76.767,58.0,495.59,23.71,3.852,1060.5,4.794,0.0669,4.524
10,2,FINE-80,LWC-58,72.193,58.0,476.13,21.88,3.692,1080.7,4.794,0.0669,4.524
10,3,FINE-80,LWC-58,68.901,58.0,461.02,21.23,3.482,1109.2,4.794,0.0669,4.524
10,4,FINE-80,LWC-58,66.125,58.0,447.18,20.53,3.45,1122.5,4.794,0.0669,4.524
10,5,FINE-80,LWC-58,64.51,58.0,441.03,19.49,3.424,1124.5,4.794,0.0669,4.524
10,6,FINE-80,LWC-58,62.744,58.0,438.41,19.89,3.32,1120.8,4.794,0.0669,4.524
10,7,FINE-80,LWC-58,61.878,58.0,432.07,18.99,3.37,1135.5,4.794,0.0669,4.524
10,8,FINE-80,LWC-58,60.448,58.0,433.34,18.45,3.386,1143.5,4.794,0.0669,4.524
10,9,FINE-80,LWC-58,60.33,58.0,427.2,18.9,3.346,1136.5,4.794,0.0669,4.524
10,10,FINE-80,LWC-58,59.957,58.0,425.12,18.04,3.256,1146.5,4.794,0.0669,4.524
10,11,FINE-80,LWC-58,58.709,58.0,422.87,18.39,3.326,1146.8,4.794,0.0669,4.524
10,12,FINE-80,LWC-58,59.112,58.0,422.84,18.28,3.248,1150.6,4.794,0.0669,4.524
10,13,FINE-80,LWC-58,59.134,58.0,421.6,18.76,3.215,1148.9,4.794,0.0669,4.524
10,14,FINE-80,LWC-58,58.223,58.0,422.82,18.41,3.194,1143.9,4.794,0.0669,4.524
10,15,FINE-80,LWC-58,58.95,58.0,422.95,18.12,3.204,1155.1,4.794,0.0669,4.524
10,16,FINE-80,LWC-58,58.469,58.0,419.19,18.51,3.195,1148.6,4.794,0.0669,4.524
10,17,FINE-80,LWC-58,58.051,58.0,417.9,18.77,3.22,1149.4,4.794,0.0669,4.524
10,18,FINE-80,LWC-58,58.184,58.0,416.74,18.34,3.217,1145.0,4.794,0.0669,4.524
10,19,FINE-80,LWC-58,58.321,58.0,421.32,18.05,3.207,1147.6,4.794,0.0669,4.524
10,20,FINE-80,LWC-58,58.141,58.0,418.02,17.38,3.227,1145.4,4.794,0.0669,4.524
10,21,FINE-80,LWC-58,58.252,58.0,415.86,17.49,3.264,1149.0,4.794,0.0669,4.524
10,22,FINE-80,LWC-58,57.793,58.0,420.9,17.87,3.251,1158.5,4.794,0.0669,4.524
10,23,FINE-80,LWC-58,58.104,58.0,425.08,17.71,3.128,1143.1,4.794,0.0669,4.524
10,24,FINE-80,LWC-58,57.616,58.0,420.05,17.92,3.074,1141.9,4.794,0.0669,4.524
11,0,NEWS-48,LWC-65,48.396,65.0,356.95,11.13,2.864,1209.3,11.869,0.0852,3.597
11,1,NEWS-48,LWC-65,49.766,65.0,367.16,11.8,2.886,1198.3,11.869,0.0852,3.597
11,2,NEWS-48,LWC-65,51.816,65.0,377.77,12.76,2.811,1182.2,11.869,0.0852,3.597
11,3,NEWS-48,LWC-65,53.41,65.0,390.59,13.82,2.975,1187.1,11.869,0.0852,3.597
11,4,NEWS-48,LWC-65,55.04,65.0,398.41,14.33,3.12,1178.3,11.869,0.0852,3.597
11,5,NEWS-48,LWC-65,56.361,65.0,407.21,14.36,3.112,1161.4,11.869,0.0852,3.597
11,6,NEWS-48,LWC-65,57.342,65.0,408.6,16.04,3.144,1171.3,11.869,0.0852,3.597
11,7,NEWS-48,LWC-65,57.98,65.0,415.86,16.23,3.213,1167.3,11.869,0.0852,3.597
11,8,NEWS-48,LWC-65,58.952,65.0,422.5,16.64,3.174,1150.5,11.869,0.0852,3.597
11,9,NEWS-48,LWC-65,59.241,65.0,424.56,17.32,3.261,1156.1,11.869,0.0852,3.597
11,10,NEWS-48,LWC-65,60.123,65.0,431.65,16.84,3.254,1143.8,11.869,0.0852,3.597
11,11,NEWS-48,LWC-65,60.28,65.0,436.3,18.16,3.291,1144.4,11.869,0.0852,3.597
11,12,NEWS-48,LWC-65,61.157,65.0,435.76,17.75,3.356,1136.6,11.869,0.0852,3.597
11,13,NEWS-48,LWC-65,61.608,65.0,439.72,18.51,3.289,1149.4,11.869,0.0852,3.597
11,14,NEWS-48,LWC-65,62.49,65.0,444.95,18.64,3.418,1134.7,11.869,0.0852,3.597
11,15,NEWS-48,LWC-65,62.252,65.0,447.75,17.95,3.349,1134.9,11.869,0.0852,3.597
11,16,NEWS-48,LWC-65,62.655,65.0,447.51,18.89,3.397,1129.1,11.869,0.0852,3.597
11,17,NEWS-48,LWC-65,62.971,65.0,448.85,18.95,3.327,1140.4,11.869,0.0852,3.597
11,18,NEWS-48,LWC-65,63.004,65.0,447.41,18.94,3.444,1139.2,11.869,0.0852,3.597
11,19,NEWS-48,LWC-65,63.113,65.0,451.11,19.0,3.491,1136.8,11.869,0.0852,3.597
11,20,NEWS-48,LWC-65,63.933,65.0,452.64,19.11,3.402,1132.4,11.869,0.0852,3.597
11,21,NEWS-48,LWC-65,63.416,65.0,452.1,19.65,3.38,1123.6,11.869,0.0852,3.597
11,22,NEWS-48,LWC-65,63.46,65.0,452.21,19.62,3.456,1130.1,11.869,0.0852,3.597
11,23,NEWS-48,LWC-65,64.193,65.0,451.62,19.42,3.521,1125.2,11.869,0.0852,3.597
11,24,NEWS-48,LWC-65,64.452,65.0,451.39,18.72,3.382,1131.2,11.869,0.0852,3.597
12,0,NEWS-48,SC-52,47.892,52.0,357.3,12.69,2.564,1274.1,11.077,0.1231,2.828
12,1,NEWS-48,SC-52,48.198,52.0,358.62,13.04,2.507,1265.9,11.077,0.1231,2.828
12,2,NEWS-48,SC-52,48.929,52.0,360.27,12.89,2.707,1265.2,11.077,0.1231,2.828
12,3,NEWS-48,SC-52,49.161,52.0,359.36,13.36,2.758,1252.5,11.077,0.1231,2.828
12,4,NEWS-48,SC-52,49.155,52.0,367.2,13.84,2.619,1238.1,11.077,0.1231,2.828
12,5,NEWS-48,SC-52,49.985,52.0,372.63,13.02,2.707,1244.2,11.077,0.1231,2.828
12,6,NEWS-48,SC-52,50.23,52.0,373.98,13.72,2.807,1231.2,11.077,0.1231,2.828
12,7,NEWS-48,SC-52,50.944,52.0,371.09,14.54,2.895,1239.6,11.077,0.1231,2.828
12,8,NEWS-48,SC-52,50.874,52.0,371.95,13.64,2.807,1231.8,11.077,0.1231,2.828
12,9,NEWS-48,SC-52,50.548,52.0,375.07,14.53,2.781,1220.8,11.077,0.1231,2.828
12,10,NEWS-48,SC-52,51.559,52.0,372.98,13.8,2.819,1226.5,11.077,0.1231,2.828
12,11,NEWS-48,SC-52,51.498,52.0,376.31,14.79,2.906,1217.9,11.077,0.1231,2.828
12,12,NEWS-48,SC-52,51.418,52.0,377.85,14.61,2.813,1219.6,11.077,0.1231,2.828
12,13,NEWS-48,SC-52,51.273,52.0,379.3,13.88,2.813,1215.8,11.077,0.1231,2.828
12,14,NEWS-48,SC-52,51.138,52.0,377.1,15.31,2.835,1207.5,11.077,0.1231,2.828
12,15,NEWS-48,SC-52,51.389,52.0,377.28,14.4,2.816,1207.0,11.077,0.1231,2.828
12,16,NEWS-48,SC-52,51.891,52.0,376.27,14.4,2.875,1214.1,11.077,0.1231,2.828
12,17,NEWS-48,SC-52,52.186,52.0,376.65,14.94,2.954,1206.1,11.077,0.1231,2.828
12,18,NEWS-48,SC-52,52.133,52.0,378.1,15.44,2.892,1204.8,11.077,0.1231,2.828
12,19,NEWS-48,SC-52,51.566,52.0,379.49,14.37,2.867,1201.2,11.077,0.1231,2.828
12,20,NEWS-48,SC-52,51.414,52.0,380.76,14.93,2.867,1207.3,11.077,0.1231,2.828
12,21,NEWS-48,SC-52,51.824,52.0,377.48,15.13,2.806,1214.8,11.077,0.1231,2.828
12,22,NEWS-48,SC-52,51.28,52.0,382.21,15.28,2.93,1198.6,11.077,0.1231,2.828
12,23,NEWS-48,SC-52,51.932,52.0,378.79,15.03,2.884,1203.6,11.077,0.1231,2.828
12,24,NEWS-48,SC-52,51.812,52.0,379.39,14.77,2.881,1210.1,11.077,0.1231,2.828
13,0,FINE-90,LWC-58,92.549,58.0,566.23,28.16,4.031,977.9,10.347,0.0733,4.469
13,1,FINE-90,LWC-58,87.306,58.0,543.26,25.98,4.018,1010.1,10.347,0.0733,4.469
13,2,FINE-90,LWC-58,83.381,58.0,517.73,25.36,3.919,1030.8,10.347,0.0733,4.469
13,3,FINE-90,LWC-58,79.859,58.0,506.57,23.42,3.727,1032.7,10.347,0.0733,4.469
13,4,FINE-90,LWC-58,76.672,58.0,489.96,22.26,3.709,1055.6,10.347,0.0733,4.469
13,5,FINE-90,LWC-58,74.631,58.0,481.01,22.72,3.662,1059.0,10.347,0.0733,4.469
13,6,FINE-90,LWC-58,71.879,58.0,468.94,22.55,3.602,1074.6,10.347,0.0733,4.469
13,7,FINE-90,LWC-58,69.613,58.0,461.05,21.57,3.516,1082.5,10.347,0.0733,4.469
13,8,FINE-90,LWC-58,68.353,58.0,454.77,20.94,3.498,1079.9,10.347,0.0733,4.469
13,9,FINE-90,LWC-58,66.813,58.0,446.81,20.46,3.391,1101.2,10.347,0.0733,4.469
13,10,FINE-90,LWC-58,65.585,58.0,446.08,19.73,3.395,1106.1,10.347,0.0733,4.469
13,11,FINE-90,LWC-58,64.974,58.0,437.53,19.78,3.34,1118.3,10.347,0.0733,4.469
13,12,FINE-90,LWC-58,63.625,58.0,435.7,19.84,3.303,1118.8,10.347,0.0733,4.469
13,13,FINE-90,LWC-58,62.646,58.0,434.82,19.19,3.321,1131.4,10.347,0.0733,4.469
13,14,FINE-90,LWC-58,61.479,58.0,430.47,19.58,3.319,1124.2,10.347,0.0733,4.469
13,15,FINE-90,LWC-58,61.44,58.0,431.14,19.14,3.345,1126.4,10.347,0.0733,4.469
13,16,FINE-90,LWC-58,61.387,58.0,430.75,19.05,3.288,1128.8,10.347,0.0733,4.469
13,17,FINE-90,LWC-58,60.543,58.0,428.7,19.22,3.296,1130.0,10.347,0.0733,4.469
13,18,FINE-90,LWC-58,59.534,58.0,421.7,18.4,3.287,1123.4,10.347,0.0733,4.469
13,19,FINE-90,LWC-58,59.744,58.0,424.9,18.9,3.381,1135.3,10.347,0.0733,4.469
13,20,FINE-90,LWC-58,59.923,58.0,425.94,18.3,3.149,1127.7,10.347,0.0733,4.469
13,21,FINE-90,LWC-58,59.558,58.0,420.6,18.59,3.2,1141.8,10.347,0.0733,4.469
13,22,FINE-90,LWC-58,58.945,58.0,424.15,18.04,3.303,1134.6,10.347,0.0733,4.469
13,23,FINE-90,LWC-58,58.858,58.0,423.59,17.86,3.207,1137.5,10.347,0.0733,4.469
13,24,FINE-90,LWC-58,58.758,58.0,419.46,18.32,3.266,1139.6,10.347,0.0733,4.469
14,0,NEWS-45,NEWS-48,45.556,48.5,339.14,11.8,2.571,1222.1,8.629,0.0951,1.483
14,1,NEWS-45,NEWS-48,45.784,48.5,342.62,11.82,2.482,1228.8,8.629,0.0951,1.483
14,2,NEWS-45,NEWS-48,46.486,48.5,343.68,12.58,2.674,1229.8,8.629,0.0951,1.483
14,3,NEWS-45,NEWS-48,47.365,48.5,348.45,13.08,2.604,1230.3,8.629,0.0951,1.483
14,4,NEWS-45,NEWS-48,46.968,48.5,352.51,12.45,2.6,1225.6,8.629,0.0951,1.483
14,5,NEWS-45,NEWS-48,47.947,48.5,356.53,12.53,2.665,1229.6,8.629,0.0951,1.483
14,6,NEWS-45,NEWS-48,47.426,48.5,353.24,12.36,2.669,1231.7,8.629,0.0951,1.483
14,7,NEWS-45,NEWS-48,48.403,48.5,356.6,12.6,2.731,1223.5,8.629,0.0951,1.483
14,8,NEWS-45,NEWS-48,48.049,48.5,358.14,13.34,2.69,1230.5,8.629,0.0951,1.483
14,9,NEWS-45,NEWS-48,47.885,48.5,355.04,12.87,2.739,1233.2,8.629,0.0951,1.483
14,10,NEWS-45,NEWS-48,48.222,48.5,360.88,12.46,2.638,1227.5,8.629,0.0951,1.483
14,11,NEWS-45,NEWS-48,48.102,48.5,355.7,13.02,2.695,1235.3,8.629,0.0951,1.483
14,12,NEWS-45,NEWS-48,48.359,48.5,359.87,13.44,2.635,1227.6,8.629,0.0951,1.483
14,13,NEWS-45,NEWS-48,48.726,48.5,359.2,12.65,2.697,1225.7,8.629,0.0951,1.483
14,14,NEWS-45,NEWS-48,48.33,48.5,358.97,12.28,2.688,1232.8,8.629,0.0951,1.483
14,15,NEWS-45,NEWS-48,48.213,48.5,364.18,14.05,2.687,1240.2,8.629,0.0951,1.483
14,16,NEWS-45,NEWS-48,47.851,48.5,358.66,12.27,2.689,1230.4,8.629,0.0951,1.483
14,17,NEWS-45,NEWS-48,48.73,48.5,358.77,12.79,2.734,1233.2,8.629,0.0951,1.483
14,18,NEWS-45,NEWS-48,48.626,48.5,362.18,13.09,2.617,1227.5,8.629,0.0951,1.483
14,19,NEWS-45,NEWS-48,47.861,48.5,361.13,12.84,2.653,1223.8,8.629,0.0951,1.483
14,20,NEWS-45,NEWS-48,48.892,48.5,362.25,12.95,2.696,1230.8,8.629,0.0951,1.483
14,21,NEWS-45,NEWS-48,47.868,48.5,359.98,13.27,2.64,1231.6,8.629,0.0951,1.483
14,22,NEWS-45,NEWS-48,49.001,48.5,360.43,11.79,2.701,1228.2,8.629,0.0951,1.483
14,23,NEWS-45,NEWS-48,48.833,48.5,363.64,12.36,2.697,1233.2,8.629,0.0951,1.483
14,24,NEWS-45,NEWS-48,48.7,48.5,358.2,13.01,2.629,1226.7,8.629,0.0951,1.483
15,0,SC-52,SC-60,49.224,60.0,383.37,15.82,2.897,1215.3,8.614,0.1185,1.166
15,1,SC-52,SC-60,51.624,60.0,383.25,15.57,2.896,1200.8,8.614,0.1185,1.166
15,2,SC-52,SC-60,52.986,60.0,393.78,15.42,2.972,1193.4,8.614,0.1185,1.166
15,3,SC-52,SC-60,54.569,60.0,396.89,15.53,3.073,1189.9,8.614,0.1185,1.166
15,4,SC-52,SC-60,55.379,60.0,400.75,16.63,3.109,1188.5,8.614,0.1185,1.166
15,5,SC-52,SC-60,54.769,60.0,404.15,16.49,3.124,1190.6,8.614,0.1185,1.166
15,6,SC-52,SC-60,54.471,60.0,404.67,15.42,3.193,1184.0,8.614,0.1185,1.166
15,7,SC-52,SC-60,55.936,60.0,412.22,16.99,3.14,1185.4,8.614,0.1185,1.166
15,8,SC-52,SC-60,56.904,60.0,411.23,17.45,3.271,1180.3,8.614,0.1185,1.166
15,9,SC-52,SC-60,57.051,60.0,412.81,16.22,3.226,1177.6,8.614,0.1185,1.166
15,10,SC-52,SC-60,58.894,60.0,418.65,16.8,3.073,1180.2,8.614,0.1185,1.166
15,11,SC-52,SC-60,57.976,60.0,420.12,16.44,3.302,1179.0,8.614,0.1185,1.166
15,12,SC-52,SC-60,58.653,60.0,420.15,17.04,3.184,1174.3,8.614,0.1185,1.166
15,13,SC-52,SC-60,58.614,60.0,423.42,16.18,3.181,1170.6,8.614,0.1185,1.166
15,14,SC-52,SC-60,58.462,60.0,425.22,16.75,3.267,1175.5,8.614,0.1185,1.166
15,15,SC-52,SC-60,57.64,60.0,425.95,17.31,3.161,1173.6,8.614,0.1185,1.166
15,16,SC-52,SC-60,58.963,60.0,423.12,17.46,3.22,1170.0,8.614,0.1185,1.166
15,17,SC-52,SC-60,61.208,60.0,426.94,17.08,3.338,1168.1,8.614,0.1185,1.166
15,18,SC-52,SC-60,58.473,60.0,425.98,16.71,3.293,1174.1,8.614,0.1185,1.166
15,19,SC-52,SC-60,58.211,60.0,429.57,16.1,3.31,1174.5,8.614,0.1185,1.166
15,20,SC-52,SC-60,60.674,60.0,426.37,16.53,3.24,1169.7,8.614,0.1185,1.166
15,21,SC-52,SC-60,59.992,60.0,426.33,16.69,3.2,1168.4,8.614,0.1185,1.166
15,22,SC-52,SC-60,59.705,60.0,426.19,16.58,3.315,1166.9,8.614,0.1185,1.166
15,23,SC-52,SC-60,60.505,60.0,428.12,16.97,3.329,1172.8,8.614,0.1185,1.166
15,24,SC-52,SC-60,59.163,60.0,428.96,16.78,3.329,1166.8,8.614,0.1185,1.166
16,0,LWC-58,NEWS-48,57.929,48.5,422.44,17.09,3.38,1167.0,13.995,0.0684,2.744
16,1,LWC-58,NEWS-48,57.407,48.5,413.0,16.67,3.219,1186.6,13.995,0.0684,2.744
16,2,LWC-58,NEWS-48,55.861,48.5,408.21,16.69,3.23,1188.8,13.995,0.0684,2.744
16,3,LWC-58,NEWS-48,54.652,48.5,401.44,16.29,3.136,1198.4,13.995,0.0684,2.744
16,4,LWC-58,NEWS-48,54.064,48.5,397.69,15.4,3.045,1198.3,13.995,0.0684,2.744
16,5,LWC-58,NEWS-48,53.713,48.5,393.82,15.24,3.063,1198.6,13.995,0.0684,2.744
16,6,LWC-58,NEWS-48,52.871,48.5,386.54,14.54,3.023,1208.5,13.995,0.0684,2.744
16,7,LWC-58,NEWS-48,52.185,48.5,387.19,14.53,2.944,1209.8,13.995,0.0684,2.744
16,8,LWC-58,NEWS-48,51.234,48.5,381.25,15.06,2.931,1213.4,13.995,0.0684,2.744
16,9,LWC-58,NEWS-48,51.697,48.5,379.99,14.12,2.83,1222.9,13.995,0.0684,2.744
16,10,LWC-58,NEWS-48,50.66,48.5,378.0,14.37,2.92,1211.4,13.995,0.0684,2.744
16,11,LWC-58,NEWS-48,50.811,48.5,375.45,13.22,2.792,1220.1,13.995,0.0684,2.744
16,12,LWC-58,NEWS-48,50.16,48.5,372.69,13.25,2.784,1216.1,13.995,0.0684,2.744
16,13,LWC-58,NEWS-48,50.272,48.5,370.35,13.66,2.806,1208.6,13.995,0.0684,2.744
16,14,LWC-58,NEWS-48,50.208,48.5,369.41,13.51,2.845,1222.5,13.995,0.0684,2.744
16,15,LWC-58,NEWS-48,49.834,48.5,371.86,13.06,2.834,1223.9,13.995,0.0684,2.744
16,16,LWC-58,NEWS-48,49.713,48.5,365.93,14.52,2.767,1227.7,13.995,0.0684,2.744
16,17,LWC-58,NEWS-48,49.324,48.5,365.28,13.36,2.797,1224.2,13.995,0.0684,2.744
16,18,LWC-58,NEWS-48,49.108,48.5,364.37,13.01,2.667,1218.5,13.995,0.0684,2.744
16,19,LWC-58,NEWS-48,49.181,48.5,365.45,13.28,2.708,1222.4,13.995,0.0684,2.744
16,20,LWC-58,NEWS-48,48.951,48.5,361.49,13.18,2.703,1233.6,13.995,0.0684,2.744
16,21,LWC-58,NEWS-48,49.719,48.5,361.28,13.24,2.796,1223.2,13.995,0.0684,2.744
16,22,LWC-58,NEWS-48,48.617,48.5,362.98,12.33,2.762,1235.7,13.995,0.0684,2.744
16,23,LWC-58,NEWS-48,49.159,48.5,360.5,13.75,2.734,1233.3,13.995,0.0684,2.744
16,24,LWC-58,NEWS-48,48.965,48.5,360.28,13.77,2.736,1226.7,13.995,0.0684,2.744
17,0,NEWS-48,FINE-90,42.723,90.0,369.98,12.22,2.716,1233.0,11.813,0.1368,3.936
17,1,NEWS-48,FINE-90,50.595,90.0,403.32,15.22,2.935,1195.2,11.813,0.1368,3.936
17,2,NEWS-48,FINE-90,57.162,90.0,430.47,17.91,3.154,1151.8,11.813,0.1368,3.936
17,3,NEWS-48,FINE-90,62.308,90.0,450.91,18.81,3.294,1132.1,11.813,0.1368,3.936
17,4,NEWS-48,FINE-90,66.802,90.0,471.18,21.16,3.51,1109.9,11.813,0.1368,3.936
17,5,NEWS-48,FINE-90,70.658,90.0,485.09,21.75,3.556,1092.1,11.813,0.1368,3.936
17,6,NEWS-48,FINE-90,72.903,90.0,502.45,23.33,3.637,1056.2,11.813,0.1368,3.936
17,7,NEWS-48,FINE-90,76.034,90.0,516.12,23.16,3.79,1051.8,11.813,0.1368,3.936
17,8,NEWS-48,FINE-90,78.541,90.0,518.47,24.08,3.793,1031.0,11.813,0.1368,3.936
17,9,NEWS-48,FINE-90,80.679,90.0,528.46,24.81,3.831,1018.8,11.813,0.1368,3.936
17,10,NEWS-48,FINE-90,81.846,90.0,536.19,24.96,3.983,1023.3,11.813,0.1368,3.936
17,11,NEWS-48,FINE-90,82.885,90.0,542.39,25.88,3.935,1013.7,11.813,0.1368,3.936
17,12,NEWS-48,FINE-90,83.995,90.0,548.39,24.59,4.102,1011.3,11.813,0.1368,3.936
17,13,NEWS-48,FINE-90,85.43,90.0,550.17,27.14,4.027,1007.4,11.813,0.1368,3.936
17,14,NEWS-48,FINE-90,85.876,90.0,553.04,26.55,4.014,1007.1,11.813,0.1368,3.936
17,15,NEWS-48,FINE-90,86.591,90.0,558.56,26.2,4.137,997.8,11.813,0.1368,3.936
17,16,NEWS-48,FINE-90,87.325,90.0,559.92,26.14,4.18,1009.2,11.813,0.1368,3.936
17,17,NEWS-48,FINE-90,86.729,90.0,561.55,26.09,4.216,993.8,11.813,0.1368,3.936
17,18,NEWS-48,FINE-90,88.585,90.0,562.26,26.93,4.216,999.5,11.813,0.1368,3.936
17,19,NEWS-48,FINE-90,88.089,90.0,565.31,27.17,4.167,976.9,11.813,0.1368,3.936
17,20,NEWS-48,FINE-90,88.653,90.0,563.12,26.65,4.268,993.9,11.813,0.1368,3.936
17,21,NEWS-48,FINE-90,88.297,90.0,563.76,27.34,4.29,985.1,11.813,0.1368,3.936
17,22,NEWS-48,FINE-90,88.873,90.0,567.6,26.37,4.19,975.3,11.813,0.1368,3.936
17,23,NEWS-48,FINE-90,89.534,90.0,563.5,26.31,4.248,986.3,11.813,0.1368,3.936
17,24,NEWS-48,FINE-90,88.72,90.0,567.47,27.79,4.25,982.0,11.813,0.1368,3.936
18,0,LWC-58,SC-60,60.735,60.0,426.22,18.29,3.156,1108.9,12.164,0.1001,0.819
18,1,LWC-58,SC-60,59.985,60.0,425.82,17.32,3.272,1115.2,12.164,0.1001,0.819
18,2,LWC-58,SC-60,59.576,60.0,427.62,18.38,3.244,1128.3,12.164,0.1001,0.819
18,3,LWC-58,SC-60,58.729,60.0,427.26,16.73,3.252,1133.6,12.164,0.1001,0.819
18,4,LWC-58,SC-60,60.337,60.0,428.02,18.54,3.249,1147.5,12.164,0.1001,0.819
18,5,LWC-58,SC-60,59.541,60.0,426.29,17.83,3.322,1144.6,12.164,0.1001,0.819
18,6,LWC-58,SC-60,59.546,60.0,428.57,18.22,3.275,1157.4,12.164,0.1001,0.819
18,7,LWC-58,SC-60,59.853,60.0,429.49,16.46,3.191,1155.4,12.164,0.1001,0.819
18,8,LWC-58,SC-60,59.729,60.0,429.63,17.33,3.333,1160.9,12.164,0.1001,0.819
18,9,LWC-58,SC-60,59.646,60.0,426.55,17.14,3.328,1158.7,12.164,0.1001,0.819
18,10,LWC-58,SC-60,58.953,60.0,429.47,16.67,3.309,1166.9,12.164,0.1001,0.819
18,11,LWC-58,SC-60,59.866,60.0,426.51,16.5,3.227,1156.3,12.164,0.1001,0.819
18,12,LWC-58,SC-60,60.504,60.0,429.85,17.38,3.237,1164.0,12.164,0.1001,0.819
18,13,LWC-58,SC-60,60.172,60.0,428.18,17.41,3.194,1162.5,12.164,0.1001,0.819
18,14,LWC-58,SC-60,60.706,60.0,433.07,17.74,3.313,1172.4,12.164,0.1001,0.819
18,15,LWC-58,SC-60,59.416,60.0,429.95,16.83,3.224,1173.7,12.164,0.1001,0.819
18,16,LWC-58,SC-60,58.995,60.0,431.36,16.99,3.207,1166.8,12.164,0.1001,0.819
18,17,LWC-58,SC-60,59.796,60.0,434.02,16.36,3.357,1160.9,12.164,0.1001,0.819
18,18,LWC-58,SC-60,59.514,60.0,428.2,17.82,3.333,1169.9,12.164,0.1001,0.819
18,19,LWC-58,SC-60,59.596,60.0,430.74,17.07,3.279,1159.8,12.164,0.1001,0.819
18,20,LWC-58,SC-60,60.156,60.0,427.52,17.4,3.289,1176.6,12.164,0.1001,0.819
18,21,LWC-58,SC-60,59.605,60.0,430.6,17.41,3.176,1166.3,12.164,0.1001,0.819
18,22,LWC-58,SC-60,59.029,60.0,433.45,17.75,3.343,1168.8,12.164,0.1001,0.819
18,23,LWC-58,SC-60,59.564,60.0,428.68,16.6,3.263,1165.7,12.164,0.1001,0.819
18,24,LWC-58,SC-60,60.259,60.0,428.17,17.37,3.314,1164.7,12.164,0.1001,0.819
19,0,SC-52,NEWS-48,51.922,48.5,377.56,14.23,2.906,1155.8,5.119,0.1013,4.039
19,1,SC-52,NEWS-48,51.752,48.5,372.2,14.8,2.869,1170.1,5.119,0.1013,4.039
19,2,SC-52,NEWS-48,51.274,48.5,376.95,13.66,2.877,1182.9,5.119,0.1013,4.039
19,3,SC-52,NEWS-48,51.172,48.5,370.66,13.99,2.868,1178.6,5.119,0.1013,4.039
19,4,SC-52,NEWS-48,50.393,48.5,369.9,14.09,2.789,1196.9,5.119,0.1013,4.039
19,5,SC-52,NEWS-48,50.765,48.5,364.16,14.35,2.868,1192.9,5.119,0.1013,4.039
19,6,SC-52,NEWS-48,49.383,48.5,370.97,13.27,2.762,1199.4,5.119,0.1013,4.039
19,7,SC-52,NEWS-48,50.04,48.5,365.82,13.15,2.783,1207.1,5.119,0.1013,4.039
19,8,SC-52,NEWS-48,49.353,48.5,366.05,12.87,2.738,1206.8,5.119,0.1013,4.039
19,9,SC-52,NEWS-48,49.318,48.5,367.32,14.46,2.716,1216.5,5.119,0.1013,4.039
19,10,SC-52,NEWS-48,49.508,48.5,363.05,13.99,2.796,1211.5,5.119,0.1013,4.039
19,11,SC-52,NEWS-48,49.395,48.5,365.74,13.24,2.894,1213.9,5.119,0.1013,4.039
19,12,SC-52,NEWS-48,49.312,48.5,359.19,14.19,2.715,1223.1,5.119,0.1013,4.039
19,13,SC-52,NEWS-48,48.631,48.5,363.97,13.15,2.789,1215.7,5.119,0.1013,4.039
19,14,SC-52,NEWS-48,49.409,48.5,365.63,13.53,2.709,1222.2,5.119,0.1013,4.039
19,15,SC-52,NEWS-48,48.641,48.5,361.0,13.15,2.721,1213.9,5.119,0.1013,4.039
19,16,SC-52,NEWS-48,48.627,48.5,364.11,13.33,2.807,1232.4,5.119,0.1013,4.039
19,17,SC-52,NEWS-48,49.001,48.5,365.29,13.26,2.663,1230.3,5.119,0.1013,4.039
19,18,SC-52,NEWS-48,48.683,48.5,360.9,12.89,2.647,1238.8,5.119,0.1013,4.039
19,19,SC-52,NEWS-48,48.826,48.5,360.55,13.63,2.708,1232.4,5.119,0.1013,4.039
19,20,SC-52,NEWS-48,48.055,48.5,359.26,13.43,2.744,1220.7,5.119,0.1013,4.039
19,21,SC-52,NEWS-48,48.761,48.5,359.9,13.58,2.733,1230.2,5.119,0.1013,4.039
19,22,SC-52,NEWS-48,48.718,48.5,359.17,13.22,2.726,1222.7,5.119,0.1013,4.039
19,23,SC-52,NEWS-48,48.479,48.5,358.89,12.6,2.709,1235.6,5.119,0.1013,4.039
19,24,SC-52,NEWS-48,47.992,48.5,363.0,13.9,2.746,1222.5,5.119,0.1013,4.039
20,0,FINE-80,SC-60,78.491,60.0,526.85,24.06,4.1,1050.4,10.054,0.0947,3.984
20,1,FINE-80,SC-60,74.894,60.0,509.82,22.66,3.893,1068.6,10.054,0.0947,3.984
20,2,FINE-80,SC-60,72.212,60.0,496.48,21.86,3.883,1086.5,10.054,0.0947,3.984
20,3,FINE-80,SC-60,69.238,60.0,482.58,20.51,3.744,1120.3,10.054,0.0947,3.984
20,4,FINE-80,SC-60,67.886,60.0,471.01,19.75,3.582,1122.2,10.054,0.0947,3.984
20,5,FINE-80,SC-60,66.537,60.0,465.71,18.43,3.522,1136.3,10.054,0.0947,3.984
20,6,FINE-80,SC-60,64.631,60.0,457.99,19.19,3.615,1146.7,10.054,0.0947,3.984
20,7,FINE-80,SC-60,64.267,60.0,452.87,18.6,3.564,1155.3,10.054,0.0947,3.984
20,8,FINE-80,SC-60,62.552,60.0,446.19,18.19,3.335,1155.7,10.054,0.0947,3.984
20,9,FINE-80,SC-60,62.577,60.0,442.61,17.9,3.364,1154.6,10.054,0.0947,3.984
20,10,FINE-80,SC-60,61.596,60.0,437.51,17.79,3.465,1161.8,10.054,0.0947,3.984
20,11,FINE-80,SC-60,61.852,60.0,438.22,17.53,3.388,1160.7,10.054,0.0947,3.984
20,12,FINE-80,SC-60,61.512,60.0,438.87,17.26,3.408,1165.7,10.054,0.0947,3.984
20,13,FINE-80,SC-60,61.624,60.0,435.2,17.55,3.357,1173.9,10.054,0.0947,3.984
20,14,FINE-80,SC-60,61.226,60.0,435.38,17.59,3.382,1170.5,10.054,0.0947,3.984
20,15,FINE-80,SC-60,60.589,60.0,435.82,16.9,3.34,1168.5,10.054,0.0947,3.984
20,16,FINE-80,SC-60,60.186,60.0,433.63,17.03,3.311,1171.8,10.054,0.0947,3.984
20,17,FINE-80,SC-60,60.577,60.0,433.25,17.08,3.38,1172.6,10.054,0.0947,3.984
20,18,FINE-80,SC-60,60.307,60.0,429.13,17.15,3.332,1163.5,10.054,0.0947,3.984
20,19,FINE-80,SC-60,60.725,60.0,430.84,17.06,3.351,1169.3,10.054,0.0947,3.984
20,20,FINE-80,SC-60,59.558,60.0,434.64,17.43,3.323,1182.1,10.054,0.0947,3.984
20,21,FINE-80,SC-60,60.822,60.0,431.16,16.25,3.288,1175.6,10.054,0.0947,3.984
20,22,FINE-80,SC-60,60.292,60.0,434.55,16.33,3.39,1167.1,10.054,0.0947,3.984
20,23,FINE-80,SC-60,59.862,60.0,429.16,17.15,3.326,1166.7,10.054,0.0947,3.984
20,24,FINE-80,SC-60,60.305,60.0,430.96,16.74,3.289,1166.6,10.054,0.0947,3.984
21,0,LWC-58,FINE-80,59.405,80.0,422.13,18.45,3.193,1154.8,11.759,0.0702,2.064
21,1,LWC-58,FINE-80,60.814,80.0,435.57,18.64,3.183,1135.3,11.759,0.0702,2.064
21,2,LWC-58,FINE-80,63.197,80.0,447.27,20.43,3.22,1132.0,11.759,0.0702,2.064
21,3,LWC-58,FINE-80,65.695,80.0,452.39,20.57,3.431,1116.4,11.759,0.0702,2.064
21,4,LWC-58,FINE-80,67.254,80.0,457.9,20.58,3.463,1103.8,11.759,0.0702,2.064
21,5,LWC-58,FINE-80,68.796,80.0,464.43,21.84,3.433,1091.4,11.759,0.0702,2.064
21,6,LWC-58,FINE-80,69.41,80.0,472.25,21.37,3.697,1080.4,11.759,0.0702,2.064
21,7,LWC-58,FINE-80,71.008,80.0,479.88,22.19,3.649,1078.6,11.759,0.0702,2.064
21,8,LWC-58,FINE-80,72.565,80.0,482.39,21.94,3.694,1063.0,11.759,0.0702,2.064
21,9,LWC-58,FINE-80,73.036,80.0,487.0,22.37,3.766,1070.6,11.759,0.0702,2.064
21,10,LWC-58,FINE-80,73.487,80.0,488.31,22.34,3.702,1057.1,11.759,0.0702,2.064
21,11,LWC-58,FINE-80,74.545,80.0,495.55,22.62,3.768,1055.0,11.759,0.0702,2.064
21,12,LWC-58,FINE-80,74.976,80.0,494.21,22.83,3.722,1045.0,11.759,0.0702,2.064
21,13,LWC-58,FINE-80,75.863,80.0,498.09,22.56,3.781,1049.7,11.759,0.0702,2.064
21,14,LWC-58,FINE-80,76.26,80.0,502.67,22.82,3.851,1040.8,11.759,0.0702,2.064
21,15,LWC-58,FINE-80,76.851,80.0,499.38,23.03,3.767,1043.6,11.759,0.0702,2.064
21,16,LWC-58,FINE-80,76.706,80.0,505.64,23.35,3.835,1041.8,11.759,0.0702,2.064
21,17,LWC-58,FINE-80,77.277,80.0,504.84,23.31,3.835,1032.6,11.759,0.0702,2.064
21,18,LWC-58,FINE-80,78.038,80.0,508.39,23.99,3.902,1028.4,11.759,0.0702,2.064
21,19,LWC-58,FINE-80,77.57,80.0,508.94,23.9,3.935,1040.0,11.759,0.0702,2.064
21,20,LWC-58,FINE-80,77.91,80.0,515.0,23.44,3.954,1030.0,11.759,0.0702,2.064
21,21,LWC-58,FINE-80,78.478,80.0,511.02,24.28,3.976,1030.8,11.759,0.0702,2.064
21,22,LWC-58,FINE-80,78.688,80.0,516.4,24.58,4.003,1030.9,11.759,0.0702,2.064
21,23,LWC-58,FINE-80,78.617,80.0,514.69,22.66,3.972,1021.2,11.759,0.0702,2.064
21,24,LWC-58,FINE-80,78.824,80.0,512.63,24.19,4.042,1029.0,11.759,0.0702,2.064
22,0,SC-52,FINE-80,51.992,80.0,374.06,13.97,2.855,1192.5,10.774,0.1053,4.681
22,1,SC-52,FINE-80,57.543,80.0,409.56,15.23,3.148,1163.3,10.774,0.1053,4.681
22,2,SC-52,FINE-80,62.165,80.0,434.12,16.05,3.262,1133.2,10.774,0.1053,4.681
22,3,SC-52,FINE-80,66.254,80.0,454.71,18.75,3.41,1103.3,10.774,0.1053,4.681
22,4,SC-52,FINE-80,68.694,80.0,465.52,18.66,3.468,1077.5,10.774,0.1053,4.681
22,5,SC-52,FINE-80,70.725,80.0,480.48,19.75,3.567,1076.1,10.774,0.1053,4.681
22,6,SC-52,FINE-80,72.399,80.0,493.61,20.96,3.652,1061.6,10.774,0.1053,4.681
22,7,SC-52,FINE-80,74.368,80.0,495.66,21.71,3.689,1055.1,10.774,0.1053,4.681
22,8,SC-52,FINE-80,75.439,80.0,503.43,21.61,3.678,1056.1,10.774,0.1053,4.681
22,9,SC-52,FINE-80,76.519,80.0,507.56,22.35,3.783,1040.6,10.774,0.1053,4.681
22,10,SC-52,FINE-80,76.614,80.0,510.86,23.14,3.758,1033.7,10.774,0.1053,4.681
22,11,SC-52,FINE-80,77.294,80.0,511.93,23.45,3.89,1027.1,10.774,0.1053,4.681
22,12,SC-52,FINE-80,78.464,80.0,514.64,23.84,3.788,1028.5,10.774,0.1053,4.681
22,13,SC-52,FINE-80,78.597,80.0,516.39,24.32,3.952,1028.7,10.774,0.1053,4.681
22,14,SC-52,FINE-80,78.96,80.0,517.4,23.9,3.939,1026.5,10.774,0.1053,4.681
22,15,SC-52,FINE-80,78.753,80.0,514.77,23.48,3.953,1033.5,10.774,0.1053,4.681
22,16,SC-52,FINE-80,78.94,80.0,514.28,24.1,3.834,1026.4,10.774,0.1053,4.681
22,17,SC-52,FINE-80,79.686,80.0,515.11,23.97,3.936,1022.4,10.774,0.1053,4.681
22,18,SC-52,FINE-80,79.823,80.0,518.08,24.04,4.018,1018.9,10.774,0.1053,4.681
22,19,SC-52,FINE-80,79.283,80.0,520.12,23.92,3.941,1023.2,10.774,0.1053,4.681
22,20,SC-52,FINE-80,79.305,80.0,516.97,23.41,3.918,1016.9,10.774,0.1053,4.681
22,21,SC-52,FINE-80,79.718,80.0,521.21,23.38,3.945,1022.1,10.774,0.1053,4.681
22,22,SC-52,FINE-80,79.561,80.0,518.5,23.86,3.977,1023.4,10.774,0.1053,4.681
22,23,SC-52,FINE-80,79.595,80.0,518.64,24.0,3.941,1019.6,10.774,0.1053,4.681
22,24,SC-52,FINE-80,79.498,80.0,518.03,23.6,4.048,1017.4,10.774,0.1053,4.681
23,0,SC-60,SC-52,61.837,52.0,436.67,18.25,3.205,1173.2,10.118,0.0899,1.649
23,1,SC-60,SC-52,60.57,52.0,428.7,17.01,3.315,1172.0,10.118,0.0899,1.649
23,2,SC-60,SC-52,59.23,52.0,425.47,17.58,3.199,1180.3,10.118,0.0899,1.649
23,3,SC-60,SC-52,59.362,52.0,417.99,17.21,3.18,1178.3,10.118,0.0899,1.649
23,4,SC-60,SC-52,57.37,52.0,409.08,15.78,3.172,1179.4,10.118,0.0899,1.649
23,5,SC-60,SC-52,56.761,52.0,406.67,15.9,3.045,1179.2,10.118,0.0899,1.649
23,6,SC-60,SC-52,56.45,52.0,404.93,16.14,3.094,1178.0,10.118,0.0899,1.649
23,7,SC-60,SC-52,55.268,52.0,402.77,15.96,3.035,1186.4,10.118,0.0899,1.649
23,8,SC-60,SC-52,55.134,52.0,399.28,15.35,3.072,1190.5,10.118,0.0899,1.649
23,9,SC-60,SC-52,55.021,52.0,399.41,16.02,2.906,1190.4,10.118,0.0899,1.649
23,10,SC-60,SC-52,54.363,52.0,390.96,15.84,2.993,1189.9,10.118,0.0899,1.649
23,11,SC-60,SC-52,54.145,52.0,393.3,15.52,2.955,1188.2,10.118,0.0899,1.649
23,12,SC-60,SC-52,53.671,52.0,387.75,15.16,2.996,1196.8,10.118,0.0899,1.649
23,13,SC-60,SC-52,52.991,52.0,391.49,15.99,2.988,1187.9,10.118,0.0899,1.649
23,14,SC-60,SC-52,53.586,52.0,388.54,16.23,2.921,1199.1,10.118,0.0899,1.649
23,15,SC-60,SC-52,54.031,52.0,388.48,15.1,2.913,1190.7,10.118,0.0899,1.649
23,16,SC-60,SC-52,53.104,52.0,384.96,14.99,2.937,1192.5,10.118,0.0899,1.649
23,17,SC-60,SC-52,53.054,52.0,388.42,15.5,2.892,1189.4,10.118,0.0899,1.649
23,18,SC-60,SC-52,53.136,52.0,387.21,15.05,2.974,1194.6,10.118,0.0899,1.649
23,19,SC-60,SC-52,52.165,52.0,385.66,15.12,2.91,1202.3,10.118,0.0899,1.649
23,20,SC-60,SC-52,53.38,52.0,383.67,15.54,2.779,1200.3,10.118,0.0899,1.649
23,21,SC-60,SC-52,52.638,52.0,384.6,14.19,2.903,1202.9,10.118,0.0899,1.649
23,22,SC-60,SC-52,53.197,52.0,381.6,15.78,2.867,1200.9,10.118,0.0899,1.649
23,23,SC-60,SC-52,52.094,52.0,384.35,15.14,2.835,1192.9,10.118,0.0899,1.649
23,24,SC-60,SC-52,53.164,52.0,385.61,14.89,2.852,1197.0,10.118,0.0899,1.649
24,0,NEWS-48,SC-52,49.758,52.0,369.55,12.17,2.718,1236.4,4.812,0.1394,1.203
24,1,NEWS-48,SC-52,51.2,52.0,378.13,13.6,2.875,1219.4,4.812,0.1394,1.203
24,2,NEWS-48,SC-52,51.793,52.0,377.49,14.27,2.818,1209.4,4.812,0.1394,1.203
24,3,NEWS-48,SC-52,51.965,52.0,375.04,13.3,2.883,1219.2,4.812,0.1394,1.203
24,4,NEWS-48,SC-52,51.614,52.0,378.76,13.99,2.954,1215.5,4.812,0.1394,1.203
24,5,NEWS-48,SC-52,51.425,52.0,375.8,14.32,2.85,1203.4,4.812,0.1394,1.203
24,6,NEWS-48,SC-52,50.563,52.0,379.57,14.0,2.869,1203.5,4.812,0.1394,1.203
24,7,NEWS-48,SC-52,50.952,52.0,376.05,14.85,2.905,1199.5,4.812,0.1394,1.203
24,8,NEWS-48,SC-52,52.914,52.0,377.35,14.52,2.829,1204.7,4.812,0.1394,1.203
24,9,NEWS-48,SC-52,50.727,52.0,380.6,14.19,2.858,1211.0,4.812,0.1394,1.203
24,10,NEWS-48,SC-52,51.41,52.0,381.5,14.65,2.898,1205.2,4.812,0.1394,1.203
24,11,NEWS-48,SC-52,52.628,52.0,380.14,14.34,2.883,1206.5,4.812,0.1394,1.203
24,12,NEWS-48,SC-52,52.069,52.0,379.03,15.39,2.929,1205.1,4.812,0.1394,1.203
24,13,NEWS-48,SC-52,52.527,52.0,375.46,15.85,3.037,1200.7,4.812,0.1394,1.203
24,14,NEWS-48,SC-52,52.3,52.0,379.33,15.05,2.904,1206.0,4.812,0.1394,1.203
24,15,NEWS-48,SC-52,52.882,52.0,380.87,15.0,2.857,1204.1,4.812,0.1394,1.203
24,16,NEWS-48,SC-52,52.162,52.0,379.21,15.03,2.97,1207.5,4.812,0.1394,1.203
24,17,NEWS-48,SC-52,52.395,52.0,379.83,15.56,2.82,1197.9,4.812,0.1394,1.203
24,18,NEWS-48,SC-52,51.54,52.0,379.53,15.55,2.83,1191.5,4.812,0.1394,1.203
24,19,NEWS-48,SC-52,52.353,52.0,379.28,14.92,2.87,1205.4,4.812,0.1394,1.203
24,20,NEWS-48,SC-52,51.748,52.0,380.09,15.11,2.886,1201.8,4.812,0.1394,1.203
24,21,NEWS-48,SC-52,51.714,52.0,379.41,15.31,2.869,1198.6,4.812,0.1394,1.203
24,22,NEWS-48,SC-52,52.55,52.0,382.85,14.42,2.898,1198.9,4.812,0.1394,1.203
24,23,NEWS-48,SC-52,52.555,52.0,375.56,15.6,2.914,1212.8,4.812,0.1394,1.203
24,24,NEWS-48,SC-52,53.042,52.0,378.89,15.86,2.953,1196.8,4.812,0.1394,1.203
25,0,SC-60,LWC-58,60.086,58.0,426.7,15.67,3.378,1189.7,6.337,0.111,4.19
25,1,SC-60,LWC-58,59.953,58.0,424.97,17.44,3.319,1195.0,6.337,0.111,4.19
25,2,SC-60,LWC-58,59.442,58.0,422.78,17.22,3.277,1182.5,6.337,0.111,4.19
25,3,SC-60,LWC-58,59.014,58.0,422.93,16.96,3.371,1176.4,6.337,0.111,4.19
25,4,SC-60,LWC-58,59.362,58.0,422.85,17.55,3.22,1163.3,6.337,0.111,4.19
25,5,SC-60,LWC-58,59.196,58.0,417.96,17.75,3.222,1160.0,6.337,0.111,4.19
25,6,SC-60,LWC-58,58.3,58.0,422.74,17.05,3.332,1165.2,6.337,0.111,4.19
25,7,SC-60,LWC-58,59.11,58.0,419.54,17.03,3.184,1162.2,6.337,0.111,4.19
25,8,SC-60,LWC-58,58.697,58.0,418.93,17.57,3.192,1156.5,6.337,0.111,4.19
25,9,SC-60,LWC-58,58.854,58.0,417.64,18.04,3.208,1158.7,6.337,0.111,4.19
25,10,SC-60,LWC-58,57.957,58.0,417.25,17.74,3.254,1164.6,6.337,0.111,4.19
25,11,SC-60,LWC-58,57.889,58.0,417.98,16.94,3.22,1159.1,6.337,0.111,4.19
25,12,SC-60,LWC-58,58.203,58.0,419.15,17.37,3.143,1149.0,6.337,0.111,4.19
25,13,SC-60,LWC-58,58.356,58.0,424.38,17.77,3.179,1153.4,6.337,0.111,4.19
25,14,SC-60,LWC-58,58.709,58.0,419.33,17.8,3.174,1149.3,6.337,0.111,4.19
25,15,SC-60,LWC-58,58.353,58.0,420.67,18.85,3.2,1150.8,6.337,0.111,4.19
25,16,SC-60,LWC-58,58.044,58.0,421.06,17.2,3.224,1150.2,6.337,0.111,4.19
25,17,SC-60,LWC-58,57.789,58.0,420.48,18.16,3.223,1149.5,6.337,0.111,4.19
25,18,SC-60,LWC-58,58.449,58.0,420.02,18.67,3.113,1145.3,6.337,0.111,4.19
25,19,SC-60,LWC-58,57.777,58.0,417.76,19.07,3.255,1150.7,6.337,0.111,4.19
25,20,SC-60,LWC-58,58.544,58.0,423.02,17.74,3.214,1148.3,6.337,0.111,4.19
25,21,SC-60,LWC-58,57.96,58.0,423.71,18.2,3.27,1136.3,6.337,0.111,4.19
25,22,SC-60,LWC-58,58.515,58.0,416.72,18.25,3.223,1161.0,6.337,0.111,4.19
25,23,SC-60,LWC-58,58.235,58.0,418.02,18.07,3.256,1156.1,6.337,0.111,4.19
25,24,SC-60,LWC-58,57.985,58.0,419.5,17.92,3.224,1148.7,6.337,0.111,4.19
26,0,SC-60,FINE-80,58.633,80.0,432.16,16.59,3.351,1178.4,9.739,0.1053,4.451
26,1,SC-60,FINE-80,64.149,80.0,459.12,18.18,3.387,1135.4,9.739,0.1053,4.451
26,2,SC-60,FINE-80,68.019,80.0,466.72,19.81,3.515,1102.8,9.739,0.1053,4.451
26,3,SC-60,FINE-80,71.637,80.0,477.31,21.6,3.72,1085.8,9.739,0.1053,4.451
26,4,SC-60,FINE-80,73.439,80.0,489.83,21.07,3.791,1057.0,9.739,0.1053,4.451
26,5,SC-60,FINE-80,74.802,80.0,495.04,20.9,3.837,1045.9,9.739,0.1053,4.451
26,6,SC-60,FINE-80,76.461,80.0,500.13,22.38,3.939,1053.9,9.739,0.1053,4.451
26,7,SC-60,FINE-80,76.672,80.0,506.5,23.54,3.874,1034.4,9.739,0.1053,4.451
26,8,SC-60,FINE-80,77.91,80.0,505.51,22.34,3.944,1034.1,9.739,0.1053,4.451
26,9,SC-60,FINE-80,78.503,80.0,507.7,22.81,3.939,1022.1,9.739,0.1053,4.451
26,10,SC-60,FINE-80,78.845,80.0,511.88,23.67,3.924,1027.5,9.739,0.1053,4.451
26,11,SC-60,FINE-80,79.005,80.0,516.77,24.94,3.974,1021.5,9.739,0.1053,4.451
26,12,SC-60,FINE-80,79.026,80.0,514.7,23.06,4.026,1015.9,9.739,0.1053,4.451
26,13,SC-60,FINE-80,79.261,80.0,519.94,23.1,4.094,1029.4,9.739,0.1053,4.451
26,14,SC-60,FINE-80,79.654,80.0,519.86,24.02,4.02,1027.9,9.739,0.1053,4.451
26,15,SC-60,FINE-80,79.384,80.0,518.59,24.49,3.868,1020.9,9.739,0.1053,4.451
26,16,SC-60,FINE-80,80.32,80.0,519.14,23.6,3.993,1026.1,9.739,0.1053,4.451
26,17,SC-60,FINE-80,79.049,80.0,519.37,23.12,3.999,1030.3,9.739,0.1053,4.451
26,18,SC-60,FINE-80,79.784,80.0,519.39,24.17,4.044,1024.3,9.739,0.1053,4.451
26,19,SC-60,FINE-80,79.944,80.0,518.54,24.27,4.007,1022.8,9.739,0.1053,4.451
26,20,SC-60,FINE-80,80.086,80.0,518.94,24.86,4.061,1021.3,9.739,0.1053,4.451
26,21,SC-60,FINE-80,79.675,80.0,517.42,24.31,4.019,1023.5,9.739,0.1053,4.451
26,22,SC-60,FINE-80,80.303,80.0,515.24,24.4,4.077,1018.3,9.739,0.1053,4.451
26,23,SC-60,FINE-80,79.554,80.0,521.94,23.86,3.978,1018.7,9.739,0.1053,4.451
26,24,SC-60,FINE-80,79.809,80.0,520.11,25.21,4.007,1022.3,9.739,0.1053,4.451
27,0,SC-52,NEWS-45,55.599,45.0,378.96,16.85,3.212,1167.2,11.58,0.1208,1.907
27,1,SC-52,NEWS-45,53.065,45.0,371.68,16.34,3.036,1198.9,11.58,0.1208,1.907
27,2,SC-52,NEWS-45,51.71,45.0,364.78,15.47,2.986,1206.2,11.58,0.1208,1.907
27,3,SC-52,NEWS-45,50.519,45.0,361.54,15.23,2.932,1203.6,11.58,0.1208,1.907
27,4,SC-52,NEWS-45,49.465,45.0,356.75,13.47,2.896,1212.1,11.58,0.1208,1.907
27,5,SC-52,NEWS-45,48.499,45.0,354.81,14.04,2.843,1224.3,11.58,0.1208,1.907
27,6,SC-52,NEWS-45,47.995,45.0,350.36,13.63,2.797,1233.3,11.58,0.1208,1.907
27,7,SC-52,NEWS-45,47.534,45.0,348.91,12.99,2.709,1221.1,11.58,0.1208,1.907
27,8,SC-52,NEWS-45,47.097,45.0,345.6,13.02,2.672,1224.0,11.58,0.1208,1.907
27,9,SC-52,NEWS-45,46.154,45.0,346.13,13.19,2.698,1232.9,11.58,0.1208,1.907
27,10,SC-52,NEWS-45,46.1,45.0,343.44,12.97,2.712,1241.4,11.58,0.1208,1.907
27,11,SC-52,NEWS-45,46.364,45.0,341.91,11.86,2.642,1243.0,11.58,0.1208,1.907
27,12,SC-52,NEWS-45,46.074,45.0,343.9,12.75,2.696,1247.6,11.58,0.1208,1.907
27,13,SC-52,NEWS-45,45.158,45.0,343.19,12.24,2.707,1237.6,11.58,0.1208,1.907
27,14,SC-52,NEWS-45,45.618,45.0,343.82,12.25,2.582,1233.2,11.58,0.1208,1.907
27,15,SC-52,NEWS-45,44.734,45.0,340.98,12.21,2.581,1250.0,11.58,0.1208,1.907
27,16,SC-52,NEWS-45,45.339,45.0,342.32,12.06,2.611,1242.3,11.58,0.1208,1.907
27,17,SC-52,NEWS-45,45.9,45.0,342.33,12.71,2.63,1237.0,11.58,0.1208,1.907
27,18,SC-52,NEWS-45,44.889,45.0,341.9,12.05,2.586,1248.3,11.58,0.1208,1.907
27,19,SC-52,NEWS-45,44.886,45.0,339.17,11.51,2.677,1252.0,11.58,0.1208,1.907
27,20,SC-52,NEWS-45,45.393,45.0,340.97,11.86,2.629,1247.8,11.58,0.1208,1.907
27,21,SC-52,NEWS-45,44.588,45.0,341.28,12.13,2.608,1246.4,11.58,0.1208,1.907
27,22,SC-52,NEWS-45,44.874,45.0,340.46,12.65,2.533,1248.1,11.58,0.1208,1.907
27,23,SC-52,NEWS-45,45.271,45.0,336.19,12.33,2.538,1247.3,11.58,0.1208,1.907
27,24,SC-52,NEWS-45,44.842,45.0,340.62,11.6,2.617,1242.5,11.58,0.1208,1.907
28,0,LWC-58,LWC-65,58.379,65.0,407.58,18.2,3.276,1173.7,5.204,0.0654,3.758
28,1,LWC-58,LWC-65,59.937,65.0,425.21,19.39,3.294,1163.8,5.204,0.0654,3.758
28,2,LWC-58,LWC-65,61.52,65.0,431.43,19.02,3.435,1145.6,5.204,0.0654,3.758
28,3,LWC-58,LWC-65,62.284,65.0,439.45,18.94,3.376,1137.3,5.204,0.0654,3.758
28,4,LWC-58,LWC-65,62.679,65.0,446.86,19.01,3.49,1137.6,5.204,0.0654,3.758
28,5,LWC-58,LWC-65,63.151,65.0,447.59,19.18,3.375,1124.2,5.204,0.0654,3.758
28,6,LWC-58,LWC-65,63.464,65.0,451.68,18.98,3.443,1132.8,5.204,0.0654,3.758
28,7,LWC-58,LWC-65,64.634,65.0,451.65,20.26,3.456,1125.8,5.204,0.0654,3.758
28,8,LWC-58,LWC-65,64.651,65.0,458.24,18.73,3.494,1120.7,5.204,0.0654,3.758
28,9,LWC-58,LWC-65,64.533,65.0,456.81,20.13,3.528,1119.6,5.204,0.0654,3.758
28,10,LWC-58,LWC-65,64.543,65.0,458.11,19.48,3.427,1115.0,5.204,0.0654,3.758
28,11,LWC-58,LWC-65,64.592,65.0,460.5,19.68,3.437,1118.7,5.204,0.0654,3.758
28,12,LWC-58,LWC-65,65.154,65.0,457.6,19.51,3.424,1119.6,5.204,0.0654,3.758
28,13,LWC-58,LWC-65,65.443,65.0,458.69,20.69,3.562,1115.4,5.204,0.0654,3.758
28,14,LWC-58,LWC-65,64.724,65.0,457.4,19.99,3.512,1120.3,5.204,0.0654,3.758
28,15,LWC-58,LWC-65,65.272,65.0,457.53,20.38,3.444,1122.7,5.204,0.0654,3.758
28,16,LWC-58,LWC-65,64.957,65.0,457.91,20.64,3.476,1119.2,5.204,0.0654,3.758
28,17,LWC-58,LWC-65,64.899,65.0,458.83,20.07,3.558,1123.5,5.204,0.0654,3.758
28,18,LWC-58,LWC-65,65.424,65.0,459.1,19.4,3.485,1116.1,5.204,0.0654,3.758
28,19,LWC-58,LWC-65,64.977,65.0,460.48,19.88,3.482,1125.1,5.204,0.0654,3.758
28,20,LWC-58,LWC-65,65.074,65.0,458.15,19.63,3.46,1120.7,5.204,0.0654,3.758
28,21,LWC-58,LWC-65,65.063,65.0,460.59,19.75,3.448,1127.8,5.204,0.0654,3.758
28,22,LWC-58,LWC-65,64.504,65.0,460.94,19.95,3.559,1132.1,5.204,0.0654,3.758
28,23,LWC-58,LWC-65,65.081,65.0,459.04,19.93,3.584,1117.7,5.204,0.0654,3.758
28,24,LWC-58,LWC-65,64.827,65.0,458.37,20.21,3.451,1117.9,5.204,0.0654,3.758
29,0,NEWS-45,LWC-65,45.257,65.0,336.67,11.9,2.689,1268.1,4.038,0.1002,3.124
29,1,NEWS-45,LWC-65,50.98,65.0,383.23,13.94,2.908,1221.4,4.038,0.1002,3.124
29,2,NEWS-45,LWC-65,55.318,65.0,404.36,15.95,3.021,1184.7,4.038,0.1002,3.124
29,3,NEWS-45,LWC-65,58.174,65.0,427.8,17.18,3.24,1167.4,4.038,0.1002,3.124
29,4,NEWS-45,LWC-65,59.611,65.0,432.89,17.88,3.318,1152.6,4.038,0.1002,3.124
29,5,NEWS-45,LWC-65,61.756,65.0,444.62,17.43,3.282,1138.7,4.038,0.1002,3.124
29,6,NEWS-45,LWC-65,62.543,65.0,449.23,18.39,3.447,1137.8,4.038,0.1002,3.124
29,7,NEWS-45,LWC-65,63.331,65.0,450.6,19.11,3.421,1134.2,4.038,0.1002,3.124
29,8,NEWS-45,LWC-65,63.572,65.0,453.98,19.71,3.444,1121.4,4.038,0.1002,3.124
29,9,NEWS-45,LWC-65,63.853,65.0,456.55,18.86,3.446,1124.9,4.038,0.1002,3.124
29,10,NEWS-45,LWC-65,64.688,65.0,456.01,19.64,3.464,1123.5,4.038,0.1002,3.124
29,11,NEWS-45,LWC-65,64.928,65.0,457.94,18.96,3.545,1126.2,4.038,0.1002,3.124
29,12,NEWS-45,LWC-65,64.842,65.0,454.23,20.33,3.535,1119.1,4.038,0.1002,3.124
29,13,NEWS-45,LWC-65,64.257,65.0,460.72,19.99,3.538,1117.9,4.038,0.1002,3.124
29,14,NEWS-45,LWC-65,65.005,65.0,461.98,19.23,3.5,1121.4,4.038,0.1002,3.124
29,15,NEWS-45,LWC-65,64.363,65.0,460.59,19.25,3.538,1126.3,4.038,0.1002,3.124
29,16,NEWS-45,LWC-65,64.733,65.0,464.32,20.14,3.454,1114.3,4.038,0.1002,3.124
29,17,NEWS-45,LWC-65,65.211,65.0,461.22,20.65,3.526,1115.1,4.038,0.1002,3.124
29,18,NEWS-45,LWC-65,65.163,65.0,462.19,19.42,3.49,1117.5,4.038,0.1002,3.124
29,19,NEWS-45,LWC-65,65.113,65.0,462.41,20.37,3.395,1118.4,4.038,0.1002,3.124
29,20,NEWS-45,LWC-65,65.377,65.0,454.45,19.71,3.419,1111.2,4.038,0.1002,3.124
29,21,NEWS-45,LWC-65,65.156,65.0,460.82,20.4,3.466,1127.5,4.038,0.1002,3.124
29,22,NEWS-45,LWC-65,64.386,65.0,457.21,20.33,3.52,1119.4,4.038,0.1002,3.124
29,23,NEWS-45,LWC-65,64.883,65.0,457.62,20.07,3.466,1118.6,4.038,0.1002,3.124
29,24,NEWS-45,LWC-65,64.983,65.0,457.98,19.08,3.47,1128.1,4.038,0.1002,3.124
30,0,SC-60,FINE-90,56.431,90.0,422.91,16.32,3.222,1149.6,7.78,0.1385,2.598
30,1,SC-60,FINE-90,60.925,90.0,444.99,17.74,3.457,1135.2,7.78,0.1385,2.598
30,2,SC-60,FINE-90,65.329,90.0,463.41,19.76,3.586,1120.5,7.78,0.1385,2.598
30,3,SC-60,FINE-90,67.717,90.0,475.66,20.07,3.669,1104.3,7.78,0.1385,2.598
30,4,SC-60,FINE-90,70.83,90.0,489.08,21.36,3.712,1081.3,7.78,0.1385,2.598
30,5,SC-60,FINE-90,73.827,90.0,500.98,22.59,3.775,1070.5,7.78,0.1385,2.598
30,6,SC-60,FINE-90,76.419,90.0,510.04,23.19,3.824,1058.4,7.78,0.1385,2.598
30,7,SC-60,FINE-90,77.715,90.0,520.25,23.7,3.925,1042.9,7.78,0.1385,2.598
30,8,SC-60,FINE-90,79.166,90.0,527.96,24.26,3.952,1044.6,7.78,0.1385,2.598
30,9,SC-60,FINE-90,81.135,90.0,533.74,24.43,3.96,1034.6,7.78,0.1385,2.598
30,10,SC-60,FINE-90,82.159,90.0,538.95,24.17,4.114,1035.0,7.78,0.1385,2.598
30,11,SC-60,FINE-90,83.512,90.0,546.3,25.08,4.047,1017.8,7.78,0.1385,2.598
30,12,SC-60,FINE-90,83.658,90.0,547.64,25.77,4.188,1022.3,7.78,0.1385,2.598
30,13,SC-60,FINE-90,85.206,90.0,551.65,25.69,4.182,1018.1,7.78,0.1385,2.598
30,14,SC-60,FINE-90,85.069,90.0,552.07,26.14,4.196,1008.6,7.78,0.1385,2.598
30,15,SC-60,FINE-90,86.045,90.0,557.21,25.81,4.282,994.1,7.78,0.1385,2.598
30,16,SC-60,FINE-90,86.773,90.0,556.48,26.73,4.149,999.3,7.78,0.1385,2.598
30,17,SC-60,FINE-90,87.154,90.0,560.01,25.07,4.269,1008.1,7.78,0.1385,2.598
30,18,SC-60,FINE-90,87.805,90.0,557.98,26.52,4.221,998.4,7.78,0.1385,2.598
30,19,SC-60,FINE-90,87.275,90.0,562.37,27.21,4.374,998.3,7.78,0.1385,2.598
30,20,SC-60,FINE-90,88.157,90.0,561.21,27.35,4.234,992.6,7.78,0.1385,2.598
30,21,SC-60,FINE-90,88.727,90.0,566.01,26.55,4.233,990.3,7.78,0.1385,2.598
30,22,SC-60,FINE-90,88.603,90.0,566.72,26.05,4.287,980.7,7.78,0.1385,2.598
30,23,SC-60,FINE-90,88.432,90.0,564.74,27.44,4.26,992.8,7.78,0.1385,2.598
30,24,SC-60,FINE-90,89.241,90.0,570.39,26.77,4.237,993.1,7.78,0.1385,2.598
31,0,LWC-65,LWC-58,66.747,58.0,454.71,20.91,3.403,1113.0,5.584,0.065,4.202
31,1,LWC-65,LWC-58,64.278,58.0,448.5,20.85,3.353,1122.2,5.584,0.065,4.202
31,2,LWC-65,LWC-58,62.454,58.0,438.82,20.51,3.335,1129.5,5.584,0.065,4.202
31,3,LWC-65,LWC-58,62.118,58.0,430.9,19.47,3.236,1134.4,5.584,0.065,4.202
31,4,LWC-65,LWC-58,60.837,58.0,430.96,19.23,3.328,1140.7,5.584,0.065,4.202
31,5,LWC-65,LWC-58,60.504,58.0,428.43,19.72,3.327,1142.6,5.584,0.065,4.202
31,6,LWC-65,LWC-58,60.094,58.0,427.64,19.16,3.23,1145.1,5.584,0.065,4.202
31,7,LWC-65,LWC-58,59.245,58.0,424.75,18.41,3.264,1153.4,5.584,0.065,4.202
31,8,LWC-65,LWC-58,58.536,58.0,423.78,18.07,3.268,1147.3,5.584,0.065,4.202
31,9,LWC-65,LWC-58,58.645,58.0,421.51,18.76,3.218,1158.7,5.584,0.065,4.202
31,10,LWC-65,LWC-58,58.332,58.0,421.49,18.57,3.162,1150.1,5.584,0.065,4.202
31,11,LWC-65,LWC-58,57.81,58.0,422.63,18.32,3.293,1146.5,5.584,0.065,4.202
31,12,LWC-65,LWC-58,58.155,58.0,417.21,17.92,3.191,1155.8,5.584,0.065,4.202
31,13,LWC-65,LWC-58,58.21,58.0,420.3,18.02,3.178,1148.9,5.584,0.065,4.202
31,14,LWC-65,LWC-58,57.982,58.0,422.09,17.97,3.288,1137.5,5.584,0.065,4.202
31,15,LWC-65,LWC-58,57.901,58.0,423.82,17.88,3.236,1149.6,5.584,0.065,4.202
31,16,LWC-65,LWC-58,57.717,58.0,419.61,17.72,3.217,1148.5,5.584,0.065,4.202
31,17,LWC-65,LWC-58,58.135,58.0,422.68,18.15,3.155,1157.8,5.584,0.065,4.202
31,18,LWC-65,LWC-58,58.618,58.0,423.62,17.69,3.243,1145.4,5.584,0.065,4.202
31,19,LWC-65,LWC-58,58.427,58.0,419.41,18.1,3.347,1148.2,5.584,0.065,4.202
31,20,LWC-65,LWC-58,58.229,58.0,419.02,16.96,3.245,1156.3,5.584,0.065,4.202
31,21,LWC-65,LWC-58,58.228,58.0,419.74,17.7,3.226,1151.9,5.584,0.065,4.202
31,22,LWC-65,LWC-58,57.979,58.0,419.92,18.55,3.237,1149.1,5.584,0.065,4.202
31,23,LWC-65,LWC-58,57.473,58.0,422.24,17.55,3.184,1146.2,5.584,0.065,4.202
31,24,LWC-65,LWC-58,57.9,58.0,418.5,18.3,3.184,1151.7,5.584,0.065,4.202
32,0,NEWS-45,SC-60,41.277,60.0,358.09,11.87,2.734,1229.7,12.777,0.0672,3.719
32,1,NEWS-45,SC-60,45.069,60.0,371.74,12.25,2.735,1221.4,12.777,0.0672,3.719
32,2,NEWS-45,SC-60,47.396,60.0,384.95,13.83,2.813,1210.1,12.777,0.0672,3.719
32,3,NEWS-45,SC-60,49.603,60.0,392.21,14.16,2.848,1204.5,12.777,0.0672,3.719
32,4,NEWS-45,SC-60,51.832,60.0,401.77,15.29,3.052,1199.7,12.777,0.0672,3.719
32,5,NEWS-45,SC-60,52.921,60.0,412.3,14.67,3.028,1188.2,12.777,0.0672,3.719
32,6,NEWS-45,SC-60,53.961,60.0,413.47,15.1,3.167,1185.3,12.777,0.0672,3.719
32,7,NEWS-45,SC-60,55.928,60.0,416.36,15.71,3.178,1189.4,12.777,0.0672,3.719
32,8,NEWS-45,SC-60,56.129,60.0,420.92,15.98,3.131,1174.5,12.777,0.0672,3.719
32,9,NEWS-45,SC-60,56.692,60.0,421.94,16.09,3.111,1180.7,12.777,0.0672,3.719
32,10,NEWS-45,SC-60,57.392,60.0,424.74,17.73,3.215,1173.3,12.777,0.0672,3.719
32,11,NEWS-45,SC-60,57.82,60.0,423.69,17.56,3.189,1181.1,12.777,0.0672,3.719
32,12,NEWS-45,SC-60,58.394,60.0,426.27,16.77,3.236,1174.4,12.777,0.0672,3.719
32,13,NEWS-45,SC-60,58.4,60.0,425.94,16.91,3.298,1173.7,12.777,0.0672,3.719
32,14,NEWS-45,SC-60,59.115,60.0,424.24,16.64,3.173,1181.6,12.777,0.0672,3.719
32,15,NEWS-45,SC-60,59.353,60.0,429.29,16.28,3.277,1167.0,12.777,0.0672,3.719
32,16,NEWS-45,SC-60,58.934,60.0,426.24,16.76,3.308,1173.0,12.777,0.0672,3.719
32,17,NEWS-45,SC-60,59.258,60.0,428.67,17.26,3.316,1170.7,12.777,0.0672,3.719
32,18,NEWS-45,SC-60,59.391,60.0,431.07,17.56,3.211,1173.9,12.777,0.0672,3.719
32,19,NEWS-45,SC-60,59.583,60.0,426.4,17.42,3.304,1180.7,12.777,0.0672,3.719
32,20,NEWS-45,SC-60,60.026,60.0,430.74,16.18,3.346,1167.8,12.777,0.0672,3.719
32,21,NEWS-45,SC-60,60.099,60.0,429.04,16.81,3.306,1164.7,12.777,0.0672,3.719
32,22,NEWS-45,SC-60,60.552,60.0,427.78,16.23,3.285,1166.5,12.777,0.0672,3.719
32,23,NEWS-45,SC-60,59.158,60.0,433.83,17.55,3.349,1169.3,12.777,0.0672,3.719
32,24,NEWS-45,SC-60,59.592,60.0,429.83,16.77,3.259,1170.7,12.777,0.0672,3.719
33,0,FINE-90,SC-60,94.351,60.0,567.61,27.69,4.221,959.6,9.271,0.1066,3.577
33,1,FINE-90,SC-60,89.399,60.0,545.6,26.85,4.104,986.7,9.271,0.1066,3.577
33,2,FINE-90,SC-60,85.085,60.0,525.98,25.1,3.996,1008.9,9.271,0.1066,3.577
33,3,FINE-90,SC-60,81.041,60.0,515.4,23.9,3.839,1040.6,9.271,0.1066,3.577
33,4,FINE-90,SC-60,78.054,60.0,502.4,23.64,3.753,1050.8,9.271,0.1066,3.577
33,5,FINE-90,SC-60,75.464,60.0,490.23,22.46,3.734,1064.2,9.271,0.1066,3.577
33,6,FINE-90,SC-60,72.976,60.0,479.68,21.29,3.575,1089.1,9.271,0.1066,3.577
33,7,FINE-90,SC-60,70.786,60.0,475.98,21.09,3.567,1091.2,9.271,0.1066,3.577
33,8,FINE-90,SC-60,69.346,60.0,465.02,19.68,3.661,1105.5,9.271,0.1066,3.577
33,9,FINE-90,SC-60,67.725,60.0,460.07,19.98,3.507,1118.9,9.271,0.1066,3.577
33,10,FINE-90,SC-60,66.846,60.0,454.84,18.71,3.467,1123.2,9.271,0.1066,3.577
33,11,FINE-90,SC-60,65.276,60.0,450.3,18.63,3.444,1137.7,9.271,0.1066,3.577
33,12,FINE-90,SC-60,65.047,60.0,448.91,19.12,3.42,1130.5,9.271,0.1066,3.577
33,13,FINE-90,SC-60,63.719,60.0,443.58,17.24,3.445,1138.5,9.271,0.1066,3.577
33,14,FINE-90,SC-60,63.46,60.0,441.09,19.26,3.424,1143.1,9.271,0.1066,3.577
33,15,FINE-90,SC-60,63.199,60.0,441.88,18.59,3.364,1150.5,9.271,0.1066,3.577
33,16,FINE-90,SC-60,62.831,60.0,437.85,17.09,3.36,1156.9,9.271,0.1066,3.577
33,17,FINE-90,SC-60,62.409,60.0,437.71,19.07,3.426,1153.6,9.271,0.1066,3.577
33,18,FINE-90,SC-60,61.975,60.0,435.58,19.08,3.275,1154.8,9.271,0.1066,3.577
33,19,FINE-90,SC-60,61.263,60.0,435.25,17.55,3.34,1150.1,9.271,0.1066,3.577
33,20,FINE-90,SC-60,61.655,60.0,433.09,17.09,3.343,1159.8,9.271,0.1066,3.577
33,21,FINE-90,SC-60,60.829,60.0,432.45,18.32,3.292,1157.5,9.271,0.1066,3.577
33,22,FINE-90,SC-60,61.314,60.0,431.5,17.24,3.321,1165.1,9.271,0.1066,3.577
33,23,FINE-90,SC-60,61.027,60.0,434.33,17.44,3.277,1161.1,9.271,0.1066,3.577
33,24,FINE-90,SC-60,61.121,60.0,432.57,17.91,3.351,1162.9,9.271,0.1066,3.577
34,0,LWC-65,NEWS-48,64.839,48.5,464.58,20.39,3.468,1108.4,13.061,0.071,0.745
34,1,LWC-65,NEWS-48,65.564,48.5,447.06,17.76,3.356,1112.6,13.061,0.071,0.745
34,2,LWC-65,NEWS-48,63.161,48.5,433.85,18.6,3.281,1128.6,13.061,0.071,0.745
34,3,LWC-65,NEWS-48,60.088,48.5,428.14,17.52,3.165,1140.9,13.061,0.071,0.745
34,4,LWC-65,NEWS-48,59.666,48.5,416.65,16.76,3.148,1157.2,13.061,0.071,0.745
34,5,LWC-65,NEWS-48,57.542,48.5,409.45,16.99,3.081,1165.8,13.061,0.071,0.745
34,6,LWC-65,NEWS-48,54.928,48.5,403.63,16.86,3.061,1171.6,13.061,0.071,0.745
34,7,LWC-65,NEWS-48,55.566,48.5,390.5,16.07,2.935,1179.8,13.061,0.071,0.745
34,8,LWC-65,NEWS-48,54.033,48.5,391.98,15.12,2.994,1178.2,13.061,0.071,0.745
34,9,LWC-65,NEWS-48,53.746,48.5,384.87,14.53,2.993,1192.1,13.061,0.071,0.745
34,10,LWC-65,NEWS-48,54.387,48.5,381.42,13.3,2.903,1194.5,13.061,0.071,0.745
34,11,LWC-65,NEWS-48,52.647,48.5,380.36,14.67,2.921,1195.8,13.061,0.071,0.745
34,12,LWC-65,NEWS-48,51.133,48.5,376.02,14.66,2.882,1195.3,13.061,0.071,0.745
34,13,LWC-65,NEWS-48,52.273,48.5,375.57,14.15,2.816,1206.3,13.061,0.071,0.745
34,14,LWC-65,NEWS-48,51.399,48.5,372.28,14.51,2.777,1210.9,13.061,0.071,0.745
34,15,LWC-65,NEWS-48,49.857,48.5,370.96,13.25,2.768,1203.1,13.061,0.071,0.745
34,16,LWC-65,NEWS-48,49.184,48.5,368.15,13.71,2.815,1213.9,13.061,0.071,0.745
34,17,LWC-65,NEWS-48,49.431,48.5,365.71,13.57,2.786,1216.4,13.061,0.071,0.745
34,18,LWC-65,NEWS-48,50.662,48.5,365.26,13.55,2.842,1214.7,13.061,0.071,0.745
34,19,LWC-65,NEWS-48,49.555,48.5,365.58,14.11,2.809,1220.9,13.061,0.071,0.745
34,20,LWC-65,NEWS-48,49.692,48.5,368.65,13.41,2.801,1219.7,13.061,0.071,0.745
34,21,LWC-65,NEWS-48,48.407,48.5,367.22,13.25,2.767,1222.9,13.061,0.071,0.745
34,22,LWC-65,NEWS-48,50.045,48.5,362.37,12.88,2.7,1225.2,13.061,0.071,0.745
34,23,LWC-65,NEWS-48,47.625,48.5,363.28,13.97,2.758,1226.1,13.061,0.071,0.745
34,24,LWC-65,NEWS-48,48.619,48.5,362.14,12.55,2.74,1229.3,13.061,0.071,0.745
35,0,LWC-58,LWC-65,57.055,65.0,423.06,19.42,3.282,1149.4,12.192,0.1029,4.37
35,1,LWC-58,LWC-65,58.455,65.0,427.81,19.08,3.255,1137.2,12.192,0.1029,4.37
35,2,LWC-58,LWC-65,59.107,65.0,434.27,18.97,3.254,1138.3,12.192,0.1029,4.37
35,3,LWC-58,LWC-65,60.549,65.0,440.04,19.15,3.363,1142.4,12.192,0.1029,4.37
35,4,LWC-58,LWC-65,61.082,65.0,445.93,18.73,3.349,1135.9,12.192,0.1029,4.37
35,5,LWC-58,LWC-65,62.089,65.0,446.09,19.78,3.449,1130.8,12.192,0.1029,4.37
35,6,LWC-58,LWC-65,62.931,65.0,447.15,19.02,3.375,1126.6,12.192,0.1029,4.37
35,7,LWC-58,LWC-65,63.025,65.0,450.9,19.41,3.378,1123.4,12.192,0.1029,4.37
35,8,LWC-58,LWC-65,63.035,65.0,451.96,19.99,3.441,1120.3,12.192,0.1029,4.37
35,9,LWC-58,LWC-65,63.795,65.0,450.75,19.59,3.358,1131.9,12.192,0.1029,4.37
35,10,LWC-58,LWC-65,63.976,65.0,451.85,19.5,3.431,1130.2,12.192,0.1029,4.37
35,11,LWC-58,LWC-65,64.677,65.0,452.82,19.19,3.445,1119.7,12.192,0.1029,4.37
35,12,LWC-58,LWC-65,64.303,65.0,461.23,20.42,3.479,1124.1,12.192,0.1029,4.37
35,13,LWC-58,LWC-65,64.189,65.0,458.62,19.43,3.424,1122.6,12.192,0.1029,4.37
35,14,LWC-58,LWC-65,64.709,65.0,456.24,19.57,3.434,1127.6,12.192,0.1029,4.37
35,15,LWC-58,LWC-65,64.533,65.0,460.08,18.99,3.539,1123.3,12.192,0.1029,4.37
35,16,LWC-58,LWC-65,64.671,65.0,457.09,19.89,3.484,1121.0,12.192,0.1029,4.37
35,17,LWC-58,LWC-65,64.432,65.0,460.67,19.75,3.53,1118.2,12.192,0.1029,4.37
35,18,LWC-58,LWC-65,64.725,65.0,458.93,20.02,3.462,1122.5,12.192,0.1029,4.37
35,19,LWC-58,LWC-65,64.814,65.0,457.66,19.35,3.488,1118.9,12.192,0.1029,4.37
35,20,LWC-58,LWC-65,64.801,65.0,460.51,20.31,3.503,1121.6,12.192,0.1029,4.37
35,21,LWC-58,LWC-65,64.691,65.0,459.57,19.04,3.581,1120.1,12.192,0.1029,4.37
35,22,LWC-58,LWC-65,64.978,65.0,460.21,19.92,3.484,1118.5,12.192,0.1029,4.37
35,23,LWC-58,LWC-65,64.634,65.0,459.94,20.02,3.487,1115.4,12.192,0.1029,4.37
35,24,LWC-58,LWC-65,64.579,65.0,460.01,20.0,3.551,1122.8,12.192,0.1029,4.37
36,0,FINE-80,NEWS-48,86.471,48.5,521.83,22.32,3.972,994.3,11.456,0.1396,3.495
36,1,FINE-80,NEWS-48,78.956,48.5,488.28,19.93,3.797,1030.1,11.456,0.1396,3.495
36,2,FINE-80,NEWS-48,72.544,48.5,466.55,18.94,3.61,1062.8,11.456,0.1396,3.495
36,3,FINE-80,NEWS-48,67.218,48.5,445.95,17.57,3.428,1098.4,11.456,0.1396,3.495
36,4,FINE-80,NEWS-48,63.665,48.5,427.05,15.71,3.36,1113.3,11.456,0.1396,3.495
36,5,FINE-80,NEWS-48,61.208,48.5,417.73,14.03,3.2,1136.3,11.456,0.1396,3.495
36,6,FINE-80,NEWS-48,58.412,48.5,405.83,14.77,3.071,1153.6,11.456,0.1396,3.495
36,7,FINE-80,NEWS-48,56.071,48.5,393.45,14.11,3.039,1173.5,11.456,0.1396,3.495
36,8,FINE-80,NEWS-48,54.056,48.5,389.38,13.77,2.93,1183.7,11.456,0.1396,3.495
36,9,FINE-80,NEWS-48,53.119,48.5,384.39,14.22,2.828,1184.3,11.456,0.1396,3.495
36,10,FINE-80,NEWS-48,51.954,48.5,378.51,13.63,2.851,1193.8,11.456,0.1396,3.495
36,11,FINE-80,NEWS-48,51.031,48.5,378.45,12.93,2.864,1192.9,11.456,0.1396,3.495
36,12,FINE-80,NEWS-48,51.191,48.5,375.51,12.71,2.887,1195.8,11.456,0.1396,3.495
36,13,FINE-80,NEWS-48,50.473,48.5,369.76,13.1,2.768,1204.0,11.456,0.1396,3.495
36,14,FINE-80,NEWS-48,50.594,48.5,367.56,12.72,2.843,1219.2,11.456,0.1396,3.495
36,15,FINE-80,NEWS-48,49.439,48.5,366.66,13.1,2.716,1220.3,11.456,0.1396,3.495
36,16,FINE-80,NEWS-48,49.485,48.5,365.22,13.61,2.717,1220.7,11.456,0.1396,3.495
36,17,FINE-80,NEWS-48,48.866,48.5,363.37,12.38,2.825,1213.4,11.456,0.1396,3.495
36,18,FINE-80,NEWS-48,48.946,48.5,356.28,13.1,2.746,1218.7,11.456,0.1396,3.495
36,19,FINE-80,NEWS-48,48.931,48.5,366.51,13.5,2.728,1219.3,11.456,0.1396,3.495
36,20,FINE-80,NEWS-48,48.783,48.5,362.43,12.99,2.742,1223.9,11.456,0.1396,3.495
36,21,FINE-80,NEWS-48,48.831,48.5,361.62,13.38,2.665,1224.5,11.456,0.1396,3.495
36,22,FINE-80,NEWS-48,49.042,48.5,362.25,12.87,2.704,1221.4,11.456,0.1396,3.495
36,23,FINE-80,NEWS-48,48.96,48.5,361.14,13.1,2.717,1228.8,11.456,0.1396,3.495
36,24,FINE-80,NEWS-48,48.428,48.5,360.19,13.23,2.776,1228.7,11.456,0.1396,3.495
37,0,SC-60,FINE-90,58.329,90.0,436.46,16.29,3.146,1192.2,12.058,0.126,4.407
37,1,SC-60,FINE-90,63.447,90.0,458.15,18.25,3.375,1158.5,12.058,0.126,4.407
37,2,SC-60,FINE-90,66.509,90.0,469.94,19.03,3.417,1135.7,12.058,0.126,4.407
37,3,SC-60,FINE-90,70.108,90.0,486.53,20.68,3.68,1103.8,12.058,0.126,4.407
37,4,SC-60,FINE-90,72.625,90.0,498.5,21.69,3.715,1100.2,12.058,0.126,4.407
37,5,SC-60,FINE-90,74.611,90.0,507.76,21.75,3.681,1080.4,12.058,0.126,4.407
37,6,SC-60,FINE-90,76.675,90.0,512.88,23.2,3.83,1064.9,12.058,0.126,4.407
37,7,SC-60,FINE-90,78.741,90.0,523.1,23.85,3.866,1052.3,12.058,0.126,4.407
37,8,SC-60,FINE-90,80.38,90.0,532.82,23.02,3.914,1041.4,12.058,0.126,4.407
37,9,SC-60,FINE-90,82.548,90.0,530.9,24.49,4.0,1041.9,12.058,0.126,4.407
37,10,SC-60,FINE-90,83.239,90.0,539.02,24.46,3.987,1028.0,12.058,0.126,4.407
37,11,SC-60,FINE-90,84.241,90.0,545.92,25.69,4.107,1019.2,12.058,0.126,4.407
37,12,SC-60,FINE-90,84.652,90.0,546.98,25.06,4.134,1012.4,12.058,0.126,4.407
37,13,SC-60,FINE-90,85.583,90.0,551.96,24.89,4.143,1012.2,12.058,0.126,4.407
37,14,SC-60,FINE-90,86.877,90.0,555.85,25.75,4.148,1005.4,12.058,0.126,4.407
37,15,SC-60,FINE-90,86.355,90.0,555.82,25.49,4.202,1000.7,12.058,0.126,4.407
37,16,SC-60,FINE-90,87.315,90.0,558.38,26.52,4.226,993.5,12.058,0.126,4.407
37,17,SC-60,FINE-90,88.056,90.0,559.28,25.82,4.224,1002.5,12.058,0.126,4.407
37,18,SC-60,FINE-90,88.202,90.0,561.19,26.32,4.149,994.7,12.058,0.126,4.407
37,19,SC-60,FINE-90,88.745,90.0,566.09,27.2,4.186,987.9,12.058,0.126,4.407
37,20,SC-60,FINE-90,88.519,90.0,562.87,27.06,4.222,990.2,12.058,0.126,4.407
37,21,SC-60,FINE-90,88.853,90.0,563.25,26.82,4.17,992.8,12.058,0.126,4.407
37,22,SC-60,FINE-90,88.89,90.0,566.87,26.58,4.262,988.8,12.058,0.126,4.407
37,23,SC-60,FINE-90,89.177,90.0,563.81,26.88,4.328,988.5,12.058,0.126,4.407
37,24,SC-60,FINE-90,88.88,90.0,564.89,27.08,4.326,986.7,12.058,0.126,4.407
38,0,FINE-90,SC-52,91.739,52.0,555.35,26.85,4.287,994.8,9.596,0.0823,2.07
38,1,FINE-90,SC-52,84.325,52.0,522.18,24.86,4.05,1026.5,9.596,0.0823,2.07
38,2,FINE-90,SC-52,77.803,52.0,497.89,22.57,3.839,1051.8,9.596,0.0823,2.07
38,3,FINE-90,SC-52,72.569,52.0,476.71,22.24,3.744,1085.4,9.596,0.0823,2.07
38,4,FINE-90,SC-52,68.01,52.0,458.38,20.0,3.547,1096.5,9.596,0.0823,2.07
38,5,FINE-90,SC-52,65.406,52.0,440.84,17.57,3.47,1111.4,9.596,0.0823,2.07
38,6,FINE-90,SC-52,62.984,52.0,429.3,18.27,3.222,1130.7,9.596,0.0823,2.07
38,7,FINE-90,SC-52,60.644,52.0,423.71,18.24,3.197,1133.6,9.596,0.0823,2.07
38,8,FINE-90,SC-52,58.781,52.0,410.03,16.64,3.165,1146.5,9.596,0.0823,2.07
38,9,FINE-90,SC-52,57.634,52.0,407.22,16.2,3.008,1170.8,9.596,0.0823,2.07
38,10,FINE-90,SC-52,56.447,52.0,403.29,15.94,3.124,1160.2,9.596,0.0823,2.07
38,11,FINE-90,SC-52,55.777,52.0,394.75,15.56,3.065,1167.6,9.596,0.0823,2.07
38,12,FINE-90,SC-52,55.076,52.0,395.33,15.64,2.989,1178.4,9.596,0.0823,2.07
38,13,FINE-90,SC-52,54.182,52.0,394.01,16.17,2.977,1182.4,9.596,0.0823,2.07
38,14,FINE-90,SC-52,53.604,52.0,386.89,16.34,3.032,1183.7,9.596,0.0823,2.07
38,15,FINE-90,SC-52,53.325,52.0,391.35,14.25,2.916,1177.5,9.596,0.0823,2.07
38,16,FINE-90,SC-52,53.319,52.0,384.52,15.18,3.01,1193.9,9.596,0.0823,2.07
38,17,FINE-90,SC-52,52.827,52.0,386.48,15.45,2.924,1189.2,9.596,0.0823,2.07
38,18,FINE-90,SC-52,52.519,52.0,384.17,15.34,2.967,1199.0,9.596,0.0823,2.07
38,19,FINE-90,SC-52,52.597,52.0,383.67,16.14,2.928,1190.9,9.596,0.0823,2.07
38,20,FINE-90,SC-52,52.811,52.0,380.31,14.15,3.031,1200.0,9.596,0.0823,2.07
38,21,FINE-90,SC-52,52.424,52.0,384.86,13.83,2.871,1202.4,9.596,0.0823,2.07
38,22,FINE-90,SC-52,52.225,52.0,382.56,16.13,2.884,1194.3,9.596,0.0823,2.07
38,23,FINE-90,SC-52,52.343,52.0,384.8,15.46,2.835,1201.6,9.596,0.0823,2.07
38,24,FINE-90,SC-52,52.223,52.0,378.75,14.78,2.853,1191.1,9.596,0.0823,2.07
39,0,SC-60,NEWS-45,65.099,45.0,421.44,17.56,3.374,1172.9,12.745,0.0635,1.675
39,1,SC-60,NEWS-45,61.775,45.0,407.3,17.4,3.334,1185.5,12.745,0.0635,1.675
39,2,SC-60,NEWS-45,59.365,45.0,392.76,15.74,3.244,1195.1,12.745,0.0635,1.675
39,3,SC-60,NEWS-45,57.032,45.0,389.06,15.41,3.049,1193.8,12.745,0.0635,1.675
39,4,SC-60,NEWS-45,55.067,45.0,380.53,14.39,2.889,1206.3,12.745,0.0635,1.675
39,5,SC-60,NEWS-45,52.665,45.0,374.15,13.88,2.992,1210.4,12.745,0.0635,1.675
39,6,SC-60,NEWS-45,52.708,45.0,367.24,14.29,2.823,1222.5,12.745,0.0635,1.675
39,7,SC-60,NEWS-45,51.742,45.0,366.23,13.46,2.798,1224.0,12.745,0.0635,1.675
39,8,SC-60,NEWS-45,49.854,45.0,365.54,13.53,2.794,1224.6,12.745,0.0635,1.675
39,9,SC-60,NEWS-45,49.813,45.0,355.73,14.14,2.713,1222.5,12.745,0.0635,1.675
39,10,SC-60,NEWS-45,48.618,45.0,357.43,13.92,2.676,1223.8,12.745,0.0635,1.675
39,11,SC-60,NEWS-45,48.136,45.0,353.03,14.09,2.656,1235.8,12.745,0.0635,1.675
39,12,SC-60,NEWS-45,48.365,45.0,350.41,13.66,2.774,1232.9,12.745,0.0635,1.675
39,13,SC-60,NEWS-45,46.957,45.0,348.01,13.92,2.725,1241.6,12.745,0.0635,1.675
39,14,SC-60,NEWS-45,46.6,45.0,347.15,12.83,2.684,1231.7,12.745,0.0635,1.675
39,15,SC-60,NEWS-45,47.5,45.0,348.45,12.08,2.536,1249.2,12.745,0.0635,1.675
39,16,SC-60,NEWS-45,46.404,45.0,342.89,11.95,2.666,1245.8,12.745,0.0635,1.675
39,17,SC-60,NEWS-45,46.783,45.0,343.8,13.08,2.657,1244.0,12.745,0.0635,1.675
39,18,SC-60,NEWS-45,45.373,45.0,346.15,12.36,2.561,1252.8,12.745,0.0635,1.675
39,19,SC-60,NEWS-45,45.249,45.0,345.04,12.35,2.634,1249.9,12.745,0.0635,1.675
39,20,SC-60,NEWS-45,45.375,45.0,340.34,11.97,2.67,1243.4,12.745,0.0635,1.675
39,21,SC-60,NEWS-45,45.446,45.0,341.81,11.99,2.642,1246.8,12.745,0.0635,1.675
39,22,SC-60,NEWS-45,44.951,45.0,343.28,12.37,2.577,1237.1,12.745,0.0635,1.675
39,23,SC-60,NEWS-45,45.631,45.0,342.86,11.62,2.61,1252.6,12.745,0.0635,1.675
39,24,SC-60,NEWS-45,45.589,45.0,343.24,12.26,2.644,1246.2,12.745,0.0635,1.675
40,0,FINE-80,FINE-90,82.031,90.0,523.66,24.24,3.846,1039.7,5.072,0.1007,3.81
40,1,FINE-80,FINE-90,83.221,90.0,527.95,23.69,3.877,1034.9,5.072,0.1007,3.81
40,2,FINE-80,FINE-90,84.5,90.0,533.89,25.5,3.901,1015.1,5.072,0.1007,3.81
40,3,FINE-80,FINE-90,85.638,90.0,542.49,25.59,4.05,1008.5,5.072,0.1007,3.81
40,4,FINE-80,FINE-90,86.394,90.0,543.9,24.94,4.072,996.9,5.072,0.1007,3.81
40,5,FINE-80,FINE-90,86.73,90.0,550.21,25.87,4.166,1008.0,5.072,0.1007,3.81
40,6,FINE-80,FINE-90,87.269,90.0,554.63,26.35,4.172,1002.5,5.072,0.1007,3.81
40,7,FINE-80,FINE-90,87.59,90.0,552.98,25.47,4.179,1000.1,5.072,0.1007,3.81
40,8,FINE-80,FINE-90,88.583,90.0,556.46,26.26,4.171,987.9,5.072,0.1007,3.81
40,9,FINE-80,FINE-90,88.287,90.0,559.75,26.32,4.257,983.5,5.072,0.1007,3.81
40,10,FINE-80,FINE-90,88.644,90.0,561.07,26.15,4.309,983.1,5.072,0.1007,3.81
40,11,FINE-80,FINE-90,88.84,90.0,562.55,26.6,4.279,983.5,5.072,0.1007,3.81
40,12,FINE-80,FINE-90,88.677,90.0,559.65,26.33,4.215,994.5,5.072,0.1007,3.81
40,13,FINE-80,FINE-90,89.041,90.0,561.71,27.38,4.287,990.6,5.072,0.1007,3.81
40,14,FINE-80,FINE-90,89.787,90.0,563.36,26.43,4.235,982.4,5.072,0.1007,3.81
40,15,FINE-80,FINE-90,89.153,90.0,567.59,27.18,4.207,985.4,5.072,0.1007,3.81
40,16,FINE-80,FINE-90,89.309,90.0,563.38,25.99,4.222,979.9,5.072,0.1007,3.81
40,17,FINE-80,FINE-90,89.266,90.0,569.49,26.77,4.254,984.6,5.072,0.1007,3.81
40,18,FINE-80,FINE-90,89.695,90.0,568.51,26.88,4.281,976.6,5.072,0.1007,3.81
40,19,FINE-80,FINE-90,90.334,90.0,569.69,26.8,4.383,985.7,5.072,0.1007,3.81
40,20,FINE-80,FINE-90,89.768,90.0,565.9,26.72,4.239,977.4,5.072,0.1007,3.81
40,21,FINE-80,FINE-90,89.86,90.0,568.22,26.59,4.351,985.4,5.072,0.1007,3.81
40,22,FINE-80,FINE-90,89.628,90.0,568.95,27.32,4.272,979.0,5.072,0.1007,3.81
40,23,FINE-80,FINE-90,89.871,90.0,569.1,27.45,4.188,977.0,5.072,0.1007,3.81
40,24,FINE-80,FINE-90,90.277,90.0,569.38,26.92,4.266,988.9,5.072,0.1007,3.81
41,0,FINE-80,SC-52,83.509,52.0,501.32,25.98,4.015,1041.6,4.094,0.1247,1.667
41,1,FINE-80,SC-52,71.605,52.0,453.55,21.52,3.649,1097.1,4.094,0.1247,1.667
41,2,FINE-80,SC-52,65.757,52.0,425.11,19.62,3.342,1149.5,4.094,0.1247,1.667
41,3,FINE-80,SC-52,60.099,52.0,408.73,17.42,3.236,1154.8,4.094,0.1247,1.667
41,4,FINE-80,SC-52,57.617,52.0,395.99,17.24,3.075,1172.7,4.094,0.1247,1.667
41,5,FINE-80,SC-52,55.514,52.0,389.89,15.76,2.997,1185.5,4.094,0.1247,1.667
41,6,FINE-80,SC-52,55.348,52.0,384.76,15.86,2.918,1181.7,4.094,0.1247,1.667
41,7,FINE-80,SC-52,53.53,52.0,380.55,15.41,2.987,1182.1,4.094,0.1247,1.667
41,8,FINE-80,SC-52,52.7,52.0,378.46,16.05,2.975,1187.0,4.094,0.1247,1.667
41,9,FINE-80,SC-52,52.872,52.0,380.57,15.38,2.893,1196.7,4.094,0.1247,1.667
41,10,FINE-80,SC-52,52.651,52.0,380.95,15.8,2.928,1197.5,4.094,0.1247,1.667
41,11,FINE-80,SC-52,52.179,52.0,379.59,15.12,3.042,1201.0,4.094,0.1247,1.667
41,12,FINE-80,SC-52,51.685,52.0,376.66,14.96,2.963,1198.6,4.094,0.1247,1.667
41,13,FINE-80,SC-52,51.874,52.0,380.57,15.01,2.859,1201.2,4.094,0.1247,1.667
41,14,FINE-80,SC-52,52.448,52.0,383.36,14.63,2.953,1197.6,4.094,0.1247,1.667
41,15,FINE-80,SC-52,51.286,52.0,379.83,15.28,2.857,1203.5,4.094,0.1247,1.667
41,16,FINE-80,SC-52,51.92,52.0,378.88,14.66,2.756,1202.9,4.094,0.1247,1.667
41,17,FINE-80,SC-52,52.449,52.0,379.9,15.06,2.9,1198.3,4.094,0.1247,1.667
41,18,FINE-80,SC-52,51.971,52.0,377.8,15.43,2.979,1202.6,4.094,0.1247,1.667
41,19,FINE-80,SC-52,52.949,52.0,377.67,15.79,2.97,1199.0,4.094,0.1247,1.667
41,20,FINE-80,SC-52,51.249,52.0,380.91,15.08,2.919,1192.4,4.094,0.1247,1.667
41,21,FINE-80,SC-52,51.587,52.0,381.98,15.43,2.873,1204.5,4.094,0.1247,1.667
41,22,FINE-80,SC-52,51.0,52.0,379.71,15.37,2.924,1195.5,4.094,0.1247,1.667
41,23,FINE-80,SC-52,52.865,52.0,376.05,14.81,2.887,1204.5,4.094,0.1247,1.667
41,24,FINE-80,SC-52,51.592,52.0,380.71,16.05,2.874,1201.6,4.094,0.1247,1.667
42,0,NEWS-48,LWC-58,46.678,58.0,364.06,11.27,2.815,1227.1,11.947,0.0965,1.268
42,1,NEWS-48,LWC-58,49.381,58.0,372.67,12.14,2.807,1220.4,11.947,0.0965,1.268
42,2,NEWS-48,LWC-58,49.78,58.0,382.58,14.05,2.926,1205.4,11.947,0.0965,1.268
42,3,NEWS-48,LWC-58,52.235,58.0,384.46,14.38,2.91,1202.3,11.947,0.0965,1.268
42,4,NEWS-48,LWC-58,52.433,58.0,393.01,15.26,3.016,1192.7,11.947,0.0965,1.268
42,5,NEWS-48,LWC-58,54.909,58.0,401.94,15.63,2.975,1186.0,11.947,0.0965,1.268
42,6,NEWS-48,LWC-58,54.905,58.0,400.76,15.55,3.094,1192.0,11.947,0.0965,1.268
42,7,NEWS-48,LWC-58,54.937,58.0,404.21,16.35,3.079,1184.3,11.947,0.0965,1.268
42,8,NEWS-48,LWC-58,55.214,58.0,407.1,16.03,3.119,1175.3,11.947,0.0965,1.268
42,9,NEWS-48,LWC-58,55.992,58.0,407.69,17.57,3.169,1159.8,11.947,0.0965,1.268
42,10,NEWS-48,LWC-58,56.749,58.0,407.44,16.39,3.085,1166.6,11.947,0.0965,1.268
42,11,NEWS-48,LWC-58,56.645,58.0,412.84,17.13,3.123,1179.5,11.947,0.0965,1.268
42,12,NEWS-48,LWC-58,56.76,58.0,414.75,16.84,3.189,1162.6,11.947,0.0965,1.268
42,13,NEWS-48,LWC-58,57.112,58.0,415.35,17.75,3.277,1167.5,11.947,0.0965,1.268
42,14,NEWS-48,LWC-58,56.877,58.0,415.97,17.39,3.171,1167.5,11.947,0.0965,1.268
42,15,NEWS-48,LWC-58,57.162,58.0,417.01,17.37,3.212,1160.0,11.947,0.0965,1.268
42,16,NEWS-48,LWC-58,56.237,58.0,419.51,18.12,3.18,1153.5,11.947,0.0965,1.268
42,17,NEWS-48,LWC-58,58.14,58.0,417.53,17.76,3.286,1144.5,11.947,0.0965,1.268
42,18,NEWS-48,LWC-58,57.814,58.0,417.13,18.05,3.103,1159.2,11.947,0.0965,1.268
42,19,NEWS-48,LWC-58,57.241,58.0,418.02,17.34,3.197,1150.9,11.947,0.0965,1.268
42,20,NEWS-48,LWC-58,58.876,58.0,419.99,17.15,3.113,1155.2,11.947,0.0965,1.268
42,21,NEWS-48,LWC-58,57.844,58.0,421.86,17.93,3.07,1147.5,11.947,0.0965,1.268
42,22,NEWS-48,LWC-58,57.214,58.0,417.95,17.74,3.211,1151.9,11.947,0.0965,1.268
42,23,NEWS-48,LWC-58,58.365,58.0,419.55,18.23,3.204,1153.0,11.947,0.0965,1.268
42,24,NEWS-48,LWC-58,58.118,58.0,420.14,17.89,3.183,1153.8,11.947,0.0965,1.268
43,0,LWC-65,SC-52,66.227,52.0,456.34,19.68,3.367,1126.4,7.486,0.1177,0.86
43,1,LWC-65,SC-52,62.502,52.0,439.11,18.33,3.237,1147.0,7.486,0.1177,0.86
43,2,LWC-65,SC-52,58.305,52.0,419.54,17.92,3.175,1171.5,7.486,0.1177,0.86
43,3,LWC-65,SC-52,58.362,52.0,404.8,17.22,3.223,1173.7,7.486,0.1177,0.86
43,4,LWC-65,SC-52,55.94,52.0,399.25,16.85,3.052,1177.7,7.486,0.1177,0.86
43,5,LWC-65,SC-52,54.371,52.0,390.93,16.12,2.876,1188.9,7.486,0.1177,0.86
43,6,LWC-65,SC-52,53.986,52.0,392.72,16.1,2.944,1194.6,7.486,0.1177,0.86
43,7,LWC-65,SC-52,53.991,52.0,386.9,15.87,2.99,1193.0,7.486,0.1177,0.86
43,8,LWC-65,SC-52,51.803,52.0,382.61,16.08,2.884,1181.8,7.486,0.1177,0.86
43,9,LWC-65,SC-52,52.566,52.0,384.59,15.53,2.971,1200.0,7.486,0.1177,0.86
43,10,LWC-65,SC-52,51.56,52.0,381.68,15.42,2.929,1200.6,7.486,0.1177,0.86
43,11,LWC-65,SC-52,54.331,52.0,378.99,15.54,2.965,1202.6,7.486,0.1177,0.86
43,12,LWC-65,SC-52,52.333,52.0,381.86,15.66,2.883,1197.6,7.486,0.1177,0.86
43,13,LWC-65,SC-52,51.272,52.0,381.48,14.68,2.876,1197.5,7.486,0.1177,0.86
43,14,LWC-65,SC-52,54.835,52.0,382.82,14.51,2.934,1207.0,7.486,0.1177,0.86
43,15,LWC-65,SC-52,51.676,52.0,380.51,15.95,2.904,1192.0,7.486,0.1177,0.86
43,16,LWC-65,SC-52,51.899,52.0,380.48,15.43,2.9,1198.7,7.486,0.1177,0.86
43,17,LWC-65,SC-52,51.937,52.0,380.51,14.95,2.981,1200.6,7.486,0.1177,0.86
43,18,LWC-65,SC-52,51.388,52.0,383.32,15.06,2.932,1203.0,7.486,0.1177,0.86
43,19,LWC-65,SC-52,52.207,52.0,379.47,14.84,2.802,1200.8,7.486,0.1177,0.86
43,20,LWC-65,SC-52,50.343,52.0,381.0,15.13,2.941,1195.4,7.486,0.1177,0.86
43,21,LWC-65,SC-52,52.831,52.0,381.28,14.54,2.936,1205.8,7.486,0.1177,0.86
43,22,LWC-65,SC-52,51.155,52.0,380.73,15.44,2.96,1200.0,7.486,0.1177,0.86
43,23,LWC-65,SC-52,51.691,52.0,379.33,15.1,2.853,1191.7,7.486,0.1177,0.86
43,24,LWC-65,SC-52,52.572,52.0,380.26,15.12,2.916,1201.0,7.486,0.1177,0.86
44,0,LWC-58,SC-52,63.839,52.0,415.67,17.79,3.324,1175.9,11.355,0.1131,1.01
44,1,LWC-58,SC-52,61.801,52.0,414.26,17.33,3.252,1171.0,11.355,0.1131,1.01
44,2,LWC-58,SC-52,61.821,52.0,406.12,16.84,3.246,1175.7,11.355,0.1131,1.01
44,3,LWC-58,SC-52,59.405,52.0,407.87,16.43,3.113,1179.6,11.355,0.1131,1.01
44,4,LWC-58,SC-52,58.272,52.0,401.15,15.59,3.163,1179.4,11.355,0.1131,1.01
44,5,LWC-58,SC-52,56.9,52.0,397.69,15.98,3.092,1185.1,11.355,0.1131,1.01
44,6,LWC-58,SC-52,57.086,52.0,394.48,15.91,3.147,1193.8,11.355,0.1131,1.01
44,7,LWC-58,SC-52,56.563,52.0,394.09,16.09,3.176,1181.1,11.355,0.1131,1.01
44,8,LWC-58,SC-52,54.972,52.0,389.58,16.86,3.095,1185.8,11.355,0.1131,1.01
44,9,LWC-58,SC-52,55.643,52.0,390.67,15.46,3.026,1186.6,11.355,0.1131,1.01
44,10,LWC-58,SC-52,55.069,52.0,392.54,15.15,3.104,1191.1,11.355,0.1131,1.01
44,11,LWC-58,SC-52,55.245,52.0,388.71,15.22,3.006,1191.9,11.355,0.1131,1.01
44,12,LWC-58,SC-52,55.063,52.0,385.63,15.58,2.92,1197.4,11.355,0.1131,1.01
44,13,LWC-58,SC-52,54.004,52.0,387.46,15.73,2.954,1194.4,11.355,0.1131,1.01
44,14,LWC-58,SC-52,52.973,52.0,386.44,15.74,2.986,1196.5,11.355,0.1131,1.01
44,15,LWC-58,SC-52,52.902,52.0,389.33,15.74,2.983,1197.6,11.355,0.1131,1.01
44,16,LWC-58,SC-52,54.519,52.0,386.34,15.77,2.88,1197.3,11.355,0.1131,1.01
44,17,LWC-58,SC-52,53.245,52.0,384.79,15.11,2.876,1200.1,11.355,0.1131,1.01
44,18,LWC-58,SC-52,54.202,52.0,385.48,16.24,2.91,1196.4,11.355,0.1131,1.01
44,19,LWC-58,SC-52,53.209,52.0,382.96,15.01,2.95,1205.6,11.355,0.1131,1.01
44,20,LWC-58,SC-52,53.278,52.0,382.68,15.22,2.953,1210.4,11.355,0.1131,1.01
44,21,LWC-58,SC-52,53.312,52.0,385.81,15.79,2.924,1201.5,11.355,0.1131,1.01
44,22,LWC-58,SC-52,51.724,52.0,378.92,15.41,2.873,1199.3,11.355,0.1131,1.01
44,23,LWC-58,SC-52,52.716,52.0,383.86,13.99,3.0,1201.5,11.355,0.1131,1.01
44,24,LWC-58,SC-52,51.578,52.0,381.47,15.1,2.857,1193.1,11.355,0.1131,1.01
45,0,NEWS-48,FINE-90,46.589,90.0,373.34,11.87,2.741,1202.2,7.012,0.0971,3.197
45,1,NEWS-48,FINE-90,52.955,90.0,400.87,13.04,3.014,1174.8,7.012,0.0971,3.197
45,2,NEWS-48,FINE-90,57.973,90.0,429.48,14.82,3.185,1138.5,7.012,0.0971,3.197
45,3,NEWS-48,FINE-90,63.117,90.0,446.81,18.01,3.233,1117.7,7.012,0.0971,3.197
45,4,NEWS-48,FINE-90,66.37,90.0,465.69,18.32,3.389,1104.3,7.012,0.0971,3.197
45,5,NEWS-48,FINE-90,70.266,90.0,482.62,20.4,3.588,1085.2,7.012,0.0971,3.197
45,6,NEWS-48,FINE-90,72.743,90.0,492.66,20.78,3.506,1063.7,7.012,0.0971,3.197
45,7,NEWS-48,FINE-90,75.408,90.0,504.59,21.66,3.722,1050.4,7.012,0.0971,3.197
45,8,NEWS-48,FINE-90,77.268,90.0,514.09,22.71,3.734,1049.3,7.012,0.0971,3.197
45,9,NEWS-48,FINE-90,79.626,90.0,523.58,22.7,3.848,1033.2,7.012,0.0971,3.197
45,10,NEWS-48,FINE-90,80.668,90.0,530.31,23.76,3.914,1021.1,7.012,0.0971,3.197
45,11,NEWS-48,FINE-90,82.402,90.0,534.6,23.98,3.961,1009.0,7.012,0.0971,3.197
45,12,NEWS-48,FINE-90,83.259,90.0,540.22,23.92,3.994,1012.5,7.012,0.0971,3.197
45,13,NEWS-48,FINE-90,84.291,90.0,543.68,25.09,4.004,1009.9,7.012,0.0971,3.197
45,14,NEWS-48,FINE-90,85.193,90.0,545.17,25.09,4.206,998.6,7.012,0.0971,3.197
45,15,NEWS-48,FINE-90,85.623,90.0,551.8,25.4,4.213,999.9,7.012,0.0971,3.197
45,16,NEWS-48,FINE-90,86.517,90.0,557.78,25.09,4.085,993.7,7.012,0.0971,3.197
45,17,NEWS-48,FINE-90,87.427,90.0,554.54,26.68,4.243,992.2,7.012,0.0971,3.197
45,18,NEWS-48,FINE-90,87.174,90.0,556.75,26.48,4.162,978.7,7.012,0.0971,3.197
45,19,NEWS-48,FINE-90,88.135,90.0,558.24,26.66,4.205,988.3,7.012,0.0971,3.197
45,20,NEWS-48,FINE-90,88.555,90.0,562.88,26.15,4.209,992.8,7.012,0.0971,3.197
45,21,NEWS-48,FINE-90,88.135,90.0,563.57,25.53,4.191,983.5,7.012,0.0971,3.197
45,22,NEWS-48,FINE-90,88.178,90.0,563.42,27.46,4.283,985.9,7.012,0.0971,3.197
45,23,NEWS-48,FINE-90,88.906,90.0,562.8,26.53,4.249,981.0,7.012,0.0971,3.197
45,24,NEWS-48,FINE-90,88.823,90.0,565.6,26.25,4.226,985.8,7.012,0.0971,3.197
46,0,SC-52,NEWS-45,55.143,45.0,385.28,15.27,2.818,1204.2,5.785,0.0664,4.732
46,1,SC-52,NEWS-45,54.073,45.0,375.35,13.99,2.839,1215.8,5.785,0.0664,4.732
46,2,SC-52,NEWS-45,52.395,45.0,368.56,13.56,2.785,1214.3,5.785,0.0664,4.732
46,3,SC-52,NEWS-45,51.498,45.0,365.0,13.36,2.767,1237.5,5.785,0.0664,4.732
46,4,SC-52,NEWS-45,50.566,45.0,359.02,13.29,2.654,1235.1,5.785,0.0664,4.732
46,5,SC-52,NEWS-45,49.714,45.0,356.52,12.82,2.685,1234.3,5.785,0.0664,4.732
46,6,SC-52,NEWS-45,48.777,45.0,359.32,12.73,2.754,1235.3,5.785,0.0664,4.732
46,7,SC-52,NEWS-45,48.459,45.0,350.68,13.35,2.665,1236.3,5.785,0.0664,4.732
46,8,SC-52,NEWS-45,48.227,45.0,350.11,12.73,2.679,1231.3,5.785,0.0664,4.732
46,9,SC-52,NEWS-45,47.012,45.0,347.72,12.82,2.585,1234.0,5.785,0.0664,4.732
46,10,SC-52,NEWS-45,46.767,45.0,345.18,12.29,2.627,1253.5,5.785,0.0664,4.732
46,11,SC-52,NEWS-45,46.721,45.0,346.94,12.18,2.703,1252.9,5.785,0.0664,4.732
46,12,SC-52,NEWS-45,46.136,45.0,345.2,12.56,2.577,1243.0,5.785,0.0664,4.732
46,13,SC-52,NEWS-45,45.691,45.0,346.13,12.42,2.672,1251.1,5.785,0.0664,4.732
46,14,SC-52,NEWS-45,46.373,45.0,345.24,12.69,2.64,1249.7,5.785,0.0664,4.732
46,15,SC-52,NEWS-45,45.218,45.0,344.85,12.91,2.615,1250.8,5.785,0.0664,4.732
46,16,SC-52,NEWS-45,45.632,45.0,340.72,11.87,2.61,1240.9,5.785,0.0664,4.732
46,17,SC-52,NEWS-45,45.866,45.0,343.43,12.62,2.596,1239.4,5.785,0.0664,4.732
46,18,SC-52,NEWS-45,45.621,45.0,343.14,11.62,2.598,1254.6,5.785,0.0664,4.732
46,19,SC-52,NEWS-45,45.343,45.0,339.48,13.17,2.662,1239.0,5.785,0.0664,4.732
46,20,SC-52,NEWS-45,45.06,45.0,340.64,11.72,2.592,1248.4,5.785,0.0664,4.732
46,21,SC-52,NEWS-45,45.434,45.0,338.16,12.44,2.702,1247.4,5.785,0.0664,4.732
46,22,SC-52,NEWS-45,44.984,45.0,342.24,11.54,2.625,1247.1,5.785,0.0664,4.732
46,23,SC-52,NEWS-45,45.318,45.0,342.09,12.0,2.58,1251.1,5.785,0.0664,4.732
46,24,SC-52,NEWS-45,45.244,45.0,343.5,12.83,2.656,1246.2,5.785,0.0664,4.732
47,0,FINE-90,SC-52,90.316,52.0,574.01,23.71,4.211,1010.4,13.761,0.1026,4.574
47,1,FINE-90,SC-52,85.295,52.0,549.96,22.99,3.982,1045.4,13.761,0.1026,4.574
47,2,FINE-90,SC-52,79.68,52.0,526.83,21.52,3.879,1072.2,13.761,0.1026,4.574
47,3,FINE-90,SC-52,76.029,52.0,509.19,19.97,3.78,1085.3,13.761,0.1026,4.574
47,4,FINE-90,SC-52,72.766,52.0,493.24,19.62,3.572,1096.6,13.761,0.1026,4.574
47,5,FINE-90,SC-52,70.028,52.0,477.8,19.27,3.572,1119.9,13.761,0.1026,4.574
47,6,FINE-90,SC-52,67.776,52.0,461.86,18.66,3.401,1130.5,13.761,0.1026,4.574
47,7,FINE-90,SC-52,65.237,52.0,455.21,16.92,3.344,1132.4,13.761,0.1026,4.574
47,8,FINE-90,SC-52,62.967,52.0,445.75,17.36,3.33,1148.3,13.761,0.1026,4.574
47,9,FINE-90,SC-52,62.054,52.0,435.35,16.35,3.214,1159.0,13.761,0.1026,4.574
47,10,FINE-90,SC-52,60.658,52.0,426.89,17.17,3.201,1166.4,13.761,0.1026,4.574
47,11,FINE-90,SC-52,58.671,52.0,426.09,16.85,3.142,1165.8,13.761,0.1026,4.574
47,12,FINE-90,SC-52,58.239,52.0,418.6,15.78,3.129,1169.2,13.761,0.1026,4.574
47,13,FINE-90,SC-52,56.891,52.0,412.35,15.65,2.972,1181.2,13.761,0.1026,4.574
47,14,FINE-90,SC-52,56.418,52.0,406.34,15.64,2.973,1172.6,13.761,0.1026,4.574
47,15,FINE-90,SC-52,55.702,52.0,403.32,14.61,3.073,1183.8,13.761,0.1026,4.574
47,16,FINE-90,SC-52,55.66,52.0,404.38,15.79,3.074,1177.4,13.761,0.1026,4.574
47,17,FINE-90,SC-52,54.975,52.0,399.26,15.39,2.96,1191.8,13.761,0.1026,4.574
47,18,FINE-90,SC-52,54.143,52.0,395.46,15.93,2.979,1187.1,13.761,0.1026,4.574
47,19,FINE-90,SC-52,54.44,52.0,395.46,14.83,2.993,1196.4,13.761,0.1026,4.574
47,20,FINE-90,SC-52,53.441,52.0,390.97,15.01,3.002,1193.9,13.761,0.1026,4.574
47,21,FINE-90,SC-52,53.709,52.0,393.99,14.51,2.857,1186.6,13.761,0.1026,4.574
47,22,FINE-90,SC-52,53.141,52.0,392.29,14.72,2.906,1200.8,13.761,0.1026,4.574
47,23,FINE-90,SC-52,53.082,52.0,387.42,14.6,2.926,1202.4,13.761,0.1026,4.574
47,24,FINE-90,SC-52,53.176,52.0,386.03,15.66,2.972,1199.8,13.761,0.1026,4.574
48,0,NEWS-48,LWC-65,49.905,65.0,349.05,13.2,2.694,1250.0,9.097,0.0938,2.291
48,1,NEWS-48,LWC-65,51.602,65.0,360.78,14.49,2.825,1221.2,9.097,0.0938,2.291
48,2,NEWS-48,LWC-65,52.7,65.0,375.09,15.21,2.947,1196.3,9.097,0.0938,2.291
48,3,NEWS-48,LWC-65,54.79,65.0,385.45,15.57,2.926,1186.1,9.097,0.0938,2.291
48,4,NEWS-48,LWC-65,56.602,65.0,391.8,15.92,3.087,1168.5,9.097,0.0938,2.291
48,5,NEWS-48,LWC-65,57.611,65.0,402.2,17.21,2.982,1164.0,9.097,0.0938,2.291
48,6,NEWS-48,LWC-65,58.505,65.0,407.47,17.36,3.188,1160.7,9.097,0.0938,2.291
48,7,NEWS-48,LWC-65,59.265,65.0,417.05,16.82,3.156,1162.2,9.097,0.0938,2.291
48,8,NEWS-48,LWC-65,60.234,65.0,419.83,17.96,3.22,1151.0,9.097,0.0938,2.291
48,9,NEWS-48,LWC-65,61.013,65.0,425.9,17.56,3.307,1145.4,9.097,0.0938,2.291
48,10,NEWS-48,LWC-65,61.217,65.0,430.04,17.9,3.325,1134.6,9.097,0.0938,2.291
48,11,NEWS-48,LWC-65,62.022,65.0,434.26,18.27,3.327,1132.9,9.097,0.0938,2.291
48,12,NEWS-48,LWC-65,62.661,65.0,440.58,18.81,3.397,1130.5,9.097,0.0938,2.291
48,13,NEWS-48,LWC-65,62.638,65.0,439.61,19.14,3.283,1128.4,9.097,0.0938,2.291
48,14,NEWS-48,LWC-65,63.043,65.0,445.01,18.88,3.394,1128.2,9.097,0.0938,2.291
48,15,NEWS-48,LWC-65,63.441,65.0,445.71,19.03,3.359,1126.9,9.097,0.0938,2.291
48,16,NEWS-48,LWC-65,63.696,65.0,449.49,19.06,3.457,1125.3,9.097,0.0938,2.291
48,17,NEWS-48,LWC-65,63.997,65.0,447.64,19.93,3.457,1122.5,9.097,0.0938,2.291
48,18,NEWS-48,LWC-65,63.604,65.0,451.16,18.06,3.468,1125.5,9.097,0.0938,2.291
48,19,NEWS-48,LWC-65,63.901,65.0,450.93,19.4,3.523,1122.5,9.097,0.0938,2.291
48,20,NEWS-48,LWC-65,64.042,65.0,446.18,20.39,3.504,1115.4,9.097,0.0938,2.291
48,21,NEWS-48,LWC-65,64.03,65.0,450.96,19.92,3.447,1123.0,9.097,0.0938,2.291
48,22,NEWS-48,LWC-65,63.858,65.0,455.16,20.34,3.46,1121.8,9.097,0.0938,2.291
48,23,NEWS-48,LWC-65,63.505,65.0,455.78,18.73,3.495,1114.1,9.097,0.0938,2.291
48,24,NEWS-48,LWC-65,64.911,65.0,452.81,19.16,3.476,1118.7,9.097,0.0938,2.291
49,0,NEWS-45,LWC-58,41.095,58.0,328.51,12.1,2.534,1261.2,6.613,0.1388,1.894
49,1,NEWS-45,LWC-58,43.506,58.0,344.94,13.96,2.653,1240.3,6.613,0.1388,1.894
49,2,NEWS-45,LWC-58,45.793,58.0,358.75,13.82,2.821,1217.6,6.613,0.1388,1.894
49,3,NEWS-45,LWC-58,48.159,58.0,368.8,13.42,2.788,1215.5,6.613,0.1388,1.894
49,4,NEWS-45,LWC-58,49.967,58.0,375.17,15.52,2.929,1201.5,6.613,0.1388,1.894
49,5,NEWS-45,LWC-58,51.187,58.0,381.69,15.86,2.949,1186.2,6.613,0.1388,1.894
49,6,NEWS-45,LWC-58,52.268,58.0,387.88,16.13,3.044,1176.9,6.613,0.1388,1.894
49,7,NEWS-45,LWC-58,53.225,58.0,394.53,16.31,3.059,1182.3,6.613,0.1388,1.894
49,8,NEWS-45,LWC-58,54.076,58.0,403.35,16.29,3.032,1169.3,6.613,0.1388,1.894
49,9,NEWS-45,LWC-58,54.763,58.0,404.65,17.68,3.067,1166.1,6.613,0.1388,1.894
49,10,NEWS-45,LWC-58,55.031,58.0,405.83,16.19,2.999,1163.0,6.613,0.1388,1.894
49,11,NEWS-45,LWC-58,55.855,58.0,408.91,17.11,3.108,1171.7,6.613,0.1388,1.894
49,12,NEWS-45,LWC-58,55.746,58.0,411.84,17.23,3.065,1157.1,6.613,0.1388,1.894
49,13,NEWS-45,LWC-58,56.718,58.0,412.83,17.93,3.129,1156.5,6.613,0.1388,1.894
49,14,NEWS-45,LWC-58,56.884,58.0,412.27,18.21,3.118,1151.1,6.613,0.1388,1.894
49,15,NEWS-45,LWC-58,57.59,58.0,412.36,17.55,3.114,1152.3,6.613,0.1388,1.894
49,16,NEWS-45,LWC-58,57.209,58.0,414.78,17.82,3.224,1148.3,6.613,0.1388,1.894
49,17,NEWS-45,LWC-58,57.503,58.0,417.86,17.91,3.107,1148.7,6.613,0.1388,1.894
49,18,NEWS-45,LWC-58,56.79,58.0,415.99,18.34,3.127,1143.2,6.613,0.1388,1.894
49,19,NEWS-45,LWC-58,57.758,58.0,414.89,18.36,3.144,1156.2,6.613,0.1388,1.894
49,20,NEWS-45,LWC-58,57.931,58.0,414.13,17.6,3.158,1152.2,6.613,0.1388,1.894
49,21,NEWS-45,LWC-58,58.121,58.0,417.73,18.11,3.142,1152.4,6.613,0.1388,1.894
49,22,NEWS-45,LWC-58,57.711,58.0,416.26,18.1,3.17,1150.7,6.613,0.1388,1.894
49,23,NEWS-45,LWC-58,57.607,58.0,417.71,17.87,3.205,1151.1,6.613,0.1388,1.894
49,24,NEWS-45,LWC-58,57.396,58.0,421.73,18.13,3.225,1158.7,6.613,0.1388,1.894
50,0,NEWS-48,NEWS-45,49.094,45.0,360.72,13.53,2.566,1234.0,12.341,0.124,2.055
50,1,NEWS-48,NEWS-45,48.376,45.0,355.91,14.14,2.64,1243.9,12.341,0.124,2.055
50,2,NEWS-48,NEWS-45,47.547,45.0,354.67,13.55,2.67,1235.2,12.341,0.124,2.055
50,3,NEWS-48,NEWS-45,47.127,45.0,351.35,13.7,2.62,1241.7,12.341,0.124,2.055
50,4,NEWS-48,NEWS-45,47.183,45.0,350.79,13.27,2.621,1245.1,12.341,0.124,2.055
50,5,NEWS-48,NEWS-45,46.963,45.0,348.37,12.2,2.628,1255.1,12.341,0.124,2.055
50,6,NEWS-48,NEWS-45,46.95,45.0,346.96,12.95,2.599,1248.0,12.341,0.124,2.055
50,7,NEWS-48,NEWS-45,46.625,45.0,346.14,12.57,2.602,1243.0,12.341,0.124,2.055
50,8,NEWS-48,NEWS-45,46.257,45.0,351.09,13.57,2.704,1245.7,12.341,0.124,2.055
50,9,NEWS-48,NEWS-45,46.365,45.0,346.01,12.77,2.662,1252.3,12.341,0.124,2.055
50,10,NEWS-48,NEWS-45,45.918,45.0,348.92,12.57,2.665,1244.2,12.341,0.124,2.055
50,11,NEWS-48,NEWS-45,45.4,45.0,343.17,12.59,2.622,1253.7,12.341,0.124,2.055
50,12,NEWS-48,NEWS-45,45.225,45.0,342.09,12.45,2.671,1245.9,12.341,0.124,2.055
50,13,NEWS-48,NEWS-45,45.967,45.0,340.16,12.4,2.66,1244.1,12.341,0.124,2.055
50,14,NEWS-48,NEWS-45,44.829,45.0,345.17,12.02,2.646,1246.4,12.341,0.124,2.055
50,15,NEWS-48,NEWS-45,45.372,45.0,339.86,12.39,2.581,1240.9,12.341,0.124,2.055
50,16,NEWS-48,NEWS-45,46.267,45.0,345.04,12.58,2.59,1238.3,12.341,0.124,2.055
50,17,NEWS-48,NEWS-45,45.459,45.0,339.18,12.62,2.663,1248.8,12.341,0.124,2.055
50,18,NEWS-48,NEWS-45,45.214,45.0,342.8,12.54,2.583,1249.0,12.341,0.124,2.055
50,19,NEWS-48,NEWS-45,44.732,45.0,337.69,12.82,2.544,1250.7,12.341,0.124,2.055
50,20,NEWS-48,NEWS-45,45.69,45.0,339.86,12.61,2.58,1249.1,12.341,0.124,2.055
50,21,NEWS-48,NEWS-45,45.54,45.0,340.68,12.36,2.684,1261.2,12.341,0.124,2.055
50,22,NEWS-48,NEWS-45,45.357,45.0,339.35,11.46,2.579,1250.5,12.341,0.124,2.055
50,23,NEWS-48,NEWS-45,45.131,45.0,340.12,11.46,2.621,1242.8,12.341,0.124,2.055
50,24,NEWS-48,NEWS-45,45.284,45.0,340.06,11.9,2.573,1244.1,12.341,0.124,2.055
51,0,FINE-90,LWC-65,84.506,65.0,572.61,26.76,4.076,970.4,11.643,0.0994,2.025
51,1,FINE-90,LWC-65,80.394,65.0,549.97,25.59,3.928,1005.5,11.643,0.0994,2.025
51,2,FINE-90,LWC-65,76.738,65.0,531.26,24.42,3.876,1026.6,11.643,0.0994,2.025
51,3,FINE-90,LWC-65,74.266,65.0,521.94,23.22,3.795,1049.4,11.643,0.0994,2.025
51,4,FINE-90,LWC-65,72.781,65.0,510.31,21.96,3.792,1061.9,11.643,0.0994,2.025
51,5,FINE-90,LWC-65,70.936,65.0,497.98,22.63,3.694,1082.7,11.643,0.0994,2.025
51,6,FINE-90,LWC-65,69.194,65.0,490.6,22.41,3.616,1082.2,11.643,0.0994,2.025
51,7,FINE-90,LWC-65,68.794,65.0,488.18,20.89,3.636,1097.9,11.643,0.0994,2.025
51,8,FINE-90,LWC-65,67.602,65.0,481.98,21.46,3.583,1096.0,11.643,0.0994,2.025
51,9,FINE-90,LWC-65,67.037,65.0,473.38,20.29,3.519,1099.2,11.643,0.0994,2.025
51,10,FINE-90,LWC-65,66.846,65.0,473.35,20.8,3.547,1103.5,11.643,0.0994,2.025
51,11,FINE-90,LWC-65,66.438,65.0,470.67,20.76,3.559,1101.3,11.643,0.0994,2.025
51,12,FINE-90,LWC-65,65.987,65.0,469.52,20.23,3.541,1114.2,11.643,0.0994,2.025
51,13,FINE-90,LWC-65,65.721,65.0,467.33,20.4,3.547,1107.9,11.643,0.0994,2.025
51,14,FINE-90,LWC-65,65.612,65.0,464.91,20.71,3.497,1113.3,11.643,0.0994,2.025
51,15,FINE-90,LWC-65,65.307,65.0,465.16,20.17,3.535,1120.0,11.643,0.0994,2.025
51,16,FINE-90,LWC-65,65.753,65.0,463.0,19.84,3.521,1120.6,11.643,0.0994,2.025
51,17,FINE-90,LWC-65,64.865,65.0,469.99,19.53,3.518,1110.5,11.643,0.0994,2.025
51,18,FINE-90,LWC-65,65.192,65.0,462.81,19.92,3.511,1119.7,11.643,0.0994,2.025
51,19,FINE-90,LWC-65,64.77,65.0,462.05,19.51,3.616,1124.3,11.643,0.0994,2.025
51,20,FINE-90,LWC-65,65.445,65.0,465.37,19.89,3.561,1115.7,11.643,0.0994,2.025
51,21,FINE-90,LWC-65,65.056,65.0,458.63,19.83,3.52,1121.7,11.643,0.0994,2.025
51,22,FINE-90,LWC-65,64.785,65.0,460.89,20.45,3.464,1113.6,11.643,0.0994,2.025
51,23,FINE-90,LWC-65,65.286,65.0,459.0,20.07,3.488,1121.4,11.643,0.0994,2.025
51,24,FINE-90,LWC-65,64.375,65.0,462.0,21.3,3.583,1120.2,11.643,0.0994,2.025
52,0,LWC-58,NEWS-45,58.768,45.0,429.69,16.83,3.108,1119.5,8.256,0.104,3.553
52,1,LWC-58,NEWS-45,54.816,45.0,399.53,14.35,3.039,1165.8,8.256,0.104,3.553
52,2,LWC-58,NEWS-45,53.378,45.0,383.64,13.73,2.993,1177.2,8.256,0.104,3.553
52,3,LWC-58,NEWS-45,50.866,45.0,372.61,14.94,2.894,1195.4,8.256,0.104,3.553
52,4,LWC-58,NEWS-45,49.53,45.0,356.48,13.17,2.822,1214.3,8.256,0.104,3.553
52,5,LWC-58,NEWS-45,48.915,45.0,356.47,14.83,2.857,1220.7,8.256,0.104,3.553
52,6,LWC-58,NEWS-45,48.186,45.0,354.52,12.12,2.782,1225.0,8.256,0.104,3.553
52,7,LWC-58,NEWS-45,46.838,45.0,346.26,12.89,2.746,1222.5,8.256,0.104,3.553
52,8,LWC-58,NEWS-45,47.087,45.0,346.29,12.63,2.714,1243.3,8.256,0.104,3.553
52,9,LWC-58,NEWS-45,46.529,45.0,346.27,12.4,2.703,1243.5,8.256,0.104,3.553
52,10,LWC-58,NEWS-45,45.736,45.0,339.34,12.63,2.733,1252.6,8.256,0.104,3.553
52,11,LWC-58,NEWS-45,45.677,45.0,343.28,12.58,2.619,1241.2,8.256,0.104,3.553
52,12,LWC-58,NEWS-45,46.033,45.0,343.29,12.17,2.681,1238.3,8.256,0.104,3.553
52,13,LWC-58,NEWS-45,44.977,45.0,342.15,11.69,2.642,1251.6,8.256,0.104,3.553
52,14,LWC-58,NEWS-45,45.757,45.0,340.78,12.68,2.6,1246.5,8.256,0.104,3.553
52,15,LWC-58,NEWS-45,45.518,45.0,338.43,12.44,2.61,1251.2,8.256,0.104,3.553
52,16,LWC-58,NEWS-45,45.356,45.0,343.08,12.16,2.623,1256.6,8.256,0.104,3.553
52,17,LWC-58,NEWS-45,45.196,45.0,340.28,12.38,2.566,1250.8,8.256,0.104,3.553
52,18,LWC-58,NEWS-45,45.711,45.0,338.34,12.45,2.651,1250.0,8.256,0.104,3.553
52,19,LWC-58,NEWS-45,45.728,45.0,339.47,11.67,2.601,1250.5,8.256,0.104,3.553
52,20,LWC-58,NEWS-45,44.887,45.0,340.81,12.32,2.609,1241.3,8.256,0.104,3.553
52,21,LWC-58,NEWS-45,45.239,45.0,336.93,11.75,2.671,1255.2,8.256,0.104,3.553
52,22,LWC-58,NEWS-45,45.605,45.0,340.07,12.43,2.609,1255.6,8.256,0.104,3.553
52,23,LWC-58,NEWS-45,44.797,45.0,339.19,11.92,2.68,1252.4,8.256,0.104,3.553
52,24,LWC-58,NEWS-45,45.098,45.0,342.69,12.32,2.575,1242.3,8.256,0.104,3.553
53,0,SC-52,LWC-65,54.065,65.0,377.5,15.91,2.779,1210.5,13.388,0.1027,3.182
53,1,SC-52,LWC-65,55.592,65.0,393.03,17.02,3.017,1190.4,13.388,0.1027,3.182
53,2,SC-52,LWC-65,58.002,65.0,404.14,17.49,3.035,1180.2,13.388,0.1027,3.182
53,3,SC-52,LWC-65,58.491,65.0,416.31,17.2,3.07,1179.1,13.388,0.1027,3.182
53,4,SC-52,LWC-65,59.768,65.0,421.3,17.94,3.125,1168.7,13.388,0.1027,3.182
53,5,SC-52,LWC-65,60.781,65.0,426.97,19.29,3.235,1151.0,13.388,0.1027,3.182
53,6,SC-52,LWC-65,61.535,65.0,431.38,18.98,3.261,1156.0,13.388,0.1027,3.182
53,7,SC-52,LWC-65,62.123,65.0,436.11,18.23,3.235,1153.1,13.388,0.1027,3.182
53,8,SC-52,LWC-65,62.144,65.0,441.91,19.68,3.313,1142.6,13.388,0.1027,3.182
53,9,SC-52,LWC-65,63.051,65.0,442.06,18.58,3.328,1140.9,13.388,0.1027,3.182
53,10,SC-52,LWC-65,63.586,65.0,447.2,19.34,3.453,1140.8,13.388,0.1027,3.182
53,11,SC-52,LWC-65,63.869,65.0,448.94,19.87,3.414,1129.8,13.388,0.1027,3.182
53,12,SC-52,LWC-65,63.401,65.0,449.37,20.27,3.501,1142.8,13.388,0.1027,3.182
53,13,SC-52,LWC-65,63.797,65.0,450.27,18.56,3.4,1135.5,13.388,0.1027,3.182
53,14,SC-52,LWC-65,63.849,65.0,458.71,20.13,3.431,1130.5,13.388,0.1027,3.182
53,15,SC-52,LWC-65,64.404,65.0,451.93,20.25,3.474,1126.4,13.388,0.1027,3.182
53,16,SC-52,LWC-65,63.954,65.0,455.48,19.57,3.492,1128.0,13.388,0.1027,3.182
53,17,SC-52,LWC-65,64.18,65.0,458.79,19.92,3.504,1116.9,13.388,0.1027,3.182
53,18,SC-52,LWC-65,64.398,65.0,458.02,18.38,3.429,1134.3,13.388,0.1027,3.182
53,19,SC-52,LWC-65,64.126,65.0,456.53,18.55,3.435,1128.9,13.388,0.1027,3.182
53,20,SC-52,LWC-65,64.713,65.0,455.52,20.49,3.463,1130.1,13.388,0.1027,3.182
53,21,SC-52,LWC-65,64.136,65.0,458.51,19.68,3.558,1122.5,13.388,0.1027,3.182
53,22,SC-52,LWC-65,64.952,65.0,453.27,19.78,3.437,1120.1,13.388,0.1027,3.182
53,23,SC-52,LWC-65,64.72,65.0,459.13,20.08,3.463,1118.3,13.388,0.1027,3.182
53,24,SC-52,LWC-65,64.679,65.0,459.06,19.79,3.527,1125.4,13.388,0.1027,3.182
54,0,SC-52,FINE-90,50.658,90.0,390.26,13.17,2.926,1231.6,7.972,0.0815,2.064
54,1,SC-52,FINE-90,55.448,90.0,417.26,15.12,3.073,1196.4,7.972,0.0815,2.064
54,2,SC-52,FINE-90,60.309,90.0,433.81,17.25,3.291,1162.5,7.972,0.0815,2.064
54,3,SC-52,FINE-90,63.738,90.0,453.72,18.65,3.383,1143.9,7.972,0.0815,2.064
54,4,SC-52,FINE-90,67.316,90.0,472.8,19.15,3.582,1124.8,7.972,0.0815,2.064
54,5,SC-52,FINE-90,70.471,90.0,485.13,19.43,3.657,1112.2,7.972,0.0815,2.064
54,6,SC-52,FINE-90,72.586,90.0,494.48,20.58,3.724,1093.8,7.972,0.0815,2.064
54,7,SC-52,FINE-90,74.794,90.0,503.31,21.34,3.783,1078.2,7.972,0.0815,2.064
54,8,SC-52,FINE-90,76.934,90.0,518.01,22.01,3.785,1061.9,7.972,0.0815,2.064
54,9,SC-52,FINE-90,78.69,90.0,518.78,21.87,3.991,1044.2,7.972,0.0815,2.064
54,10,SC-52,FINE-90,79.557,90.0,530.66,23.63,3.937,1035.1,7.972,0.0815,2.064
54,11,SC-52,FINE-90,81.357,90.0,533.94,23.52,4.019,1028.2,7.972,0.0815,2.064
54,12,SC-52,FINE-90,82.393,90.0,541.94,23.5,4.07,1027.9,7.972,0.0815,2.064
54,13,SC-52,FINE-90,83.137,90.0,541.93,23.97,4.077,1028.1,7.972,0.0815,2.064
54,14,SC-52,FINE-90,84.207,90.0,552.83,24.67,4.183,1022.5,7.972,0.0815,2.064
54,15,SC-52,FINE-90,84.622,90.0,551.5,24.11,4.079,1016.8,7.972,0.0815,2.064
54,16,SC-52,FINE-90,85.166,90.0,554.5,25.5,4.248,1006.1,7.972,0.0815,2.064
54,17,SC-52,FINE-90,86.204,90.0,554.12,25.4,4.213,1010.8,7.972,0.0815,2.064
54,18,SC-52,FINE-90,86.946,90.0,557.38,26.26,4.183,997.2,7.972,0.0815,2.064
54,19,SC-52,FINE-90,87.0,90.0,559.13,25.69,4.198,1003.4,7.972,0.0815,2.064
54,20,SC-52,FINE-90,87.189,90.0,564.41,25.26,4.111,988.3,7.972,0.0815,2.064
54,21,SC-52,FINE-90,87.561,90.0,562.89,25.34,4.19,988.7,7.972,0.0815,2.064
54,22,SC-52,FINE-90,88.25,90.0,564.27,25.87,4.224,1001.0,7.972,0.0815,2.064
54,23,SC-52,FINE-90,88.832,90.0,565.19,26.03,4.258,990.1,7.972,0.0815,2.064
54,24,SC-52,FINE-90,88.778,90.0,566.19,25.98,4.319,986.3,7.972,0.0815,2.064
55,0,LWC-65,FINE-80,62.661,80.0,454.66,18.34,3.668,1118.2,11.53,0.0685,0.871
55,1,LWC-65,FINE-80,68.502,80.0,466.22,19.76,3.69,1094.0,11.53,0.0685,0.871
55,2,LWC-65,FINE-80,70.185,80.0,484.61,21.27,3.753,1073.1,11.53,0.0685,0.871
55,3,LWC-65,FINE-80,73.433,80.0,489.05,21.88,3.733,1065.6,11.53,0.0685,0.871
55,4,LWC-65,FINE-80,73.745,80.0,496.01,21.5,3.906,1048.2,11.53,0.0685,0.871
55,5,LWC-65,FINE-80,76.174,80.0,501.21,23.15,3.863,1044.8,11.53,0.0685,0.871
55,6,LWC-65,FINE-80,76.671,80.0,506.75,22.81,3.913,1041.9,11.53,0.0685,0.871
55,7,LWC-65,FINE-80,79.121,80.0,509.16,22.19,3.93,1036.7,11.53,0.0685,0.871
55,8,LWC-65,FINE-80,79.498,80.0,514.05,23.32,3.827,1033.5,11.53,0.0685,0.871
55,9,LWC-65,FINE-80,80.442,80.0,517.19,23.85,3.918,1030.9,11.53,0.0685,0.871
55,10,LWC-65,FINE-80,78.528,80.0,513.95,23.14,3.991,1020.8,11.53,0.0685,0.871
55,11,LWC-65,FINE-80,79.318,80.0,514.51,24.4,3.973,1024.7,11.53,0.0685,0.871
55,12,LWC-65,FINE-80,79.753,80.0,516.17,23.33,4.004,1019.0,11.53,0.0685,0.871
55,13,LWC-65,FINE-80,79.112,80.0,518.74,23.6,4.024,1021.2,11.53,0.0685,0.871
55,14,LWC-65,FINE-80,79.804,80.0,518.12,23.55,3.947,1016.2,11.53,0.0685,0.871
55,15,LWC-65,FINE-80,80.464,80.0,517.73,23.06,3.965,1023.3,11.53,0.0685,0.871
55,16,LWC-65,FINE-80,79.422,80.0,516.43,23.44,3.986,1011.4,11.53,0.0685,0.871
55,17,LWC-65,FINE-80,79.349,80.0,514.83,23.59,4.033,1024.0,11.53,0.0685,0.871
55,18,LWC-65,FINE-80,79.33,80.0,517.41,23.9,3.984,1020.8,11.53,0.0685,0.871
55,19,LWC-65,FINE-80,78.922,80.0,522.08,22.47,3.908,1030.0,11.53,0.0685,0.871
55,20,LWC-65,FINE-80,80.591,80.0,520.53,24.34,3.988,1019.4,11.53,0.0685,0.871
55,21,LWC-65,FINE-80,79.431,80.0,519.35,24.34,4.035,1019.3,11.53,0.0685,0.871
55,22,LWC-65,FINE-80,79.362,80.0,521.26,24.58,4.066,1023.6,11.53,0.0685,0.871
55,23,LWC-65,FINE-80,80.377,80.0,517.27,23.24,4.013,1019.4,11.53,0.0685,0.871
55,24,LWC-65,FINE-80,79.976,80.0,519.99,23.85,3.925,1021.5,11.53,0.0685,0.871
56,0,LWC-58,LWC-65,57.089,65.0,416.9,18.06,3.186,1150.8,5.181,0.0645,2.354
56,1,LWC-58,LWC-65,57.64,65.0,424.57,18.32,3.201,1142.6,5.181,0.0645,2.354
56,2,LWC-58,LWC-65,59.749,65.0,436.12,19.28,3.321,1140.9,5.181,0.0645,2.354
56,3,LWC-58,LWC-65,60.448,65.0,437.25,18.95,3.378,1143.3,5.181,0.0645,2.354
56,4,LWC-58,LWC-65,61.884,65.0,441.28,19.85,3.305,1133.1,5.181,0.0645,2.354
56,5,LWC-58,LWC-65,62.067,65.0,446.45,19.44,3.439,1134.1,5.181,0.0645,2.354
56,6,LWC-58,LWC-65,62.693,65.0,447.48,20.41,3.353,1134.6,5.181,0.0645,2.354
56,7,LWC-58,LWC-65,62.222,65.0,452.01,18.92,3.457,1127.2,5.181,0.0645,2.354
56,8,LWC-58,LWC-65,62.596,65.0,450.89,20.5,3.493,1120.1,5.181,0.0645,2.354
56,9,LWC-58,LWC-65,63.454,65.0,452.21,19.54,3.435,1122.2,5.181,0.0645,2.354
56,10,LWC-58,LWC-65,63.359,65.0,452.45,20.54,3.409,1122.2,5.181,0.0645,2.354
56,11,LWC-58,LWC-65,63.717,65.0,459.13,20.43,3.429,1124.4,5.181,0.0645,2.354
56,12,LWC-58,LWC-65,64.861,65.0,456.12,18.44,3.484,1125.0,5.181,0.0645,2.354
56,13,LWC-58,LWC-65,64.611,65.0,454.59,20.14,3.57,1128.2,5.181,0.0645,2.354
56,14,LWC-58,LWC-65,64.099,65.0,457.89,20.42,3.392,1117.3,5.181,0.0645,2.354
56,15,LWC-58,LWC-65,63.774,65.0,456.66,20.6,3.485,1126.3,5.181,0.0645,2.354
56,16,LWC-58,LWC-65,64.265,65.0,457.55,19.36,3.479,1120.7,5.181,0.0645,2.354
56,17,LWC-58,LWC-65,64.476,65.0,459.26,20.25,3.464,1113.2,5.181,0.0645,2.354
56,18,LWC-58,LWC-65,64.607,65.0,461.93,20.06,3.485,1121.9,5.181,0.0645,2.354
56,19,LWC-58,LWC-65,64.369,65.0,459.29,20.19,3.464,1128.2,5.181,0.0645,2.354
56,20,LWC-58,LWC-65,65.134,65.0,457.83,20.48,3.554,1125.8,5.181,0.0645,2.354
56,21,LWC-58,LWC-65,64.616,65.0,458.38,20.56,3.561,1120.8,5.181,0.0645,2.354
56,22,LWC-58,LWC-65,65.052,65.0,460.81,19.66,3.499,1126.6,5.181,0.0645,2.354
56,23,LWC-58,LWC-65,64.898,65.0,455.68,20.12,3.489,1121.8,5.181,0.0645,2.354
56,24,LWC-58,LWC-65,65.183,65.0,457.58,20.01,3.472,1125.6,5.181,0.0645,2.354
57,0,LWC-58,FINE-90,55.895,90.0,429.06,15.42,3.298,1132.3,13.164,0.064,1.199
57,1,LWC-58,FINE-90,60.813,90.0,446.9,17.17,3.356,1111.8,13.164,0.064,1.199
57,2,LWC-58,FINE-90,65.942,90.0,464.21,18.31,3.473,1094.9,13.164,0.064,1.199
57,3,LWC-58,FINE-90,68.401,90.0,482.49,19.62,3.63,1079.4,13.164,0.064,1.199
57,4,LWC-58,FINE-90,72.491,90.0,494.85,20.87,3.741,1073.1,13.164,0.064,1.199
57,5,LWC-58,FINE-90,74.546,90.0,502.55,20.44,3.844,1048.3,13.164,0.064,1.199
57,6,LWC-58,FINE-90,77.014,90.0,518.27,22.69,3.859,1038.3,13.164,0.064,1.199
57,7,LWC-58,FINE-90,78.678,90.0,522.66,22.68,3.884,1032.9,13.164,0.064,1.199
57,8,LWC-58,FINE-90,80.281,90.0,531.38,24.15,4.105,1031.6,13.164,0.064,1.199
57,9,LWC-58,FINE-90,81.489,90.0,539.42,23.59,3.969,1032.7,13.164,0.064,1.199
57,10,LWC-58,FINE-90,82.112,90.0,541.69,23.9,4.065,1022.4,13.164,0.064,1.199
57,11,LWC-58,FINE-90,83.642,90.0,548.0,24.54,4.134,1016.1,13.164,0.064,1.199
57,12,LWC-58,FINE-90,85.065,90.0,547.35,25.18,4.181,1008.5,13.164,0.064,1.199
57,13,LWC-58,FINE-90,85.712,90.0,555.0,25.07,4.12,998.5,13.164,0.064,1.199
57,14,LWC-58,FINE-90,86.239,90.0,553.14,25.73,4.076,1004.5,13.164,0.064,1.199
57,15,LWC-58,FINE-90,85.196,90.0,555.9,25.46,4.158,1009.2,13.164,0.064,1.199
57,16,LWC-58,FINE-90,86.854,90.0,556.04,25.85,4.246,995.4,13.164,0.064,1.199
57,17,LWC-58,FINE-90,87.21,90.0,561.12,27.11,4.249,991.7,13.164,0.064,1.199
57,18,LWC-58,FINE-90,87.085,90.0,563.24,26.3,4.262,991.5,13.164,0.064,1.199
57,19,LWC-58,FINE-90,88.642,90.0,564.69,26.46,4.274,994.0,13.164,0.064,1.199
57,20,LWC-58,FINE-90,87.093,90.0,561.31,25.6,4.314,990.2,13.164,0.064,1.199
57,21,LWC-58,FINE-90,89.099,90.0,565.78,27.11,4.215,992.9,13.164,0.064,1.199
57,22,LWC-58,FINE-90,89.603,90.0,566.59,27.04,4.201,987.1,13.164,0.064,1.199
57,23,LWC-58,FINE-90,88.819,90.0,567.62,26.21,4.285,985.1,13.164,0.064,1.199
57,24,LWC-58,FINE-90,89.05,90.0,565.38,27.15,4.218,986.7,13.164,0.064,1.199
58,0,LWC-58,LWC-65,54.916,65.0,419.24,17.79,3.218,1134.0,11.427,0.0744,4.615
58,1,LWC-58,LWC-65,56.523,65.0,423.82,17.55,3.136,1133.5,11.427,0.0744,4.615
58,2,LWC-58,LWC-65,57.525,65.0,431.41,18.06,3.333,1131.7,11.427,0.0744,4.615
58,3,LWC-58,LWC-65,58.437,65.0,435.12,19.6,3.384,1122.8,11.427,0.0744,4.615
58,4,LWC-58,LWC-65,59.423,65.0,438.29,18.87,3.458,1127.7,11.427,0.0744,4.615
58,5,LWC-58,LWC-65,60.46,65.0,440.83,18.07,3.286,1122.8,11.427,0.0744,4.615
58,6,LWC-58,LWC-65,61.181,65.0,442.25,19.26,3.317,1108.9,11.427,0.0744,4.615
58,7,LWC-58,LWC-65,61.363,65.0,450.16,19.79,3.437,1140.5,11.427,0.0744,4.615
58,8,LWC-58,LWC-65,62.69,65.0,446.95,18.8,3.477,1120.4,11.427,0.0744,4.615
58,9,LWC-58,LWC-65,62.376,65.0,447.49,19.12,3.47,1120.0,11.427,0.0744,4.615
58,10,LWC-58,LWC-65,62.607,65.0,450.77,20.16,3.495,1116.5,11.427,0.0744,4.615
58,11,LWC-58,LWC-65,63.467,65.0,451.55,19.53,3.519,1117.5,11.427,0.0744,4.615
58,12,LWC-58,LWC-65,62.683,65.0,452.36,19.51,3.467,1121.4,11.427,0.0744,4.615
58,13,LWC-58,LWC-65,63.672,65.0,457.69,18.96,3.453,1128.8,11.427,0.0744,4.615
58,14,LWC-58,LWC-65,63.707,65.0,452.49,20.22,3.401,1120.8,11.427,0.0744,4.615
58,15,LWC-58,LWC-65,64.338,65.0,455.53,19.63,3.459,1119.9,11.427,0.0744,4.615
58,16,LWC-58,LWC-65,64.235,65.0,453.94,18.68,3.471,1127.3,11.427,0.0744,4.615
58,17,LWC-58,LWC-65,64.224,65.0,455.51,19.01,3.434,1118.5,11.427,0.0744,4.615
58,18,LWC-58,LWC-65,64.493,65.0,460.52,19.54,3.482,1121.0,11.427,0.0744,4.615
58,19,LWC-58,LWC-65,64.074,65.0,458.01,19.31,3.433,1116.2,11.427,0.0744,4.615
58,20,LWC-58,LWC-65,64.764,65.0,458.33,19.41,3.544,1129.1,11.427,0.0744,4.615
58,21,LWC-58,LWC-65,64.143,65.0,456.21,21.05,3.512,1125.8,11.427,0.0744,4.615
58,22,LWC-58,LWC-65,64.716,65.0,457.49,20.25,3.469,1119.7,11.427,0.0744,4.615
58,23,LWC-58,LWC-65,64.673,65.0,462.21,18.62,3.502,1118.4,11.427,0.0744,4.615
58,24,LWC-58,LWC-65,64.179,65.0,459.76,19.77,3.439,1120.2,11.427,0.0744,4.615
59,0,LWC-58,NEWS-45,56.95,45.0,425.36,16.65,3.059,1128.6,11.627,0.0942,3.32
59,1,LWC-58,NEWS-45,54.537,45.0,403.42,16.2,2.965,1159.2,11.627,0.0942,3.32
59,2,LWC-58,NEWS-45,52.427,45.0,385.63,14.55,2.98,1174.5,11.627,0.0942,3.32
59,3,LWC-58,NEWS-45,49.708,45.0,374.49,13.98,2.864,1197.3,11.627,0.0942,3.32
59,4,LWC-58,NEWS-45,48.949,45.0,367.96,13.53,2.808,1201.7,11.627,0.0942,3.32
59,5,LWC-58,NEWS-45,48.604,45.0,359.85,13.86,2.724,1220.8,11.627,0.0942,3.32
59,6,LWC-58,NEWS-45,47.02,45.0,355.67,13.11,2.747,1229.4,11.627,0.0942,3.32
59,7,LWC-58,NEWS-45,47.204,45.0,353.41,12.93,2.666,1227.4,11.627,0.0942,3.32
59,8,LWC-58,NEWS-45,46.404,45.0,348.97,12.62,2.688,1236.6,11.627,0.0942,3.32
59,9,LWC-58,NEWS-45,46.059,45.0,342.2,13.09,2.609,1234.6,11.627,0.0942,3.32
59,10,LWC-58,NEWS-45,45.844,45.0,345.04,12.42,2.644,1244.1,11.627,0.0942,3.32
59,11,LWC-58,NEWS-45,45.732,45.0,342.12,12.45,2.743,1240.1,11.627,0.0942,3.32
59,12,LWC-58,NEWS-45,45.194,45.0,346.12,11.97,2.612,1248.9,11.627,0.0942,3.32
59,13,LWC-58,NEWS-45,45.289,45.0,342.66,12.77,2.619,1237.1,11.627,0.0942,3.32
59,14,LWC-58,NEWS-45,45.392,45.0,340.2,12.76,2.61,1242.0,11.627,0.0942,3.32
59,15,LWC-58,NEWS-45,45.268,45.0,342.17,12.1,2.625,1242.2,11.627,0.0942,3.32
59,16,LWC-58,NEWS-45,45.269,45.0,340.95,11.8,2.636,1249.3,11.627,0.0942,3.32
59,17,LWC-58,NEWS-45,44.91,45.0,337.14,11.26,2.623,1251.4,11.627,0.0942,3.32
59,18,LWC-58,NEWS-45,45.285,45.0,342.16,11.62,2.622,1250.4,11.627,0.0942,3.32
59,19,LWC-58,NEWS-45,45.111,45.0,339.51,10.96,2.597,1246.6,11.627,0.0942,3.32
59,20,LWC-58,NEWS-45,44.582,45.0,343.08,11.58,2.61,1235.4,11.627,0.0942,3.32
59,21,LWC-58,NEWS-45,44.883,45.0,339.93,12.2,2.593,1249.7,11.627,0.0942,3.32
59,22,LWC-58,NEWS-45,44.764,45.0,343.01,11.99,2.513,1253.6,11.627,0.0942,3.32
59,23,LWC-58,NEWS-45,44.752,45.0,340.95,13.18,2.734,1263.1,11.627,0.0942,3.32
59,24,LWC-58,NEWS-45,44.876,45.0,342.02,11.83,2.638,1247.7,11.627,0.0942,3.32
60,0,FINE-80,SC-60,80.344,60.0,529.98,24.61,3.818,1043.9,7.769,0.068,3.352
60,1,FINE-80,SC-60,77.43,60.0,525.38,22.47,3.807,1059.8,7.769,0.068,3.352
60,2,FINE-80,SC-60,75.487,60.0,509.09,22.17,3.728,1057.1,7.769,0.068,3.352
60,3,FINE-80,SC-60,73.543,60.0,497.58,21.12,3.628,1080.7,7.769,0.068,3.352
60,4,FINE-80,SC-60,71.722,60.0,488.91,19.61,3.553,1102.3,7.769,0.068,3.352
60,5,FINE-80,SC-60,69.939,60.0,480.63,19.01,3.543,1108.5,7.769,0.068,3.352
60,6,FINE-80,SC-60,68.298,60.0,475.69,19.31,3.47,1111.4,7.769,0.068,3.352
60,7,FINE-80,SC-60,66.248,60.0,465.26,19.76,3.552,1120.9,7.769,0.068,3.352
60,8,FINE-80,SC-60,66.315,60.0,460.96,19.31,3.432,1121.0,7.769,0.068,3.352
60,9,FINE-80,SC-60,65.367,60.0,459.27,19.1,3.417,1135.6,7.769,0.068,3.352
60,10,FINE-80,SC-60,64.67,60.0,455.91,17.92,3.292,1151.9,7.769,0.068,3.352
60,11,FINE-80,SC-60,64.007,60.0,452.57,19.02,3.378,1149.0,7.769,0.068,3.352
60,12,FINE-80,SC-60,63.043,60.0,446.79,17.56,3.417,1159.4,7.769,0.068,3.352
60,13,FINE-80,SC-60,63.134,60.0,443.89,18.0,3.31,1155.9,7.769,0.068,3.352
60,14,FINE-80,SC-60,62.748,60.0,442.67,17.76,3.317,1159.3,7.769,0.068,3.352
60,15,FINE-80,SC-60,62.41,60.0,442.28,17.57,3.386,1166.2,7.769,0.068,3.352
60,16,FINE-80,SC-60,62.186,60.0,443.16,18.23,3.265,1160.2,7.769,0.068,3.352
60,17,FINE-80,SC-60,61.821,60.0,434.7,17.13,3.386,1159.0,7.769,0.068,3.352
60,18,FINE-80,SC-60,61.291,60.0,437.15,16.74,3.302,1166.5,7.769,0.068,3.352
60,19,FINE-80,SC-60,61.198,60.0,433.88,17.37,3.305,1169.8,7.769,0.068,3.352
60,20,FINE-80,SC-60,61.079,60.0,432.35,17.1,3.265,1161.2,7.769,0.068,3.352
60,21,FINE-80,SC-60,60.939,60.0,436.81,18.95,3.337,1160.9,7.769,0.068,3.352
60,22,FINE-80,SC-60,61.081,60.0,435.3,17.56,3.438,1166.0,7.769,0.068,3.352
60,23,FINE-80,SC-60,60.867,60.0,434.53,16.99,3.352,1170.1,7.769,0.068,3.352
60,24,FINE-80,SC-60,61.204,60.0,434.98,16.64,3.268,1170.5,7.769,0.068,3.352
61,0,FINE-80,LWC-65,81.26,65.0,533.14,23.32,3.846,1001.7,7.306,0.0672,3.032
61,1,FINE-80,LWC-65,78.105,65.0,523.39,23.11,3.776,1029.7,7.306,0.0672,3.032
61,2,FINE-80,LWC-65,75.9,65.0,512.94,23.04,3.782,1047.2,7.306,0.0672,3.032
61,3,FINE-80,LWC-65,74.329,65.0,502.41,22.47,3.763,1054.2,7.306,0.0672,3.032
61,4,FINE-80,LWC-65,72.454,65.0,495.11,21.22,3.735,1074.2,7.306,0.0672,3.032
61,5,FINE-80,LWC-65,70.992,65.0,492.27,21.67,3.702,1080.4,7.306,0.0672,3.032
61,6,FINE-80,LWC-65,69.87,65.0,484.84,21.5,3.658,1079.9,7.306,0.0672,3.032
61,7,FINE-80,LWC-65,69.088,65.0,481.26,21.06,3.529,1093.0,7.306,0.0672,3.032
61,8,FINE-80,LWC-65,68.163,65.0,480.09,21.38,3.588,1108.3,7.306,0.0672,3.032
61,9,FINE-80,LWC-65,67.481,65.0,479.48,20.39,3.623,1101.9,7.306,0.0672,3.032
61,10,FINE-80,LWC-65,67.344,65.0,470.96,20.77,3.584,1097.9,7.306,0.0672,3.032
61,11,FINE-80,LWC-65,66.662,65.0,469.57,19.88,3.56,1113.7,7.306,0.0672,3.032
61,12,FINE-80,LWC-65,66.053,65.0,468.5,19.58,3.559,1107.0,7.306,0.0672,3.032
61,13,FINE-80,LWC-65,66.581,65.0,467.15,20.71,3.551,1114.4,7.306,0.0672,3.032
61,14,FINE-80,LWC-65,65.375,65.0,466.56,20.27,3.431,1113.8,7.306,0.0672,3.032
61,15,FINE-80,LWC-65,66.218,65.0,463.86,19.98,3.582,1124.5,7.306,0.0672,3.032
61,16,FINE-80,LWC-65,65.773,65.0,461.5,19.65,3.514,1115.7,7.306,0.0672,3.032
61,17,FINE-80,LWC-65,65.216,65.0,466.87,20.56,3.552,1111.5,7.306,0.0672,3.032
61,18,FINE-80,LWC-65,65.42,65.0,464.03,19.37,3.398,1115.4,7.306,0.0672,3.032
61,19,FINE-80,LWC-65,65.208,65.0,461.5,20.6,3.594,1112.1,7.306,0.0672,3.032
61,20,FINE-80,LWC-65,65.516,65.0,462.82,20.31,3.451,1117.5,7.306,0.0672,3.032
61,21,FINE-80,LWC-65,65.46,65.0,465.29,19.34,3.635,1127.7,7.306,0.0672,3.032
61,22,FINE-80,LWC-65,65.32,65.0,459.78,20.12,3.612,1125.3,7.306,0.0672,3.032
61,23,FINE-80,LWC-65,65.372,65.0,461.55,21.37,3.439,1129.5,7.306,0.0672,3.032
61,24,FINE-80,LWC-65,65.086,65.0,458.16,20.63,3.545,1121.8,7.306,0.0672,3.032
62,0,FINE-90,LWC-65,89.858,65.0,575.65,26.58,4.236,1018.0,11.621,0.1378,0.669
62,1,FINE-90,LWC-65,85.898,65.0,554.32,26.41,4.191,1022.8,11.621,0.1378,0.669
62,2,FINE-90,LWC-65,83.601,65.0,543.98,24.72,4.106,1039.5,11.621,0.1378,0.669
62,3,FINE-90,LWC-65,80.982,65.0,533.75,24.19,4.009,1050.4,11.621,0.1378,0.669
62,4,FINE-90,LWC-65,80.544,65.0,528.21,24.22,3.946,1055.5,11.621,0.1378,0.669
62,5,FINE-90,LWC-65,79.037,65.0,513.51,23.43,3.946,1050.3,11.621,0.1378,0.669
62,6,FINE-90,LWC-65,76.684,65.0,512.96,23.29,3.832,1069.0,11.621,0.1378,0.669
62,7,FINE-90,LWC-65,74.59,65.0,504.25,22.74,3.808,1081.0,11.621,0.1378,0.669
62,8,FINE-90,LWC-65,75.434,65.0,498.11,22.53,3.724,1082.8,11.621,0.1378,0.669
62,9,FINE-90,LWC-65,72.428,65.0,490.55,21.78,3.642,1087.0,11.621,0.1378,0.669
62,10,FINE-90,LWC-65,70.317,65.0,489.5,21.86,3.649,1080.3,11.621,0.1378,0.669
62,11,FINE-90,LWC-65,71.671,65.0,483.29,21.06,3.66,1088.9,11.621,0.1378,0.669
62,12,FINE-90,LWC-65,69.639,65.0,484.11,21.98,3.643,1097.8,11.621,0.1378,0.669
62,13,FINE-90,LWC-65,70.735,65.0,476.88,20.85,3.718,1100.6,11.621,0.1378,0.669
62,14,FINE-90,LWC-65,69.024,65.0,476.19,21.58,3.611,1107.2,11.621,0.1378,0.669
62,15,FINE-90,LWC-65,69.339,65.0,473.21,20.77,3.652,1102.6,11.621,0.1378,0.669
62,16,FINE-90,LWC-65,69.558,65.0,470.52,20.88,3.56,1107.3,11.621,0.1378,0.669
62,17,FINE-90,LWC-65,66.991,65.0,472.38,20.43,3.555,1107.0,11.621,0.1378,0.669
62,18,FINE-90,LWC-65,67.177,65.0,470.58,20.09,3.496,1103.6,11.621,0.1378,0.669
62,19,FINE-90,LWC-65,67.278,65.0,470.71,19.65,3.517,1098.6,11.621,0.1378,0.669
62,20,FINE-90,LWC-65,68.349,65.0,463.67,19.93,3.574,1113.2,11.621,0.1378,0.669
62,21,FINE-90,LWC-65,66.28,65.0,468.44,20.23,3.542,1112.9,11.621,0.1378,0.669
62,22,FINE-90,LWC-65,66.121,65.0,470.51,20.45,3.583,1109.9,11.621,0.1378,0.669
62,23,FINE-90,LWC-65,66.826,65.0,463.9,20.81,3.541,1105.7,11.621,0.1378,0.669
62,24,FINE-90,LWC-65,65.782,65.0,467.98,20.04,3.51,1117.7,11.621,0.1378,0.669
63,0,LWC-65,NEWS-45,65.405,45.0,481.61,22.21,3.66,1130.9,5.002,0.1346,2.185
63,1,LWC-65,NEWS-45,62.18,45.0,452.7,19.09,3.429,1136.7,5.002,0.1346,2.185
63,2,LWC-65,NEWS-45,58.962,45.0,430.76,19.95,3.32,1163.0,5.002,0.1346,2.185
63,3,LWC-65,NEWS-45,56.766,45.0,419.09,17.7,3.16,1177.3,5.002,0.1346,2.185
63,4,LWC-65,NEWS-45,55.346,45.0,404.51,16.18,3.019,1195.9,5.002,0.1346,2.185
63,5,LWC-65,NEWS-45,52.796,45.0,391.13,15.4,3.034,1210.9,5.002,0.1346,2.185
63,6,LWC-65,NEWS-45,51.533,45.0,386.14,14.75,2.987,1212.0,5.002,0.1346,2.185
63,7,LWC-65,NEWS-45,50.593,45.0,371.54,15.27,2.992,1223.4,5.002,0.1346,2.185
63,8,LWC-65,NEWS-45,49.22,45.0,366.33,14.36,2.835,1227.9,5.002,0.1346,2.185
63,9,LWC-65,NEWS-45,48.994,45.0,362.55,13.34,2.731,1229.8,5.002,0.1346,2.185
63,10,LWC-65,NEWS-45,47.498,45.0,358.68,12.65,2.736,1235.6,5.002,0.1346,2.185
63,11,LWC-65,NEWS-45,47.322,45.0,358.85,13.63,2.719,1237.0,5.002,0.1346,2.185
63,12,LWC-65,NEWS-45,46.917,45.0,353.17,13.26,2.712,1237.6,5.002,0.1346,2.185
63,13,LWC-65,NEWS-45,46.699,45.0,350.34,13.04,2.71,1242.3,5.002,0.1346,2.185
63,14,LWC-65,NEWS-45,45.769,45.0,346.27,12.52,2.69,1249.3,5.002,0.1346,2.185
63,15,LWC-65,NEWS-45,46.525,45.0,349.4,12.31,2.698,1245.8,5.002,0.1346,2.185
63,16,LWC-65,NEWS-45,46.045,45.0,343.66,13.22,2.659,1245.7,5.002,0.1346,2.185
63,17,LWC-65,NEWS-45,46.094,45.0,342.32,13.19,2.529,1241.2,5.002,0.1346,2.185
63,18,LWC-65,NEWS-45,46.107,45.0,343.2,12.57,2.645,1253.4,5.002,0.1346,2.185
63,19,LWC-65,NEWS-45,45.29,45.0,343.61,12.69,2.632,1240.0,5.002,0.1346,2.185
63,20,LWC-65,NEWS-45,44.673,45.0,341.25,12.28,2.65,1239.0,5.002,0.1346,2.185
63,21,LWC-65,NEWS-45,45.69,45.0,343.62,11.45,2.601,1249.8,5.002,0.1346,2.185
63,22,LWC-65,NEWS-45,45.199,45.0,341.25,11.62,2.627,1243.9,5.002,0.1346,2.185
63,23,LWC-65,NEWS-45,44.895,45.0,343.59,12.66,2.641,1254.1,5.002,0.1346,2.185
63,24,LWC-65,NEWS-45,45.366,45.0,342.23,12.71,2.603,1240.4,5.002,0.1346,2.185
64,0,FINE-80,FINE-90,79.879,90.0,506.13,23.19,4.07,998.3,4.89,0.1289,4.159
64,1,FINE-80,FINE-90,81.559,90.0,515.52,23.87,3.985,995.6,4.89,0.1289,4.159
64,2,FINE-80,FINE-90,82.746,90.0,524.2,23.78,4.073,1000.0,4.89,0.1289,4.159
64,3,FINE-80,FINE-90,84.877,90.0,529.43,23.98,4.141,996.4,4.89,0.1289,4.159
64,4,FINE-80,FINE-90,85.111,90.0,534.98,25.23,4.189,990.8,4.89,0.1289,4.159
64,5,FINE-80,FINE-90,85.737,90.0,544.0,25.69,4.223,986.5,4.89,0.1289,4.159
64,6,FINE-80,FINE-90,86.2,90.0,544.85,24.81,4.208,981.1,4.89,0.1289,4.159
64,7,FINE-80,FINE-90,86.694,90.0,550.14,25.04,4.232,993.7,4.89,0.1289,4.159
64,8,FINE-80,FINE-90,87.265,90.0,553.01,25.96,4.231,988.5,4.89,0.1289,4.159
64,9,FINE-80,FINE-90,87.796,90.0,558.27,26.34,4.272,981.2,4.89,0.1289,4.159
64,10,FINE-80,FINE-90,87.488,90.0,559.53,26.03,4.262,987.6,4.89,0.1289,4.159
64,11,FINE-80,FINE-90,87.873,90.0,556.91,26.64,4.257,983.0,4.89,0.1289,4.159
64,12,FINE-80,FINE-90,88.401,90.0,558.73,26.06,4.247,981.4,4.89,0.1289,4.159
64,13,FINE-80,FINE-90,88.865,90.0,563.63,25.44,4.27,984.6,4.89,0.1289,4.159
64,14,FINE-80,FINE-90,88.911,90.0,563.5,26.37,4.295,978.3,4.89,0.1289,4.159
64,15,FINE-80,FINE-90,89.579,90.0,563.69,26.67,4.289,980.0,4.89,0.1289,4.159
64,16,FINE-80,FINE-90,88.82,90.0,567.46,26.56,4.298,982.1,4.89,0.1289,4.159
64,17,FINE-80,FINE-90,89.15,90.0,566.51,26.16,4.349,978.7,4.89,0.1289,4.159
64,18,FINE-80,FINE-90,89.925,90.0,566.83,25.88,4.298,984.4,4.89,0.1289,4.159
64,19,FINE-80,FINE-90,89.588,90.0,568.79,26.56,4.254,990.2,4.89,0.1289,4.159
64,20,FINE-80,FINE-90,89.881,90.0,566.9,27.29,4.333,977.0,4.89,0.1289,4.159
64,21,FINE-80,FINE-90,90.289,90.0,571.15,27.5,4.222,972.3,4.89,0.1289,4.159
64,22,FINE-80,FINE-90,89.514,90.0,566.74,27.48,4.238,970.5,4.89,0.1289,4.159
64,23,FINE-80,FINE-90,89.734,90.0,569.89,26.5,4.31,979.7,4.89,0.1289,4.159
64,24,FINE-80,FINE-90,89.718,90.0,571.66,26.34,4.32,977.1,4.89,0.1289,4.159
65,0,LWC-65,FINE-80,63.735,80.0,459.34,17.98,3.447,1116.4,11.026,0.1354,1.702
65,1,LWC-65,FINE-80,66.781,80.0,467.11,19.3,3.532,1095.8,11.026,0.1354,1.702
65,2,LWC-65,FINE-80,68.404,80.0,474.07,19.51,3.657,1090.2,11.026,0.1354,1.702
65,3,LWC-65,FINE-80,70.084,80.0,481.1,20.45,3.676,1079.0,11.026,0.1354,1.702
65,4,LWC-65,FINE-80,72.167,80.0,490.64,20.48,3.762,1064.9,11.026,0.1354,1.702
65,5,LWC-65,FINE-80,72.914,80.0,490.76,21.77,3.862,1066.9,11.026,0.1354,1.702
65,6,LWC-65,FINE-80,74.709,80.0,501.37,21.37,3.834,1064.6,11.026,0.1354,1.702
65,7,LWC-65,FINE-80,76.756,80.0,500.61,22.6,3.859,1046.3,11.026,0.1354,1.702
65,8,LWC-65,FINE-80,76.668,80.0,505.08,22.28,3.881,1052.1,11.026,0.1354,1.702
65,9,LWC-65,FINE-80,76.8,80.0,508.34,21.31,3.964,1040.1,11.026,0.1354,1.702
65,10,LWC-65,FINE-80,77.817,80.0,507.65,23.47,3.993,1039.6,11.026,0.1354,1.702
65,11,LWC-65,FINE-80,77.427,80.0,509.85,23.48,3.962,1036.2,11.026,0.1354,1.702
65,12,LWC-65,FINE-80,77.865,80.0,512.51,24.04,3.958,1034.2,11.026,0.1354,1.702
65,13,LWC-65,FINE-80,78.458,80.0,511.77,22.42,3.971,1034.6,11.026,0.1354,1.702
65,14,LWC-65,FINE-80,78.782,80.0,512.38,23.23,4.038,1025.3,11.026,0.1354,1.702
65,15,LWC-65,FINE-80,78.414,80.0,513.44,23.7,3.996,1035.3,11.026,0.1354,1.702
65,16,LWC-65,FINE-80,79.004,80.0,518.54,23.98,4.053,1030.1,11.026,0.1354,1.702
65,17,LWC-65,FINE-80,79.218,80.0,517.54,23.01,3.96,1030.6,11.026,0.1354,1.702
65,18,LWC-65,FINE-80,80.046,80.0,515.68,24.0,3.917,1021.6,11.026,0.1354,1.702
65,19,LWC-65,FINE-80,78.959,80.0,519.44,23.54,3.954,1019.1,11.026,0.1354,1.702
65,20,LWC-65,FINE-80,79.004,80.0,516.59,22.93,3.961,1029.9,11.026,0.1354,1.702
65,21,LWC-65,FINE-80,79.729,80.0,514.47,23.5,4.071,1017.6,11.026,0.1354,1.702
65,22,LWC-65,FINE-80,80.196,80.0,520.03,24.16,4.029,1023.6,11.026,0.1354,1.702
65,23,LWC-65,FINE-80,79.993,80.0,522.14,23.01,3.962,1027.6,11.026,0.1354,1.702
65,24,LWC-65,FINE-80,79.928,80.0,520.15,24.25,4.035,1021.5,11.026,0.1354,1.702
66,0,NEWS-48,SC-52,49.299,52.0,366.63,12.92,2.645,1243.5,9.811,0.1005,2.294
66,1,NEWS-48,SC-52,49.552,52.0,369.79,13.95,2.652,1239.6,9.811,0.1005,2.294
66,2,NEWS-48,SC-52,49.841,52.0,372.35,14.0,2.63,1226.0,9.811,0.1005,2.294
66,3,NEWS-48,SC-52,50.029,52.0,369.73,14.43,2.671,1221.6,9.811,0.1005,2.294
66,4,NEWS-48,SC-52,50.637,52.0,374.22,13.95,2.77,1213.6,9.811,0.1005,2.294
66,5,NEWS-48,SC-52,51.047,52.0,372.98,13.6,2.766,1212.3,9.811,0.1005,2.294
66,6,NEWS-48,SC-52,51.5,52.0,379.39,15.29,2.794,1202.7,9.811,0.1005,2.294
66,7,NEWS-48,SC-52,51.509,52.0,377.4,15.68,2.879,1207.7,9.811,0.1005,2.294
66,8,NEWS-48,SC-52,52.053,52.0,377.67,15.51,2.879,1208.4,9.811,0.1005,2.294
66,9,NEWS-48,SC-52,51.354,52.0,380.27,14.63,2.922,1208.6,9.811,0.1005,2.294
66,10,NEWS-48,SC-52,52.002,52.0,379.66,14.27,2.813,1211.8,9.811,0.1005,2.294
66,11,NEWS-48,SC-52,51.809,52.0,376.81,14.35,2.852,1202.5,9.811,0.1005,2.294
66,12,NEWS-48,SC-52,52.047,52.0,379.13,14.07,2.913,1202.3,9.811,0.1005,2.294
66,13,NEWS-48,SC-52,51.743,52.0,378.76,14.88,2.902,1193.0,9.811,0.1005,2.294
66,14,NEWS-48,SC-52,52.223,52.0,376.07,15.75,2.96,1197.8,9.811,0.1005,2.294
66,15,NEWS-48,SC-52,52.011,52.0,378.27,14.89,2.908,1199.4,9.811,0.1005,2.294
66,16,NEWS-48,SC-52,51.736,52.0,379.36,15.12,2.982,1205.5,9.811,0.1005,2.294
66,17,NEWS-48,SC-52,51.949,52.0,379.56,15.67,2.918,1197.1,9.811,0.1005,2.294
66,18,NEWS-48,SC-52,51.891,52.0,376.87,14.78,2.946,1204.1,9.811,0.1005,2.294
66,19,NEWS-48,SC-52,52.118,52.0,382.17,16.01,2.878,1200.1,9.811,0.1005,2.294
66,20,NEWS-48,SC-52,51.623,52.0,379.69,15.99,2.896,1199.2,9.811,0.1005,2.294
66,21,NEWS-48,SC-52,51.973,52.0,380.0,14.93,2.942,1201.3,9.811,0.1005,2.294
66,22,NEWS-48,SC-52,52.105,52.0,380.74,14.71,2.978,1198.1,9.811,0.1005,2.294
66,23,NEWS-48,SC-52,51.999,52.0,378.37,15.34,2.934,1197.9,9.811,0.1005,2.294
66,24,NEWS-48,SC-52,52.396,52.0,380.87,14.82,2.894,1191.5,9.811,0.1005,2.294
67,0,FINE-90,SC-52,94.486,52.0,574.98,27.55,4.267,981.7,10.472,0.1334,3.559
67,1,FINE-90,SC-52,85.197,52.0,530.36,24.85,3.92,1029.9,10.472,0.1334,3.559
67,2,FINE-90,SC-52,77.839,52.0,495.75,22.66,3.602,1073.7,10.472,0.1334,3.559
67,3,FINE-90,SC-52,72.222,52.0,472.52,20.67,3.505,1106.7,10.472,0.1334,3.559
67,4,FINE-90,SC-52,67.54,52.0,450.1,20.12,3.233,1135.9,10.472,0.1334,3.559
67,5,FINE-90,SC-52,64.419,52.0,431.64,18.14,3.236,1156.7,10.472,0.1334,3.559
67,6,FINE-90,SC-52,61.863,52.0,421.08,17.78,3.186,1170.1,10.472,0.1334,3.559
67,7,FINE-90,SC-52,59.073,52.0,411.84,17.36,3.074,1164.4,10.472,0.1334,3.559
67,8,FINE-90,SC-52,58.247,52.0,400.51,16.67,3.006,1176.3,10.472,0.1334,3.559
67,9,FINE-90,SC-52,56.356,52.0,398.74,16.63,2.995,1180.9,10.472,0.1334,3.559
67,10,FINE-90,SC-52,56.057,52.0,396.22,15.74,2.938,1189.6,10.472,0.1334,3.559
67,11,FINE-90,SC-52,54.603,52.0,391.13,16.05,2.842,1192.4,10.472,0.1334,3.559
67,12,FINE-90,SC-52,54.304,52.0,389.31,15.89,2.883,1190.2,10.472,0.1334,3.559
67,13,FINE-90,SC-52,53.838,52.0,387.77,15.92,2.923,1191.6,10.472,0.1334,3.559
67,14,FINE-90,SC-52,53.149,52.0,384.56,14.39,2.87,1191.2,10.472,0.1334,3.559
67,15,FINE-90,SC-52,53.006,52.0,385.51,15.51,2.892,1183.9,10.472,0.1334,3.559
67,16,FINE-90,SC-52,53.197,52.0,386.04,15.65,2.933,1191.4,10.472,0.1334,3.559
67,17,FINE-90,SC-52,52.499,52.0,379.37,14.95,2.914,1202.7,10.472,0.1334,3.559
67,18,FINE-90,SC-52,52.338,52.0,381.17,14.85,2.958,1206.1,10.472,0.1334,3.559
67,19,FINE-90,SC-52,52.014,52.0,386.1,14.74,2.918,1205.8,10.472,0.1334,3.559
67,20,FINE-90,SC-52,52.75,52.0,381.45,14.55,2.92,1203.9,10.472,0.1334,3.559
67,21,FINE-90,SC-52,52.074,52.0,380.79,15.39,2.866,1194.4,10.472,0.1334,3.559
67,22,FINE-90,SC-52,52.529,52.0,380.15,16.18,2.835,1193.7,10.472,0.1334,3.559
67,23,FINE-90,SC-52,51.951,52.0,383.06,14.75,2.88,1190.7,10.472,0.1334,3.559
67,24,FINE-90,SC-52,52.453,52.0,378.52,14.79,2.864,1196.9,10.472,0.1334,3.559
68,0,SC-52,SC-60,51.197,60.0,389.62,15.13,2.932,1214.2,4.428,0.0795,1.014
68,1,SC-52,SC-60,54.87,60.0,401.29,15.84,3.076,1196.4,4.428,0.0795,1.014
68,2,SC-52,SC-60,56.209,60.0,409.8,16.03,3.101,1186.7,4.428,0.0795,1.014
68,3,SC-52,SC-60,56.892,60.0,417.61,17.16,3.175,1177.0,4.428,0.0795,1.014
68,4,SC-52,SC-60,58.842,60.0,423.72,16.56,3.267,1182.1,4.428,0.0795,1.014
68,5,SC-52,SC-60,59.063,60.0,421.0,16.81,3.166,1171.6,4.428,0.0795,1.014
68,6,SC-52,SC-60,57.549,60.0,427.18,16.89,3.244,1171.5,4.428,0.0795,1.014
68,7,SC-52,SC-60,59.84,60.0,426.34,16.46,3.34,1171.8,4.428,0.0795,1.014
68,8,SC-52,SC-60,59.974,60.0,427.3,16.99,3.331,1174.1,4.428,0.0795,1.014
68,9,SC-52,SC-60,59.819,60.0,425.22,17.67,3.307,1173.5,4.428,0.0795,1.014
68,10,SC-52,SC-60,60.492,60.0,428.23,17.2,3.217,1167.8,4.428,0.0795,1.014
68,11,SC-52,SC-60,59.45,60.0,427.17,17.0,3.292,1167.5,4.428,0.0795,1.014
68,12,SC-52,SC-60,60.18,60.0,428.48,16.91,3.267,1173.3,4.428,0.0795,1.014
68,13,SC-52,SC-60,58.877,60.0,427.39,17.16,3.314,1173.6,4.428,0.0795,1.014
68,14,SC-52,SC-60,60.26,60.0,428.81,17.37,3.258,1168.1,4.428,0.0795,1.014
68,15,SC-52,SC-60,61.341,60.0,428.99,17.3,3.248,1162.1,4.428,0.0795,1.014
68,16,SC-52,SC-60,59.299,60.0,430.05,16.83,3.196,1169.0,4.428,0.0795,1.014
68,17,SC-52,SC-60,59.466,60.0,426.67,17.16,3.361,1173.1,4.428,0.0795,1.014
68,18,SC-52,SC-60,59.503,60.0,427.04,17.24,3.28,1179.0,4.428,0.0795,1.014
68,19,SC-52,SC-60,60.088,60.0,430.68,16.5,3.308,1164.0,4.428,0.0795,1.014
68,20,SC-52,SC-60,59.26,60.0,428.37,17.08,3.3,1167.9,4.428,0.0795,1.014
68,21,SC-52,SC-60,60.291,60.0,432.13,15.92,3.247,1168.1,4.428,0.0795,1.014
68,22,SC-52,SC-60,60.587,60.0,430.43,17.24,3.237,1176.8,4.428,0.0795,1.014
68,23,SC-52,SC-60,60.37,60.0,431.2,17.33,3.25,1169.8,4.428,0.0795,1.014
68,24,SC-52,SC-60,58.772,60.0,432.81,17.37,3.264,1165.5,4.428,0.0795,1.014
69,0,NEWS-48,SC-60,47.021,60.0,358.1,13.58,2.861,1238.8,13.246,0.1261,2.003
69,1,NEWS-48,SC-60,48.804,60.0,366.56,13.74,2.883,1227.4,13.246,0.1261,2.003
69,2,NEWS-48,SC-60,49.52,60.0,374.51,14.48,2.944,1222.6,13.246,0.1261,2.003
69,3,NEWS-48,SC-60,51.478,60.0,380.46,14.55,2.971,1218.3,13.246,0.1261,2.003
69,4,NEWS-48,SC-60,52.408,60.0,385.83,14.58,3.103,1217.9,13.246,0.1261,2.003
69,5,NEWS-48,SC-60,53.308,60.0,389.49,15.73,3.009,1203.1,13.246,0.1261,2.003
69,6,NEWS-48,SC-60,54.246,60.0,392.44,15.52,3.143,1202.1,13.246,0.1261,2.003
69,7,NEWS-48,SC-60,54.697,60.0,400.75,15.57,3.168,1202.0,13.246,0.1261,2.003
69,8,NEWS-48,SC-60,55.507,60.0,403.97,15.98,3.216,1187.1,13.246,0.1261,2.003
69,9,NEWS-48,SC-60,55.735,60.0,404.75,15.09,3.168,1201.4,13.246,0.1261,2.003
69,10,NEWS-48,SC-60,56.617,60.0,409.45,17.1,3.131,1194.7,13.246,0.1261,2.003
69,11,NEWS-48,SC-60,56.859,60.0,410.76,16.19,3.188,1178.0,13.246,0.1261,2.003
69,12,NEWS-48,SC-60,56.76,60.0,415.44,15.29,3.239,1186.5,13.246,0.1261,2.003
69,13,NEWS-48,SC-60,57.819,60.0,412.49,16.96,3.224,1180.0,13.246,0.1261,2.003
69,14,NEWS-48,SC-60,57.765,60.0,416.54,16.07,3.248,1179.3,13.246,0.1261,2.003
69,15,NEWS-48,SC-60,57.983,60.0,417.87,17.03,3.306,1181.7,13.246,0.1261,2.003
69,16,NEWS-48,SC-60,58.16,60.0,419.93,16.63,3.275,1184.0,13.246,0.1261,2.003
69,17,NEWS-48,SC-60,58.384,60.0,423.85,15.84,3.262,1175.4,13.246,0.1261,2.003
69,18,NEWS-48,SC-60,58.742,60.0,421.57,16.8,3.166,1174.5,13.246,0.1261,2.003
69,19,NEWS-48,SC-60,58.534,60.0,424.23,16.8,3.224,1177.8,13.246,0.1261,2.003
69,20,NEWS-48,SC-60,58.498,60.0,423.27,17.32,3.247,1178.1,13.246,0.1261,2.003
69,21,NEWS-48,SC-60,58.772,60.0,426.43,17.04,3.173,1169.6,13.246,0.1261,2.003
69,22,NEWS-48,SC-60,59.313,60.0,426.44,16.19,3.219,1182.7,13.246,0.1261,2.003
69,23,NEWS-48,SC-60,59.245,60.0,424.84,17.33,3.265,1170.4,13.246,0.1261,2.003
69,24,NEWS-48,SC-60,59.711,60.0,425.2,16.64,3.275,1178.0,13.246,0.1261,2.003
70,0,SC-60,LWC-65,58.626,65.0,426.42,17.91,3.345,1170.6,5.86,0.0689,3.752
70,1,SC-60,LWC-65,59.845,65.0,428.32,18.01,3.414,1165.9,5.86,0.0689,3.752
70,2,SC-60,LWC-65,60.48,65.0,434.01,18.76,3.335,1156.1,5.86,0.0689,3.752
70,3,SC-60,LWC-65,61.913,65.0,438.28,19.3,3.383,1147.6,5.86,0.0689,3.752
70,4,SC-60,LWC-65,62.13,65.0,442.22,19.04,3.443,1149.2,5.86,0.0689,3.752
70,5,SC-60,LWC-65,62.916,65.0,440.79,18.26,3.567,1139.7,5.86,0.0689,3.752
70,6,SC-60,LWC-65,63.38,65.0,449.62,20.11,3.415,1140.8,5.86,0.0689,3.752
70,7,SC-60,LWC-65,63.324,65.0,449.17,19.67,3.569,1134.6,5.86,0.0689,3.752
70,8,SC-60,LWC-65,63.183,65.0,449.33,19.47,3.574,1120.2,5.86,0.0689,3.752
70,9,SC-60,LWC-65,64.139,65.0,455.42,20.15,3.474,1134.2,5.86,0.0689,3.752
70,10,SC-60,LWC-65,64.24,65.0,452.87,20.54,3.468,1126.9,5.86,0.0689,3.752
70,11,SC-60,LWC-65,64.536,65.0,455.27,18.42,3.452,1124.8,5.86,0.0689,3.752
70,12,SC-60,LWC-65,64.423,65.0,459.63,20.07,3.486,1125.5,5.86,0.0689,3.752
70,13,SC-60,LWC-65,64.46,65.0,454.48,19.17,3.421,1121.6,5.86,0.0689,3.752
70,14,SC-60,LWC-65,65.271,65.0,454.73,20.15,3.489,1123.8,5.86,0.0689,3.752
70,15,SC-60,LWC-65,64.291,65.0,458.74,19.99,3.569,1119.2,5.86,0.0689,3.752
70,16,SC-60,LWC-65,65.004,65.0,460.83,20.26,3.465,1128.2,5.86,0.0689,3.752
70,17,SC-60,LWC-65,64.653,65.0,455.65,19.7,3.485,1120.9,5.86,0.0689,3.752
70,18,SC-60,LWC-65,64.759,65.0,459.84,19.02,3.412,1119.3,5.86,0.0689,3.752
70,19,SC-60,LWC-65,64.791,65.0,460.37,19.74,3.517,1116.3,5.86,0.0689,3.752
70,20,SC-60,LWC-65,64.667,65.0,455.23,20.18,3.511,1122.1,5.86,0.0689,3.752
70,21,SC-60,LWC-65,65.098,65.0,461.07,20.49,3.502,1121.6,5.86,0.0689,3.752
70,22,SC-60,LWC-65,65.358,65.0,461.32,19.4,3.488,1122.5,5.86,0.0689,3.752
70,23,SC-60,LWC-65,65.093,65.0,459.02,20.5,3.484,1115.3,5.86,0.0689,3.752
70,24,SC-60,LWC-65,64.992,65.0,462.22,19.66,3.524,1112.3,5.86,0.0689,3.752
71,0,LWC-58,FINE-80,59.066,80.0,423.97,17.82,3.172,1155.3,8.878,0.1392,1.463
71,1,LWC-58,FINE-80,61.642,80.0,444.05,19.13,3.453,1125.3,8.878,0.1392,1.463
71,2,LWC-58,FINE-80,65.376,80.0,456.34,20.47,3.283,1109.9,8.878,0.1392,1.463
71,3,LWC-58,FINE-80,68.73,80.0,462.45,21.05,3.496,1104.4,8.878,0.1392,1.463
71,4,LWC-58,FINE-80,70.873,80.0,472.88,20.39,3.646,1079.2,8.878,0.1392,1.463
71,5,LWC-58,FINE-80,71.989,80.0,478.37,22.14,3.643,1069.2,8.878,0.1392,1.463
71,6,LWC-58,FINE-80,73.537,80.0,487.31,21.94,3.764,1067.2,8.878,0.1392,1.463
71,7,LWC-58,FINE-80,74.805,80.0,493.6,22.27,3.779,1045.8,8.878,0.1392,1.463
71,8,LWC-58,FINE-80,75.66,80.0,494.47,22.99,3.863,1050.6,8.878,0.1392,1.463
71,9,LWC-58,FINE-80,76.633,80.0,501.59,23.76,3.794,1034.6,8.878,0.1392,1.463
71,10,LWC-58,FINE-80,77.167,80.0,505.2,23.07,3.885,1040.4,8.878,0.1392,1.463
71,11,LWC-58,FINE-80,76.838,80.0,507.82,23.91,3.921,1035.0,8.878,0.1392,1.463
71,12,LWC-58,FINE-80,78.016,80.0,509.61,22.72,3.922,1035.4,8.878,0.1392,1.463
71,13,LWC-58,FINE-80,78.456,80.0,508.07,23.6,3.938,1025.1,8.878,0.1392,1.463
71,14,LWC-58,FINE-80,79.259,80.0,511.81,23.35,4.003,1025.6,8.878,0.1392,1.463
71,15,LWC-58,FINE-80,78.551,80.0,514.05,23.83,3.868,1030.1,8.878,0.1392,1.463
71,16,LWC-58,FINE-80,79.271,80.0,517.34,23.59,3.967,1023.0,8.878,0.1392,1.463
71,17,LWC-58,FINE-80,79.609,80.0,515.32,23.11,3.907,1028.3,8.878,0.1392,1.463
71,18,LWC-58,FINE-80,79.368,80.0,516.93,23.38,4.011,1024.8,8.878,0.1392,1.463
71,19,LWC-58,FINE-80,78.643,80.0,514.85,23.03,3.936,1020.8,8.878,0.1392,1.463
71,20,LWC-58,FINE-80,80.15,80.0,514.93,23.23,3.858,1020.9,8.878,0.1392,1.463
71,21,LWC-58,FINE-80,80.083,80.0,515.12,24.14,4.024,1022.1,8.878,0.1392,1.463
71,22,LWC-58,FINE-80,79.871,80.0,517.22,23.79,3.974,1020.6,8.878,0.1392,1.463
71,23,LWC-58,FINE-80,79.819,80.0,522.5,24.05,4.007,1025.0,8.878,0.1392,1.463
71,24,LWC-58,FINE-80,78.918,80.0,517.83,24.85,4.063,1019.3,8.878,0.1392,1.463
72,0,FINE-80,NEWS-48,79.071,48.5,524.36,25.59,4.117,1009.8,8.686,0.094,1.8
72,1,FINE-80,NEWS-48,72.767,48.5,488.06,22.37,3.898,1058.4,8.686,0.094,1.8
72,2,FINE-80,NEWS-48,67.094,48.5,455.56,21.04,3.642,1098.5,8.686,0.094,1.8
72,3,FINE-80,NEWS-48,62.863,48.5,433.81,19.4,3.518,1117.2,8.686,0.094,1.8
72,4,FINE-80,NEWS-48,59.738,48.5,418.29,17.25,3.3,1136.9,8.686,0.094,1.8
72,5,FINE-80,NEWS-48,57.366,48.5,407.94,16.69,3.266,1161.7,8.686,0.094,1.8
72,6,FINE-80,NEWS-48,55.442,48.5,394.82,15.78,3.167,1187.6,8.686,0.094,1.8
72,7,FINE-80,NEWS-48,54.863,48.5,386.71,15.44,3.074,1199.8,8.686,0.094,1.8
72,8,FINE-80,NEWS-48,53.238,48.5,380.81,14.25,3.063,1207.6,8.686,0.094,1.8
72,9,FINE-80,NEWS-48,52.284,48.5,373.0,15.05,2.918,1204.3,8.686,0.094,1.8
72,10,FINE-80,NEWS-48,51.602,48.5,371.84,14.57,2.893,1201.7,8.686,0.094,1.8
72,11,FINE-80,NEWS-48,50.201,48.5,368.84,13.69,2.872,1203.0,8.686,0.094,1.8
72,12,FINE-80,NEWS-48,49.664,48.5,367.47,13.58,2.787,1215.0,8.686,0.094,1.8
72,13,FINE-80,NEWS-48,49.354,48.5,365.47,13.47,2.826,1219.6,8.686,0.094,1.8
72,14,FINE-80,NEWS-48,50.005,48.5,364.77,13.03,2.709,1229.2,8.686,0.094,1.8
72,15,FINE-80,NEWS-48,49.073,48.5,362.45,13.11,2.83,1228.6,8.686,0.094,1.8
72,16,FINE-80,NEWS-48,48.636,48.5,362.47,13.12,2.767,1226.6,8.686,0.094,1.8
72,17,FINE-80,NEWS-48,48.815,48.5,359.35,14.01,2.727,1222.0,8.686,0.094,1.8
72,18,FINE-80,NEWS-48,48.784,48.5,360.75,13.63,2.702,1222.4,8.686,0.094,1.8
72,19,FINE-80,NEWS-48,48.895,48.5,363.84,13.59,2.725,1229.1,8.686,0.094,1.8
72,20,FINE-80,NEWS-48,48.825,48.5,361.45,13.28,2.765,1231.8,8.686,0.094,1.8
72,21,FINE-80,NEWS-48,48.365,48.5,360.58,12.52,2.752,1230.6,8.686,0.094,1.8
72,22,FINE-80,NEWS-48,48.901,48.5,364.27,13.04,2.685,1223.8,8.686,0.094,1.8
72,23,FINE-80,NEWS-48,48.367,48.5,357.65,13.53,2.675,1232.4,8.686,0.094,1.8
72,24,FINE-80,NEWS-48,48.527,48.5,358.06,12.41,2.747,1231.5,8.686,0.094,1.8
73,0,SC-60,FINE-90,56.187,90.0,428.81,17.19,3.391,1167.7,7.588,0.1332,3.088
73,1,SC-60,FINE-90,63.894,90.0,463.61,20.56,3.536,1126.8,7.588,0.1332,3.088
73,2,SC-60,FINE-90,70.214,90.0,489.78,20.41,3.729,1090.6,7.588,0.1332,3.088
73,3,SC-60,FINE-90,74.732,90.0,507.49,22.44,3.86,1065.3,7.588,0.1332,3.088
73,4,SC-60,FINE-90,77.794,90.0,518.76,24.22,3.938,1052.8,7.588,0.1332,3.088
73,5,SC-60,FINE-90,80.639,90.0,535.46,24.41,4.062,1030.7,7.588,0.1332,3.088
73,6,SC-60,FINE-90,82.28,90.0,542.24,25.14,4.009,1022.3,7.588,0.1332,3.088
73,7,SC-60,FINE-90,84.094,90.0,546.09,24.67,4.073,1006.7,7.588,0.1332,3.088
73,8,SC-60,FINE-90,85.869,90.0,550.68,25.75,4.201,1001.9,7.588,0.1332,3.088
73,9,SC-60,FINE-90,86.314,90.0,558.51,25.86,4.103,992.5,7.588,0.1332,3.088
73,10,SC-60,FINE-90,87.713,90.0,559.74,25.55,4.175,1003.7,7.588,0.1332,3.088
73,11,SC-60,FINE-90,88.206,90.0,560.1,26.73,4.185,998.0,7.588,0.1332,3.088
73,12,SC-60,FINE-90,88.57,90.0,563.37,26.03,4.159,991.6,7.588,0.1332,3.088
73,13,SC-60,FINE-90,88.359,90.0,564.29,26.21,4.24,997.4,7.588,0.1332,3.088
73,14,SC-60,FINE-90,88.903,90.0,564.57,26.87,4.297,989.0,7.588,0.1332,3.088
73,15,SC-60,FINE-90,89.413,90.0,569.11,26.65,4.276,983.1,7.588,0.1332,3.088
73,16,SC-60,FINE-90,89.097,90.0,569.31,26.87,4.314,984.9,7.588,0.1332,3.088
73,17,SC-60,FINE-90,89.47,90.0,569.93,26.73,4.339,989.2,7.588,0.1332,3.088
73,18,SC-60,FINE-90,89.858,90.0,570.3,27.57,4.264,977.4,7.588,0.1332,3.088
73,19,SC-60,FINE-90,89.543,90.0,567.13,26.43,4.419,975.6,7.588,0.1332,3.088
73,20,SC-60,FINE-90,89.523,90.0,567.99,26.68,4.272,983.1,7.588,0.1332,3.088
73,21,SC-60,FINE-90,89.286,90.0,572.3,27.17,4.281,977.9,7.588,0.1332,3.088
73,22,SC-60,FINE-90,89.749,90.0,569.74,26.45,4.258,969.4,7.588,0.1332,3.088
73,23,SC-60,FINE-90,90.127,90.0,566.69,26.44,4.322,974.3,7.588,0.1332,3.088
73,24,SC-60,FINE-90,89.656,90.0,570.15,27.04,4.281,978.8,7.588,0.1332,3.088
74,0,NEWS-45,NEWS-48,45.281,48.5,338.71,10.44,2.68,1260.4,12.973,0.0709,1.627
74,1,NEWS-45,NEWS-48,45.718,48.5,335.31,11.44,2.756,1263.4,12.973,0.0709,1.627
74,2,NEWS-45,NEWS-48,45.632,48.5,343.67,12.15,2.776,1255.9,12.973,0.0709,1.627
74,3,NEWS-45,NEWS-48,44.991,48.5,343.27,11.26,2.765,1254.2,12.973,0.0709,1.627
74,4,NEWS-45,NEWS-48,45.974,48.5,348.16,11.66,2.699,1254.7,12.973,0.0709,1.627
74,5,NEWS-45,NEWS-48,46.188,48.5,347.12,12.37,2.872,1253.3,12.973,0.0709,1.627
74,6,NEWS-45,NEWS-48,46.584,48.5,348.93,12.84,2.659,1246.9,12.973,0.0709,1.627
74,7,NEWS-45,NEWS-48,47.305,48.5,351.35,11.59,2.666,1235.8,12.973,0.0709,1.627
74,8,NEWS-45,NEWS-48,47.197,48.5,350.88,12.35,2.729,1238.7,12.973,0.0709,1.627
74,9,NEWS-45,NEWS-48,47.378,48.5,352.98,12.65,2.821,1246.4,12.973,0.0709,1.627
74,10,NEWS-45,NEWS-48,48.147,48.5,352.36,12.53,2.672,1226.7,12.973,0.0709,1.627
74,11,NEWS-45,NEWS-48,47.37,48.5,351.78,11.4,2.699,1245.1,12.973,0.0709,1.627
74,12,NEWS-45,NEWS-48,48.629,48.5,358.1,12.94,2.764,1240.7,12.973,0.0709,1.627
74,13,NEWS-45,NEWS-48,47.584,48.5,354.0,13.49,2.708,1243.7,12.973,0.0709,1.627
74,14,NEWS-45,NEWS-48,48.008,48.5,356.69,12.82,2.691,1235.2,12.973,0.0709,1.627
74,15,NEWS-45,NEWS-48,47.912,48.5,358.95,12.28,2.735,1225.2,12.973,0.0709,1.627
74,16,NEWS-45,NEWS-48,48.155,48.5,356.56,12.57,2.72,1237.0,12.973,0.0709,1.627
74,17,NEWS-45,NEWS-48,48.353,48.5,356.43,13.73,2.757,1240.6,12.973,0.0709,1.627
74,18,NEWS-45,NEWS-48,48.394,48.5,358.79,13.33,2.769,1238.3,12.973,0.0709,1.627
74,19,NEWS-45,NEWS-48,47.901,48.5,360.8,13.21,2.719,1230.0,12.973,0.0709,1.627
74,20,NEWS-45,NEWS-48,47.77,48.5,356.42,13.08,2.718,1233.3,12.973,0.0709,1.627
74,21,NEWS-45,NEWS-48,49.429,48.5,358.62,12.59,2.714,1229.9,12.973,0.0709,1.627
74,22,NEWS-45,NEWS-48,48.113,48.5,355.6,12.83,2.727,1228.1,12.973,0.0709,1.627
74,23,NEWS-45,NEWS-48,48.667,48.5,358.41,12.9,2.705,1236.7,12.973,0.0709,1.627
74,24,NEWS-45,NEWS-48,47.65,48.5,359.37,13.22,2.702,1225.7,12.973,0.0709,1.627
75,0,LWC-58,NEWS-48,57.652,48.5,425.35,19.94,3.138,1138.3,10.955,0.106,1.352
75,1,LWC-58,NEWS-48,56.373,48.5,416.18,17.9,2.991,1145.2,10.955,0.106,1.352
75,2,LWC-58,NEWS-48,55.625,48.5,410.7,17.7,2.966,1162.9,10.955,0.106,1.352
75,3,LWC-58,NEWS-48,54.487,48.5,406.8,16.67,2.973,1163.9,10.955,0.106,1.352
75,4,LWC-58,NEWS-48,53.504,48.5,398.18,17.09,2.979,1166.8,10.955,0.106,1.352
75,5,LWC-58,NEWS-48,52.658,48.5,393.88,15.21,2.886,1185.9,10.955,0.106,1.352
75,6,LWC-58,NEWS-48,52.549,48.5,392.92,15.61,2.891,1192.4,10.955,0.106,1.352
75,7,LWC-58,NEWS-48,52.314,48.5,387.74,14.77,2.882,1199.6,10.955,0.106,1.352
75,8,LWC-58,NEWS-48,51.322,48.5,383.27,14.6,2.863,1189.0,10.955,0.106,1.352
75,9,LWC-58,NEWS-48,51.927,48.5,380.36,14.4,2.719,1199.6,10.955,0.106,1.352
75,10,LWC-58,NEWS-48,52.29,48.5,375.6,15.17,2.834,1205.1,10.955,0.106,1.352
75,11,LWC-58,NEWS-48,50.842,48.5,373.25,14.14,2.722,1218.2,10.955,0.106,1.352
75,12,LWC-58,NEWS-48,50.322,48.5,373.06,14.99,2.782,1211.3,10.955,0.106,1.352
75,13,LWC-58,NEWS-48,49.603,48.5,371.48,14.94,2.76,1207.6,10.955,0.106,1.352
75,14,LWC-58,NEWS-48,50.117,48.5,368.02,14.89,2.721,1217.8,10.955,0.106,1.352
75,15,LWC-58,NEWS-48,50.559,48.5,369.88,13.69,2.809,1224.6,10.955,0.106,1.352
75,16,LWC-58,NEWS-48,50.668,48.5,366.83,13.73,2.703,1225.1,10.955,0.106,1.352
75,17,LWC-58,NEWS-48,50.223,48.5,368.7,13.73,2.726,1223.8,10.955,0.106,1.352
75,18,LWC-58,NEWS-48,49.796,48.5,365.51,13.28,2.79,1223.4,10.955,0.106,1.352
75,19,LWC-58,NEWS-48,49.45,48.5,364.61,13.61,2.713,1211.8,10.955,0.106,1.352
75,20,LWC-58,NEWS-48,48.543,48.5,362.4,12.88,2.698,1224.1,10.955,0.106,1.352
75,21,LWC-58,NEWS-48,48.995,48.5,362.07,12.36,2.719,1225.7,10.955,0.106,1.352
75,22,LWC-58,NEWS-48,48.861,48.5,365.88,13.61,2.755,1224.6,10.955,0.106,1.352
75,23,LWC-58,NEWS-48,48.869,48.5,363.37,13.05,2.797,1229.6,10.955,0.106,1.352
75,24,LWC-58,NEWS-48,48.466,48.5,363.25,12.7,2.675,1225.6,10.955,0.106,1.352
76,0,NEWS-45,NEWS-48,46.072,48.5,348.65,11.34,2.631,1231.5,6.632,0.1168,3.551
76,1,NEWS-45,NEWS-48,47.541,48.5,349.41,11.66,2.705,1236.0,6.632,0.1168,3.551
76,2,NEWS-45,NEWS-48,47.438,48.5,355.25,13.0,2.649,1227.0,6.632,0.1168,3.551
76,3,NEWS-45,NEWS-48,47.801,48.5,359.44,12.11,2.729,1232.5,6.632,0.1168,3.551
76,4,NEWS-45,NEWS-48,47.59,48.5,360.64,12.78,2.793,1233.3,6.632,0.1168,3.551
76,5,NEWS-45,NEWS-48,47.565,48.5,362.62,12.79,2.654,1232.8,6.632,0.1168,3.551
76,6,NEWS-45,NEWS-48,48.177,48.5,361.03,11.88,2.661,1231.5,6.632,0.1168,3.551
76,7,NEWS-45,NEWS-48,48.373,48.5,360.33,13.02,2.626,1229.6,6.632,0.1168,3.551
76,8,NEWS-45,NEWS-48,48.449,48.5,361.34,12.16,2.707,1225.2,6.632,0.1168,3.551
76,9,NEWS-45,NEWS-48,48.674,48.5,361.09,13.27,2.703,1225.2,6.632,0.1168,3.551
76,10,NEWS-45,NEWS-48,49.368,48.5,358.21,12.37,2.686,1231.8,6.632,0.1168,3.551
76,11,NEWS-45,NEWS-48,48.346,48.5,356.85,13.24,2.701,1223.9,6.632,0.1168,3.551
76,12,NEWS-45,NEWS-48,48.159,48.5,361.69,12.77,2.648,1222.7,6.632,0.1168,3.551
76,13,NEWS-45,NEWS-48,48.647,48.5,364.14,12.65,2.617,1237.3,6.632,0.1168,3.551
76,14,NEWS-45,NEWS-48,48.555,48.5,361.82,13.1,2.662,1228.8,6.632,0.1168,3.551
76,15,NEWS-45,NEWS-48,48.319,48.5,356.2,12.26,2.604,1233.2,6.632,0.1168,3.551
76,16,NEWS-45,NEWS-48,48.767,48.5,358.95,12.96,2.656,1234.4,6.632,0.1168,3.551
76,17,NEWS-45,NEWS-48,48.252,48.5,359.6,13.39,2.715,1230.3,6.632,0.1168,3.551
76,18,NEWS-45,NEWS-48,48.459,48.5,356.28,13.52,2.703,1228.1,6.632,0.1168,3.551
76,19,NEWS-45,NEWS-48,48.477,48.5,357.24,12.77,2.611,1228.2,6.632,0.1168,3.551
76,20,NEWS-45,NEWS-48,48.214,48.5,359.92,12.84,2.752,1238.1,6.632,0.1168,3.551
76,21,NEWS-45,NEWS-48,47.986,48.5,360.52,12.25,2.69,1227.2,6.632,0.1168,3.551
76,22,NEWS-45,NEWS-48,48.565,48.5,358.03,12.62,2.635,1230.9,6.632,0.1168,3.551
76,23,NEWS-45,NEWS-48,48.91,48.5,357.15,12.22,2.682,1233.4,6.632,0.1168,3.551
76,24,NEWS-45,NEWS-48,48.788,48.5,362.39,13.22,2.671,1231.3,6.632,0.1168,3.551
77,0,FINE-80,FINE-90,78.783,90.0,520.7,21.86,3.984,991.6,6.134,0.1029,4.259
77,1,FINE-80,FINE-90,81.288,90.0,528.5,23.97,4.226,995.8,6.134,0.1029,4.259
77,2,FINE-80,FINE-90,82.843,90.0,539.69,23.41,4.1,985.1,6.134,0.1029,4.259
77,3,FINE-80,FINE-90,84.009,90.0,543.28,24.87,4.045,986.0,6.134,0.1029,4.259
77,4,FINE-80,FINE-90,84.896,90.0,551.06,25.05,4.14,991.4,6.134,0.1029,4.259
77,5,FINE-80,FINE-90,85.784,90.0,550.84,25.49,4.14,991.7,6.134,0.1029,4.259
77,6,FINE-80,FINE-90,86.751,90.0,554.24,26.52,4.262,980.6,6.134,0.1029,4.259
77,7,FINE-80,FINE-90,87.018,90.0,559.39,25.85,4.251,984.2,6.134,0.1029,4.259
77,8,FINE-80,FINE-90,87.076,90.0,556.68,26.56,4.267,984.2,6.134,0.1029,4.259
77,9,FINE-80,FINE-90,88.204,90.0,559.29,26.42,4.238,984.2,6.134,0.1029,4.259
77,10,FINE-80,FINE-90,88.06,90.0,565.39,26.44,4.25,980.6,6.134,0.1029,4.259
77,11,FINE-80,FINE-90,88.393,90.0,562.06,27.77,4.252,988.0,6.134,0.1029,4.259
77,12,FINE-80,FINE-90,88.914,90.0,561.76,25.97,4.272,971.9,6.134,0.1029,4.259
77,13,FINE-80,FINE-90,89.077,90.0,569.95,27.4,4.322,979.0,6.134,0.1029,4.259
77,14,FINE-80,FINE-90,88.84,90.0,564.1,27.13,4.301,983.1,6.134,0.1029,4.259
77,15,FINE-80,FINE-90,89.443,90.0,567.81,26.6,4.312,983.0,6.134,0.1029,4.259
77,16,FINE-80,FINE-90,89.79,90.0,568.03,27.69,4.314,987.4,6.134,0.1029,4.259
77,17,FINE-80,FINE-90,89.25,90.0,562.65,25.97,4.335,986.5,6.134,0.1029,4.259
77,18,FINE-80,FINE-90,90.043,90.0,568.04,26.66,4.307,979.0,6.134,0.1029,4.259
77,19,FINE-80,FINE-90,89.253,90.0,569.73,26.33,4.312,986.9,6.134,0.1029,4.259
77,20,FINE-80,FINE-90,90.405,90.0,569.75,27.15,4.355,976.7,6.134,0.1029,4.259
77,21,FINE-80,FINE-90,89.687,90.0,571.02,26.4,4.263,984.9,6.134,0.1029,4.259
77,22,FINE-80,FINE-90,89.888,90.0,568.57,27.18,4.254,989.3,6.134,0.1029,4.259
77,23,FINE-80,FINE-90,89.304,90.0,570.89,26.88,4.238,986.2,6.134,0.1029,4.259
77,24,FINE-80,FINE-90,89.876,90.0,568.18,26.74,4.307,980.7,6.134,0.1029,4.259
78,0,LWC-58,LWC-65,55.877,65.0,419.5,17.49,3.257,1144.8,6.505,0.0867,2.621
78,1,LWC-58,LWC-65,57.212,65.0,428.93,18.58,3.304,1139.5,6.505,0.0867,2.621
78,2,LWC-58,LWC-65,59.194,65.0,431.6,19.08,3.459,1144.3,6.505,0.0867,2.621
78,3,LWC-58,LWC-65,59.816,65.0,441.4,19.5,3.449,1144.9,6.505,0.0867,2.621
78,4,LWC-58,LWC-65,60.791,65.0,436.65,20.13,3.349,1124.0,6.505,0.0867,2.621
78,5,LWC-58,LWC-65,61.323,65.0,447.83,19.93,3.455,1130.3,6.505,0.0867,2.621
78,6,LWC-58,LWC-65,61.838,65.0,445.34,19.56,3.444,1133.6,6.505,0.0867,2.621
78,7,LWC-58,LWC-65,62.405,65.0,448.26,19.42,3.431,1128.1,6.505,0.0867,2.621
78,8,LWC-58,LWC-65,62.898,65.0,448.48,19.27,3.398,1121.3,6.505,0.0867,2.621
78,9,LWC-58,LWC-65,62.851,65.0,448.14,20.38,3.475,1123.3,6.505,0.0867,2.621
78,10,LWC-58,LWC-65,63.706,65.0,451.56,19.83,3.445,1126.2,6.505,0.0867,2.621
78,11,LWC-58,LWC-65,64.063,65.0,453.02,20.11,3.448,1122.4,6.505,0.0867,2.621
78,12,LWC-58,LWC-65,63.875,65.0,455.08,19.53,3.434,1123.0,6.505,0.0867,2.621
78,13,LWC-58,LWC-65,63.952,65.0,457.77,19.24,3.527,1122.6,6.505,0.0867,2.621
78,14,LWC-58,LWC-65,64.032,65.0,456.6,19.68,3.442,1119.6,6.505,0.0867,2.621
78,15,LWC-58,LWC-65,64.904,65.0,457.22,19.75,3.446,1126.0,6.505,0.0867,2.621
78,16,LWC-58,LWC-65,64.342,65.0,458.06,20.01,3.525,1119.2,6.505,0.0867,2.621
78,17,LWC-58,LWC-65,64.759,65.0,454.2,19.56,3.481,1116.3,6.505,0.0867,2.621
78,18,LWC-58,LWC-65,64.578,65.0,454.74,19.95,3.485,1132.2,6.505,0.0867,2.621
78,19,LWC-58,LWC-65,64.621,65.0,455.37,20.54,3.544,1120.5,6.505,0.0867,2.621
78,20,LWC-58,LWC-65,64.515,65.0,457.87,19.12,3.559,1107.8,6.505,0.0867,2.621
78,21,LWC-58,LWC-65,64.495,65.0,455.08,18.91,3.388,1126.9,6.505,0.0867,2.621
78,22,LWC-58,LWC-65,65.043,65.0,457.63,20.6,3.489,1126.8,6.505,0.0867,2.621
78,23,LWC-58,LWC-65,64.552,65.0,456.42,19.25,3.426,1122.7,6.505,0.0867,2.621
78,24,LWC-58,LWC-65,65.013,65.0,460.26,19.79,3.477,1123.5,6.505,0.0867,2.621
79,0,LWC-65,SC-52,68.059,52.0,463.02,20.12,3.429,1095.7,8.757,0.1116,3.009
79,1,LWC-65,SC-52,65.539,52.0,451.15,18.44,3.407,1101.2,8.757,0.1116,3.009
79,2,LWC-65,SC-52,63.462,52.0,439.99,18.1,3.279,1117.9,8.757,0.1116,3.009
79,3,LWC-65,SC-52,61.434,52.0,432.2,17.44,3.202,1130.3,8.757,0.1116,3.009
79,4,LWC-65,SC-52,60.057,52.0,420.19,17.26,3.125,1141.1,8.757,0.1116,3.009
79,5,LWC-65,SC-52,58.984,52.0,415.35,16.44,3.081,1151.0,8.757,0.1116,3.009
79,6,LWC-65,SC-52,57.394,52.0,409.09,16.09,3.097,1162.0,8.757,0.1116,3.009
79,7,LWC-65,SC-52,55.975,52.0,403.77,16.85,2.983,1171.2,8.757,0.1116,3.009
79,8,LWC-65,SC-52,55.619,52.0,401.53,16.06,3.073,1177.5,8.757,0.1116,3.009
79,9,LWC-65,SC-52,55.214,52.0,395.02,15.46,2.975,1172.3,8.757,0.1116,3.009
79,10,LWC-65,SC-52,54.607,52.0,392.42,15.47,2.976,1175.9,8.757,0.1116,3.009
79,11,LWC-65,SC-52,53.783,52.0,391.25,16.31,2.902,1189.9,8.757,0.1116,3.009
79,12,LWC-65,SC-52,53.31,52.0,388.08,15.28,2.957,1189.1,8.757,0.1116,3.009
79,13,LWC-65,SC-52,53.28,52.0,388.79,14.97,2.931,1188.5,8.757,0.1116,3.009
79,14,LWC-65,SC-52,53.496,52.0,385.03,14.91,2.936,1192.3,8.757,0.1116,3.009
79,15,LWC-65,SC-52,53.52,52.0,385.82,14.93,3.006,1191.4,8.757,0.1116,3.009
79,16,LWC-65,SC-52,53.148,52.0,384.26,14.87,2.935,1195.5,8.757,0.1116,3.009
79,17,LWC-65,SC-52,53.046,52.0,384.13,14.5,2.882,1192.3,8.757,0.1116,3.009
79,18,LWC-65,SC-52,52.584,52.0,382.16,14.55,2.883,1196.3,8.757,0.1116,3.009
79,19,LWC-65,SC-52,51.985,52.0,381.88,14.68,2.945,1188.2,8.757,0.1116,3.009
79,20,LWC-65,SC-52,52.287,52.0,382.31,15.37,2.977,1193.0,8.757,0.1116,3.009
79,21,LWC-65,SC-52,52.276,52.0,382.17,14.87,2.924,1193.6,8.757,0.1116,3.009
79,22,LWC-65,SC-52,52.146,52.0,381.46,14.94,2.943,1195.6,8.757,0.1116,3.009
79,23,LWC-65,SC-52,52.262,52.0,384.63,15.67,2.937,1193.2,8.757,0.1116,3.009
79,24,LWC-65,SC-52,52.338,52.0,379.03,15.68,2.977,1195.5,8.757,0.1116,3.009
80,0,FINE-90,FINE-80,88.867,80.0,567.89,26.32,4.391,967.7,10.527,0.0697,1.29
80,1,FINE-90,FINE-80,88.768,80.0,561.81,26.24,4.327,968.0,10.527,0.0697,1.29
80,2,FINE-90,FINE-80,85.648,80.0,549.64,26.06,4.206,982.5,10.527,0.0697,1.29
80,3,FINE-90,FINE-80,85.489,80.0,545.8,26.02,4.218,995.6,10.527,0.0697,1.29
80,4,FINE-90,FINE-80,83.684,80.0,540.69,25.61,4.202,994.1,10.527,0.0697,1.29
80,5,FINE-90,FINE-80,82.493,80.0,536.74,24.78,4.107,997.8,10.527,0.0697,1.29
80,6,FINE-90,FINE-80,82.826,80.0,536.43,25.27,4.051,1001.6,10.527,0.0697,1.29
80,7,FINE-90,FINE-80,82.969,80.0,534.26,24.76,4.173,1005.5,10.527,0.0697,1.29
80,8,FINE-90,FINE-80,81.822,80.0,533.0,24.97,4.101,999.7,10.527,0.0697,1.29
80,9,FINE-90,FINE-80,82.149,80.0,530.25,24.9,4.094,1007.0,10.527,0.0697,1.29
80,10,FINE-90,FINE-80,81.67,80.0,528.88,25.23,4.099,1009.0,10.527,0.0697,1.29
80,11,FINE-90,FINE-80,81.267,80.0,523.42,24.17,4.011,1009.1,10.527,0.0697,1.29
80,12,FINE-90,FINE-80,81.869,80.0,528.16,24.02,4.03,1016.2,10.527,0.0697,1.29
80,13,FINE-90,FINE-80,80.599,80.0,523.89,24.47,4.118,1010.7,10.527,0.0697,1.29
80,14,FINE-90,FINE-80,81.016,80.0,525.65,24.79,4.012,1013.0,10.527,0.0697,1.29
80,15,FINE-90,FINE-80,79.613,80.0,520.23,24.2,4.017,1009.3,10.527,0.0697,1.29
80,16,FINE-90,FINE-80,80.616,80.0,521.99,24.76,3.992,1018.2,10.527,0.0697,1.29
80,17,FINE-90,FINE-80,80.318,80.0,523.94,24.46,3.985,1021.6,10.527,0.0697,1.29
80,18,FINE-90,FINE-80,79.702,80.0,521.77,24.0,4.074,1015.5,10.527,0.0697,1.29
80,19,FINE-90,FINE-80,80.562,80.0,519.91,24.36,3.892,1021.8,10.527,0.0697,1.29
80,20,FINE-90,FINE-80,79.844,80.0,523.8,23.85,3.99,1017.4,10.527,0.0697,1.29
80,21,FINE-90,FINE-80,81.243,80.0,518.64,24.18,4.023,1005.7,10.527,0.0697,1.29
80,22,FINE-90,FINE-80,78.772,80.0,520.78,23.51,4.094,1018.4,10.527,0.0697,1.29
80,23,FINE-90,FINE-80,80.307,80.0,521.96,24.01,3.951,1018.0,10.527,0.0697,1.29
80,24,FINE-90,FINE-80,80.161,80.0,524.75,24.53,3.942,1019.5,10.527,0.0697,1.29
81,0,SC-52,LWC-65,53.979,65.0,378.38,14.3,3.114,1189.8,7.884,0.1077,2.753
81,1,SC-52,LWC-65,55.324,65.0,384.03,15.38,3.051,1179.1,7.884,0.1077,2.753
81,2,SC-52,LWC-65,56.706,65.0,392.76,15.68,3.208,1165.9,7.884,0.1077,2.753
81,3,SC-52,LWC-65,57.435,65.0,404.72,15.47,3.264,1168.1,7.884,0.1077,2.753
81,4,SC-52,LWC-65,58.847,65.0,410.95,15.66,3.264,1158.9,7.884,0.1077,2.753
81,5,SC-52,LWC-65,59.488,65.0,419.7,17.22,3.243,1154.0,7.884,0.1077,2.753
81,6,SC-52,LWC-65,60.001,65.0,422.05,18.18,3.237,1145.9,7.884,0.1077,2.753
81,7,SC-52,LWC-65,60.459,65.0,429.94,17.79,3.241,1144.8,7.884,0.1077,2.753
81,8,SC-52,LWC-65,60.868,65.0,431.71,18.21,3.453,1137.8,7.884,0.1077,2.753
81,9,SC-52,LWC-65,61.858,65.0,436.36,17.69,3.365,1129.2,7.884,0.1077,2.753
81,10,SC-52,LWC-65,61.729,65.0,441.71,18.86,3.341,1135.0,7.884,0.1077,2.753
81,11,SC-52,LWC-65,62.898,65.0,440.89,19.04,3.353,1133.7,7.884,0.1077,2.753
81,12,SC-52,LWC-65,62.441,65.0,445.71,18.36,3.431,1133.2,7.884,0.1077,2.753
81,13,SC-52,LWC-65,63.041,65.0,444.49,19.13,3.414,1137.0,7.884,0.1077,2.753
81,14,SC-52,LWC-65,63.071,65.0,448.0,18.1,3.347,1126.2,7.884,0.1077,2.753
81,15,SC-52,LWC-65,63.555,65.0,446.25,19.47,3.494,1126.4,7.884,0.1077,2.753
81,16,SC-52,LWC-65,63.737,65.0,449.52,18.92,3.474,1131.1,7.884,0.1077,2.753
81,17,SC-52,LWC-65,64.023,65.0,449.63,18.68,3.555,1122.5,7.884,0.1077,2.753
81,18,SC-52,LWC-65,63.572,65.0,455.24,19.58,3.525,1126.3,7.884,0.1077,2.753
81,19,SC-52,LWC-65,63.923,65.0,457.2,18.56,3.318,1122.7,7.884,0.1077,2.753
81,20,SC-52,LWC-65,64.55,65.0,453.82,19.68,3.547,1123.0,7.884,0.1077,2.753
81,21,SC-52,LWC-65,64.55,65.0,453.68,19.0,3.54,1127.4,7.884,0.1077,2.753
81,22,SC-52,LWC-65,63.684,65.0,453.21,18.94,3.446,1121.3,7.884,0.1077,2.753
81,23,SC-52,LWC-65,64.619,65.0,456.9,19.69,3.463,1126.7,7.884,0.1077,2.753
81,24,SC-52,LWC-65,64.258,65.0,455.63,19.61,3.507,1112.6,7.884,0.1077,2.753
82,0,FINE-80,SC-60,81.024,60.0,518.52,24.62,3.937,997.7,10.273,0.0936,0.775
82,1,FINE-80,SC-60,78.078,60.0,499.81,22.4,3.799,1031.4,10.273,0.0936,0.775
82,2,FINE-80,SC-60,73.687,60.0,487.71,20.63,3.703,1055.3,10.273,0.0936,0.775
82,3,FINE-80,SC-60,71.435,60.0,476.0,19.8,3.575,1082.1,10.273,0.0936,0.775
82,4,FINE-80,SC-60,68.479,60.0,467.19,18.99,3.536,1095.6,10.273,0.0936,0.775
82,5,FINE-80,SC-60,67.605,60.0,460.54,18.66,3.618,1118.1,10.273,0.0936,0.775
82,6,FINE-80,SC-60,67.154,60.0,451.74,17.56,3.513,1126.6,10.273,0.0936,0.775
82,7,FINE-80,SC-60,65.493,60.0,449.76,18.08,3.487,1133.1,10.273,0.0936,0.775
82,8,FINE-80,SC-60,63.735,60.0,446.22,18.36,3.472,1136.6,10.273,0.0936,0.775
82,9,FINE-80,SC-60,63.601,60.0,443.09,17.64,3.482,1148.2,10.273,0.0936,0.775
82,10,FINE-80,SC-60,62.932,60.0,439.93,17.77,3.284,1154.4,10.273,0.0936,0.775
82,11,FINE-80,SC-60,62.399,60.0,440.64,17.82,3.297,1155.4,10.273,0.0936,0.775
82,12,FINE-80,SC-60,62.492,60.0,436.05,17.82,3.306,1165.7,10.273,0.0936,0.775
82,13,FINE-80,SC-60,62.175,60.0,435.91,18.08,3.314,1162.4,10.273,0.0936,0.775
82,14,FINE-80,SC-60,60.951,60.0,437.0,16.86,3.315,1166.6,10.273,0.0936,0.775
82,15,FINE-80,SC-60,61.356,60.0,433.4,16.72,3.301,1164.2,10.273,0.0936,0.775
82,16,FINE-80,SC-60,60.383,60.0,433.3,17.45,3.33,1168.2,10.273,0.0936,0.775
82,17,FINE-80,SC-60,59.824,60.0,432.13,17.4,3.317,1161.8,10.273,0.0936,0.775
82,18,FINE-80,SC-60,60.234,60.0,434.35,17.42,3.276,1164.3,10.273,0.0936,0.775
82,19,FINE-80,SC-60,60.3,60.0,431.0,17.97,3.201,1169.0,10.273,0.0936,0.775
82,20,FINE-80,SC-60,58.979,60.0,433.79,17.02,3.258,1169.5,10.273,0.0936,0.775
82,21,FINE-80,SC-60,60.915,60.0,430.78,17.23,3.279,1170.8,10.273,0.0936,0.775
82,22,FINE-80,SC-60,58.004,60.0,429.08,16.52,3.293,1174.1,10.273,0.0936,0.775
82,23,FINE-80,SC-60,62.298,60.0,432.0,18.07,3.248,1161.7,10.273,0.0936,0.775
82,24,FINE-80,SC-60,61.31,60.0,429.91,16.84,3.279,1164.2,10.273,0.0936,0.775
83,0,SC-52,SC-60,52.063,60.0,394.58,15.73,2.899,1193.7,13.267,0.0625,3.98
83,1,SC-52,SC-60,52.434,60.0,395.38,15.86,2.911,1197.5,13.267,0.0625,3.98
83,2,SC-52,SC-60,53.692,60.0,399.51,16.66,3.001,1189.4,13.267,0.0625,3.98
83,3,SC-52,SC-60,54.695,60.0,404.17,16.71,3.01,1182.2,13.267,0.0625,3.98
83,4,SC-52,SC-60,55.878,60.0,407.96,16.41,3.091,1179.5,13.267,0.0625,3.98
83,5,SC-52,SC-60,56.478,60.0,412.83,16.33,3.105,1177.2,13.267,0.0625,3.98
83,6,SC-52,SC-60,56.819,60.0,415.0,16.56,3.106,1183.3,13.267,0.0625,3.98
83,7,SC-52,SC-60,57.703,60.0,420.2,16.25,3.165,1176.6,13.267,0.0625,3.98
83,8,SC-52,SC-60,56.984,60.0,421.79,16.59,3.146,1170.2,13.267,0.0625,3.98
83,9,SC-52,SC-60,58.083,60.0,421.15,16.47,3.123,1179.0,13.267,0.0625,3.98
83,10,SC-52,SC-60,58.624,60.0,429.13,16.71,3.207,1165.3,13.267,0.0625,3.98
83,11,SC-52,SC-60,58.669,60.0,423.56,16.56,3.157,1181.9,13.267,0.0625,3.98
83,12,SC-52,SC-60,58.326,60.0,424.77,17.08,3.263,1184.4,13.267,0.0625,3.98
83,13,SC-52,SC-60,59.33,60.0,423.21,17.26,3.241,1167.3,13.267,0.0625,3.98
83,14,SC-52,SC-60,59.302,60.0,426.27,16.68,3.322,1178.6,13.267,0.0625,3.98
83,15,SC-52,SC-60,59.313,60.0,427.59,16.48,3.242,1174.6,13.267,0.0625,3.98
83,16,SC-52,SC-60,59.353,60.0,425.1,17.26,3.264,1169.9,13.267,0.0625,3.98
83,17,SC-52,SC-60,60.024,60.0,426.87,17.01,3.196,1169.8,13.267,0.0625,3.98
83,18,SC-52,SC-60,59.644,60.0,428.86,16.75,3.219,1175.0,13.267,0.0625,3.98
83,19,SC-52,SC-60,59.51,60.0,427.44,17.63,3.194,1171.3,13.267,0.0625,3.98
83,20,SC-52,SC-60,59.401,60.0,427.26,16.67,3.335,1158.3,13.267,0.0625,3.98
83,21,SC-52,SC-60,59.924,60.0,430.49,15.96,3.261,1181.5,13.267,0.0625,3.98
83,22,SC-52,SC-60,60.037,60.0,426.53,16.61,3.353,1173.1,13.267,0.0625,3.98
83,23,SC-52,SC-60,59.796,60.0,427.06,17.78,3.154,1170.6,13.267,0.0625,3.98
83,24,SC-52,SC-60,59.644,60.0,429.71,16.81,3.367,1167.1,13.267,0.0625,3.98
84,0,LWC-58,FINE-90,54.376,90.0,425.61,17.92,3.264,1159.2,12.893,0.1217,2.352
84,1,LWC-58,FINE-90,58.721,90.0,442.72,18.71,3.256,1139.6,12.893,0.1217,2.352
84,2,LWC-58,FINE-90,61.909,90.0,457.99,20.34,3.465,1124.4,12.893,0.1217,2.352
84,3,LWC-58,FINE-90,64.611,90.0,467.06,20.56,3.494,1100.2,12.893,0.1217,2.352
84,4,LWC-58,FINE-90,67.4,90.0,480.19,20.75,3.639,1084.5,12.893,0.1217,2.352
84,5,LWC-58,FINE-90,70.237,90.0,487.26,22.61,3.645,1075.3,12.893,0.1217,2.352
84,6,LWC-58,FINE-90,72.525,90.0,499.22,23.34,3.708,1061.0,12.893,0.1217,2.352
84,7,LWC-58,FINE-90,74.261,90.0,506.9,23.89,3.905,1058.9,12.893,0.1217,2.352
84,8,LWC-58,FINE-90,75.962,90.0,513.86,23.62,3.929,1041.6,12.893,0.1217,2.352
84,9,LWC-58,FINE-90,77.468,90.0,518.33,24.22,3.921,1051.4,12.893,0.1217,2.352
84,10,LWC-58,FINE-90,79.009,90.0,522.43,24.92,3.972,1039.4,12.893,0.1217,2.352
84,11,LWC-58,FINE-90,79.519,90.0,525.98,24.21,3.986,1027.0,12.893,0.1217,2.352
84,12,LWC-58,FINE-90,80.986,90.0,533.16,25.35,4.06,1025.9,12.893,0.1217,2.352
84,13,LWC-58,FINE-90,82.091,90.0,540.29,25.17,4.026,1008.7,12.893,0.1217,2.352
84,14,LWC-58,FINE-90,83.498,90.0,540.16,25.7,4.136,1025.3,12.893,0.1217,2.352
84,15,LWC-58,FINE-90,83.653,90.0,545.51,25.53,4.096,1006.0,12.893,0.1217,2.352
84,16,LWC-58,FINE-90,84.628,90.0,548.45,26.25,4.109,1005.1,12.893,0.1217,2.352
84,17,LWC-58,FINE-90,85.243,90.0,548.72,25.86,4.149,993.5,12.893,0.1217,2.352
84,18,LWC-58,FINE-90,86.099,90.0,554.16,25.14,4.135,1002.6,12.893,0.1217,2.352
84,19,LWC-58,FINE-90,86.565,90.0,547.71,26.73,4.196,992.4,12.893,0.1217,2.352
84,20,LWC-58,FINE-90,86.591,90.0,552.87,25.64,4.165,996.4,12.893,0.1217,2.352
84,21,LWC-58,FINE-90,86.842,90.0,555.07,26.83,4.227,991.3,12.893,0.1217,2.352
84,22,LWC-58,FINE-90,87.12,90.0,556.68,26.25,4.275,987.1,12.893,0.1217,2.352
84,23,LWC-58,FINE-90,87.544,90.0,560.26,26.96,4.187,987.0,12.893,0.1217,2.352
84,24,LWC-58,FINE-90,87.75,90.0,561.3,27.0,4.225,990.9,12.893,0.1217,2.352
85,0,LWC-65,FINE-90,60.842,90.0,467.54,20.9,3.257,1145.3,5.529,0.0686,2.907
85,1,LWC-65,FINE-90,64.868,90.0,483.73,22.8,3.504,1109.8,5.529,0.0686,2.907
85,2,LWC-65,FINE-90,69.024,90.0,499.81,23.0,3.629,1097.7,5.529,0.0686,2.907
85,3,LWC-65,FINE-90,72.248,90.0,511.08,23.37,3.799,1082.4,5.529,0.0686,2.907
85,4,LWC-65,FINE-90,75.112,90.0,527.1,23.91,3.806,1060.9,5.529,0.0686,2.907
85,5,LWC-65,FINE-90,77.146,90.0,530.3,25.28,3.995,1047.0,5.529,0.0686,2.907
85,6,LWC-65,FINE-90,78.99,90.0,536.05,25.26,4.1,1032.2,5.529,0.0686,2.907
85,7,LWC-65,FINE-90,80.935,90.0,545.71,24.55,4.038,1025.3,5.529,0.0686,2.907
85,8,LWC-65,FINE-90,82.731,90.0,547.17,25.74,4.156,1019.8,5.529,0.0686,2.907
85,9,LWC-65,FINE-90,82.928,90.0,547.66,25.83,4.154,1010.7,5.529,0.0686,2.907
85,10,LWC-65,FINE-90,84.255,90.0,553.72,25.75,4.203,1006.2,5.529,0.0686,2.907
85,11,LWC-65,FINE-90,85.521,90.0,557.91,25.93,4.285,1006.2,5.529,0.0686,2.907
85,12,LWC-65,FINE-90,86.126,90.0,559.91,25.82,4.239,1002.9,5.529,0.0686,2.907
85,13,LWC-65,FINE-90,86.85,90.0,562.83,26.03,4.276,1003.7,5.529,0.0686,2.907
85,14,LWC-65,FINE-90,87.053,90.0,562.68,26.61,4.187,991.6,5.529,0.0686,2.907
85,15,LWC-65,FINE-90,87.133,90.0,563.83,26.41,4.296,993.1,5.529,0.0686,2.907
85,16,LWC-65,FINE-90,88.486,90.0,561.93,26.89,4.348,988.9,5.529,0.0686,2.907
85,17,LWC-65,FINE-90,88.62,90.0,568.69,26.28,4.228,986.9,5.529,0.0686,2.907
85,18,LWC-65,FINE-90,88.551,90.0,565.76,27.08,4.263,986.3,5.529,0.0686,2.907
85,19,LWC-65,FINE-90,88.528,90.0,565.03,27.42,4.317,985.7,5.529,0.0686,2.907
85,20,LWC-65,FINE-90,88.821,90.0,572.75,26.8,4.309,986.9,5.529,0.0686,2.907
85,21,LWC-65,FINE-90,89.196,90.0,571.28,27.09,4.221,983.1,5.529,0.0686,2.907
85,22,LWC-65,FINE-90,89.186,90.0,567.38,27.14,4.299,990.2,5.529,0.0686,2.907
85,23,LWC-65,FINE-90,89.371,90.0,564.8,26.63,4.276,974.9,5.529,0.0686,2.907
85,24,LWC-65,FINE-90,89.955,90.0,567.37,27.18,4.246,988.2,5.529,0.0686,2.907
86,0,NEWS-45,SC-60,42.73,60.0,334.36,12.37,2.646,1254.2,6.788,0.0763,1.764
86,1,NEWS-45,SC-60,44.729,60.0,342.78,12.07,2.544,1240.1,6.788,0.0763,1.764
86,2,NEWS-45,SC-60,47.065,60.0,356.48,13.33,2.902,1232.7,6.788,0.0763,1.764
86,3,NEWS-45,SC-60,49.125,60.0,366.45,13.62,2.865,1216.4,6.788,0.0763,1.764
86,4,NEWS-45,SC-60,50.223,60.0,370.44,13.84,2.881,1213.0,6.788,0.0763,1.764
86,5,NEWS-45,SC-60,51.318,60.0,378.44,13.84,2.97,1199.9,6.788,0.0763,1.764
86,6,NEWS-45,SC-60,52.256,60.0,383.09,15.16,3.038,1206.6,6.788,0.0763,1.764
86,7,NEWS-45,SC-60,54.214,60.0,388.8,13.91,3.028,1204.2,6.788,0.0763,1.764
86,8,NEWS-45,SC-60,53.789,60.0,395.66,15.79,3.182,1189.5,6.788,0.0763,1.764
86,9,NEWS-45,SC-60,55.143,60.0,396.22,15.66,3.185,1193.5,6.788,0.0763,1.764
86,10,NEWS-45,SC-60,56.144,60.0,404.92,16.09,3.275,1189.3,6.788,0.0763,1.764
86,11,NEWS-45,SC-60,56.325,60.0,406.89,15.96,3.1,1195.7,6.788,0.0763,1.764
86,12,NEWS-45,SC-60,56.659,60.0,410.81,15.48,3.191,1180.5,6.788,0.0763,1.764
86,13,NEWS-45,SC-60,57.508,60.0,411.61,16.43,3.128,1187.7,6.788,0.0763,1.764
86,14,NEWS-45,SC-60,57.224,60.0,415.55,16.76,3.157,1187.1,6.788,0.0763,1.764
86,15,NEWS-45,SC-60,57.281,60.0,416.64,16.19,3.208,1178.9,6.788,0.0763,1.764
86,16,NEWS-45,SC-60,58.377,60.0,418.87,16.84,3.22,1180.1,6.788,0.0763,1.764
86,17,NEWS-45,SC-60,58.079,60.0,421.16,16.73,3.263,1182.9,6.788,0.0763,1.764
86,18,NEWS-45,SC-60,58.727,60.0,418.14,16.86,3.247,1171.0,6.788,0.0763,1.764
86,19,NEWS-45,SC-60,58.802,60.0,420.41,16.26,3.299,1173.6,6.788,0.0763,1.764
86,20,NEWS-45,SC-60,59.107,60.0,427.46,17.37,3.281,1175.9,6.788,0.0763,1.764
86,21,NEWS-45,SC-60,59.047,60.0,424.13,16.92,3.352,1184.6,6.788,0.0763,1.764
86,22,NEWS-45,SC-60,59.468,60.0,421.05,17.22,3.315,1171.8,6.788,0.0763,1.764
86,23,NEWS-45,SC-60,59.073,60.0,421.74,16.64,3.219,1171.9,6.788,0.0763,1.764
86,24,NEWS-45,SC-60,59.745,60.0,425.61,17.34,3.274,1180.6,6.788,0.0763,1.764
87,0,SC-60,SC-52,59.699,52.0,417.41,15.3,3.196,1164.5,5.724,0.0625,2.53
87,1,SC-60,SC-52,58.868,52.0,410.75,15.06,3.169,1156.0,5.724,0.0625,2.53
87,2,SC-60,SC-52,57.016,52.0,405.36,15.25,3.22,1173.5,5.724,0.0625,2.53
87,3,SC-60,SC-52,56.906,52.0,403.81,15.71,3.154,1177.0,5.724,0.0625,2.53
87,4,SC-60,SC-52,55.874,52.0,400.91,15.48,3.065,1180.9,5.724,0.0625,2.53
87,5,SC-60,SC-52,55.685,52.0,398.12,15.68,3.151,1181.9,5.724,0.0625,2.53
87,6,SC-60,SC-52,55.246,52.0,393.14,14.84,3.025,1188.5,5.724,0.0625,2.53
87,7,SC-60,SC-52,53.811,52.0,392.66,15.25,3.106,1191.9,5.724,0.0625,2.53
87,8,SC-60,SC-52,54.06,52.0,390.39,16.07,3.023,1179.8,5.724,0.0625,2.53
87,9,SC-60,SC-52,53.826,52.0,391.25,15.88,2.957,1189.5,5.724,0.0625,2.53
87,10,SC-60,SC-52,52.833,52.0,386.45,14.52,2.962,1189.9,5.724,0.0625,2.53
87,11,SC-60,SC-52,53.38,52.0,387.59,14.63,3.052,1189.5,5.724,0.0625,2.53
87,12,SC-60,SC-52,52.958,52.0,391.7,15.96,2.957,1191.2,5.724,0.0625,2.53
87,13,SC-60,SC-52,52.589,52.0,383.26,15.32,3.011,1195.3,5.724,0.0625,2.53
87,14,SC-60,SC-52,52.615,52.0,383.31,14.99,3.024,1188.7,5.724,0.0625,2.53
87,15,SC-60,SC-52,52.443,52.0,383.97,14.92,2.943,1199.2,5.724,0.0625,2.53
87,16,SC-60,SC-52,52.416,52.0,377.71,15.17,2.93,1194.6,5.724,0.0625,2.53
87,17,SC-60,SC-52,52.556,52.0,380.25,15.17,2.915,1201.3,5.724,0.0625,2.53
87,18,SC-60,SC-52,52.72,52.0,383.31,14.78,2.948,1194.3,5.724,0.0625,2.53
87,19,SC-60,SC-52,52.339,52.0,381.97,14.95,3.002,1194.4,5.724,0.0625,2.53
87,20,SC-60,SC-52,52.64,52.0,384.11,14.75,2.862,1193.3,5.724,0.0625,2.53
87,21,SC-60,SC-52,51.949,52.0,381.26,15.11,2.931,1195.3,5.724,0.0625,2.53
87,22,SC-60,SC-52,52.27,52.0,380.85,14.65,2.926,1194.6,5.724,0.0625,2.53
87,23,SC-60,SC-52,52.823,52.0,379.89,14.38,2.825,1200.9,5.724,0.0625,2.53
87,24,SC-60,SC-52,51.685,52.0,380.43,15.75,2.869,1204.2,5.724,0.0625,2.53
88,0,LWC-58,FINE-80,56.575,80.0,413.25,19.09,2.952,1137.0,5.966,0.1324,0.562
88,1,LWC-58,FINE-80,57.199,80.0,426.37,20.66,3.058,1129.5,5.966,0.1324,0.562
88,2,LWC-58,FINE-80,62.978,80.0,438.22,20.38,3.171,1107.5,5.966,0.1324,0.562
88,3,LWC-58,FINE-80,66.429,80.0,452.25,21.55,3.347,1100.6,5.966,0.1324,0.562
88,4,LWC-58,FINE-80,67.21,80.0,459.8,20.66,3.401,1091.1,5.966,0.1324,0.562
88,5,LWC-58,FINE-80,69.09,80.0,466.51,21.78,3.52,1080.7,5.966,0.1324,0.562
88,6,LWC-58,FINE-80,69.054,80.0,473.47,21.37,3.597,1080.5,5.966,0.1324,0.562
88,7,LWC-58,FINE-80,70.972,80.0,480.07,21.8,3.56,1066.2,5.966,0.1324,0.562
88,8,LWC-58,FINE-80,72.348,80.0,486.1,21.47,3.644,1068.8,5.966,0.1324,0.562
88,9,LWC-58,FINE-80,72.333,80.0,492.11,22.0,3.674,1058.0,5.966,0.1324,0.562
88,10,LWC-58,FINE-80,73.727,80.0,492.69,22.17,3.659,1058.2,5.966,0.1324,0.562
88,11,LWC-58,FINE-80,73.74,80.0,494.98,22.25,3.699,1059.6,5.966,0.1324,0.562
88,12,LWC-58,FINE-80,74.951,80.0,498.86,23.16,3.781,1048.2,5.966,0.1324,0.562
88,13,LWC-58,FINE-80,76.628,80.0,500.83,22.29,3.812,1049.7,5.966,0.1324,0.562
88,14,LWC-58,FINE-80,74.866,80.0,501.8,23.42,3.835,1040.5,5.966,0.1324,0.562
88,15,LWC-58,FINE-80,77.7,80.0,509.65,23.86,3.855,1034.7,5.966,0.1324,0.562
88,16,LWC-58,FINE-80,75.882,80.0,510.25,22.99,3.834,1046.8,5.966,0.1324,0.562
88,17,LWC-58,FINE-80,77.654,80.0,505.47,23.46,3.996,1040.2,5.966,0.1324,0.562
88,18,LWC-58,FINE-80,78.036,80.0,511.77,23.4,3.915,1034.1,5.966,0.1324,0.562
88,19,LWC-58,FINE-80,78.676,80.0,511.71,23.41,3.887,1036.7,5.966,0.1324,0.562
88,20,LWC-58,FINE-80,78.248,80.0,512.45,22.39,3.946,1026.7,5.966,0.1324,0.562
88,21,LWC-58,FINE-80,77.693,80.0,509.33,23.14,3.892,1032.7,5.966,0.1324,0.562
88,22,LWC-58,FINE-80,78.945,80.0,514.99,24.47,3.944,1030.5,5.966,0.1324,0.562
88,23,LWC-58,FINE-80,80.839,80.0,515.84,23.93,3.97,1031.7,5.966,0.1324,0.562
88,24,LWC-58,FINE-80,79.059,80.0,513.9,23.68,3.983,1035.7,5.966,0.1324,0.562
89,0,NEWS-48,SC-52,49.478,52.0,354.33,13.38,2.874,1243.9,7.735,0.1106,2.85
89,1,NEWS-48,SC-52,49.77,52.0,359.13,13.88,2.834,1230.7,7.735,0.1106,2.85
89,2,NEWS-48,SC-52,50.459,52.0,364.36,13.76,2.904,1221.8,7.735,0.1106,2.85
89,3,NEWS-48,SC-52,50.465,52.0,374.44,14.49,2.82,1212.2,7.735,0.1106,2.85
89,4,NEWS-48,SC-52,51.41,52.0,373.61,14.76,2.832,1203.6,7.735,0.1106,2.85
89,5,NEWS-48,SC-52,51.326,52.0,373.65,14.49,2.989,1206.2,7.735,0.1106,2.85
89,6,NEWS-48,SC-52,51.212,52.0,377.91,14.78,2.854,1212.4,7.735,0.1106,2.85
89,7,NEWS-48,SC-52,51.718,52.0,378.14,15.12,2.841,1200.6,7.735,0.1106,2.85
89,8,NEWS-48,SC-52,52.261,52.0,377.19,14.91,2.833,1199.5,7.735,0.1106,2.85
89,9,NEWS-48,SC-52,51.76,52.0,378.73,15.0,2.99,1202.6,7.735,0.1106,2.85
89,10,NEWS-48,SC-52,51.826,52.0,378.59,15.59,2.882,1195.4,7.735,0.1106,2.85
89,11,NEWS-48,SC-52,52.368,52.0,381.4,15.03,2.917,1205.9,7.735,0.1106,2.85
89,12,NEWS-48,SC-52,51.95,52.0,380.95,14.63,2.905,1195.2,7.735,0.1106,2.85
89,13,NEWS-48,SC-52,51.603,52.0,375.43,14.28,2.862,1199.0,7.735,0.1106,2.85
89,14,NEWS-48,SC-52,52.182,52.0,383.6,15.02,2.884,1213.0,7.735,0.1106,2.85
89,15,NEWS-48,SC-52,52.32,52.0,379.28,14.81,2.941,1194.5,7.735,0.1106,2.85
89,16,NEWS-48,SC-52,51.927,52.0,383.34,15.38,2.838,1207.5,7.735,0.1106,2.85
89,17,NEWS-48,SC-52,52.03,52.0,381.36,15.77,2.933,1200.7,7.735,0.1106,2.85
89,18,NEWS-48,SC-52,51.6,52.0,380.45,14.47,2.971,1201.4,7.735,0.1106,2.85
89,19,NEWS-48,SC-52,51.734,52.0,379.78,14.55,2.914,1196.0,7.735,0.1106,2.85
89,20,NEWS-48,SC-52,51.897,52.0,385.49,14.98,2.967,1204.0,7.735,0.1106,2.85
89,21,NEWS-48,SC-52,52.021,52.0,379.44,14.6,2.831,1198.2,7.735,0.1106,2.85
89,22,NEWS-48,SC-52,51.812,52.0,378.65,14.89,2.808,1194.3,7.735,0.1106,2.85
89,23,NEWS-48,SC-52,51.888,52.0,378.83,14.73,2.912,1207.3,7.735,0.1106,2.85
89,24,NEWS-48,SC-52,51.962,52.0,380.0,14.49,2.871,1198.1,7.735,0.1106,2.85
90,0,SC-52,NEWS-45,53.618,45.0,383.76,13.49,2.86,1216.6,6.028,0.0844,2.726
90,1,SC-52,NEWS-45,52.333,45.0,381.66,12.55,2.879,1225.7,6.028,0.0844,2.726
90,2,SC-52,NEWS-45,51.614,45.0,371.08,13.01,2.814,1227.6,6.028,0.0844,2.726
90,3,SC-52,NEWS-45,50.884,45.0,366.69,12.65,2.722,1229.8,6.028,0.0844,2.726
90,4,SC-52,NEWS-45,50.092,45.0,365.8,13.02,2.787,1235.6,6.028,0.0844,2.726
90,5,SC-52,NEWS-45,49.727,45.0,359.19,12.06,2.728,1236.4,6.028,0.0844,2.726
90,6,SC-52,NEWS-45,48.344,45.0,356.24,12.71,2.641,1242.2,6.028,0.0844,2.726
90,7,SC-52,NEWS-45,47.855,45.0,351.22,12.84,2.618,1243.8,6.028,0.0844,2.726
90,8,SC-52,NEWS-45,47.609,45.0,351.56,12.24,2.707,1241.3,6.028,0.0844,2.726
90,9,SC-52,NEWS-45,46.743,45.0,349.14,12.52,2.784,1244.9,6.028,0.0844,2.726
90,10,SC-52,NEWS-45,46.927,45.0,349.54,11.75,2.613,1250.4,6.028,0.0844,2.726
90,11,SC-52,NEWS-45,46.596,45.0,349.0,12.0,2.611,1242.0,6.028,0.0844,2.726
90,12,SC-52,NEWS-45,46.658,45.0,345.47,11.49,2.671,1245.5,6.028,0.0844,2.726
90,13,SC-52,NEWS-45,46.507,45.0,345.3,13.3,2.579,1240.9,6.028,0.0844,2.726
90,14,SC-52,NEWS-45,46.153,45.0,340.02,12.73,2.757,1249.0,6.028,0.0844,2.726
90,15,SC-52,NEWS-45,45.899,45.0,338.71,12.92,2.591,1248.1,6.028,0.0844,2.726
90,16,SC-52,NEWS-45,45.88,45.0,344.86,12.68,2.605,1249.8,6.028,0.0844,2.726
90,17,SC-52,NEWS-45,45.424,45.0,337.25,11.73,2.586,1242.9,6.028,0.0844,2.726
90,18,SC-52,NEWS-45,45.543,45.0,342.53,11.29,2.67,1252.0,6.028,0.0844,2.726
90,19,SC-52,NEWS-45,45.492,45.0,341.23,11.83,2.728,1248.9,6.028,0.0844,2.726
90,20,SC-52,NEWS-45,45.396,45.0,343.78,12.27,2.582,1253.8,6.028,0.0844,2.726
90,21,SC-52,NEWS-45,45.308,45.0,341.04,11.89,2.659,1246.6,6.028,0.0844,2.726
90,22,SC-52,NEWS-45,45.122,45.0,344.53,10.91,2.548,1252.4,6.028,0.0844,2.726
90,23,SC-52,NEWS-45,44.957,45.0,340.37,12.39,2.66,1251.4,6.028,0.0844,2.726
90,24,SC-52,NEWS-45,45.166,45.0,342.95,11.22,2.698,1256.9,6.028,0.0844,2.726
91,0,NEWS-48,FINE-90,46.319,90.0,375.38,13.85,2.701,1223.1,7.834,0.098,3.201
91,1,NEWS-48,FINE-90,54.752,90.0,419.6,15.55,3.034,1179.5,7.834,0.098,3.201
91,2,NEWS-48,FINE-90,61.761,90.0,448.42,18.42,3.241,1133.1,7.834,0.098,3.201
91,3,NEWS-48,FINE-90,66.918,90.0,473.31,20.23,3.407,1104.0,7.834,0.098,3.201
91,4,NEWS-48,FINE-90,71.516,90.0,493.1,21.7,3.487,1081.8,7.834,0.098,3.201
91,5,NEWS-48,FINE-90,75.784,90.0,510.84,21.79,3.695,1053.6,7.834,0.098,3.201
91,6,NEWS-48,FINE-90,78.215,90.0,521.6,23.12,3.834,1043.3,7.834,0.098,3.201
91,7,NEWS-48,FINE-90,80.717,90.0,531.34,23.36,3.903,1028.9,7.834,0.098,3.201
91,8,NEWS-48,FINE-90,82.758,90.0,541.24,23.77,3.887,1026.0,7.834,0.098,3.201
91,9,NEWS-48,FINE-90,83.85,90.0,546.35,25.51,4.08,1021.9,7.834,0.098,3.201
91,10,NEWS-48,FINE-90,84.929,90.0,549.1,25.41,4.149,1002.7,7.834,0.098,3.201
91,11,NEWS-48,FINE-90,85.539,90.0,555.11,26.11,4.102,1007.7,7.834,0.098,3.201
91,12,NEWS-48,FINE-90,86.639,90.0,560.94,25.12,4.256,989.8,7.834,0.098,3.201
91,13,NEWS-48,FINE-90,87.337,90.0,562.15,26.1,4.127,994.7,7.834,0.098,3.201
91,14,NEWS-48,FINE-90,87.652,90.0,565.6,26.4,4.127,992.3,7.834,0.098,3.201
91,15,NEWS-48,FINE-90,88.768,90.0,562.65,25.88,4.159,981.4,7.834,0.098,3.201
91,16,NEWS-48,FINE-90,88.965,90.0,567.48,27.17,4.238,982.9,7.834,0.098,3.201
91,17,NEWS-48,FINE-90,89.196,90.0,565.01,26.4,4.15,981.1,7.834,0.098,3.201
91,18,NEWS-48,FINE-90,89.079,90.0,564.61,26.84,4.234,978.0,7.834,0.098,3.201
91,19,NEWS-48,FINE-90,88.976,90.0,566.07,26.4,4.405,970.3,7.834,0.098,3.201
91,20,NEWS-48,FINE-90,89.824,90.0,568.43,26.14,4.19,981.9,7.834,0.098,3.201
91,21,NEWS-48,FINE-90,89.638,90.0,570.6,27.24,4.244,981.9,7.834,0.098,3.201
91,22,NEWS-48,FINE-90,89.859,90.0,569.47,27.01,4.224,981.4,7.834,0.098,3.201
91,23,NEWS-48,FINE-90,89.885,90.0,568.78,26.97,4.266,985.3,7.834,0.098,3.201
91,24,NEWS-48,FINE-90,89.851,90.0,567.21,26.74,4.266,971.5,7.834,0.098,3.201
92,0,FINE-90,NEWS-48,95.853,48.5,576.07,27.37,4.19,998.4,8.276,0.07,2.886
92,1,FINE-90,NEWS-48,88.902,48.5,551.78,25.88,3.986,1033.2,8.276,0.07,2.886
92,2,FINE-90,NEWS-48,83.362,48.5,523.44,23.73,3.819,1055.1,8.276,0.07,2.886
92,3,FINE-90,NEWS-48,78.522,48.5,501.11,21.39,3.676,1088.2,8.276,0.07,2.886
92,4,FINE-90,NEWS-48,74.318,48.5,482.54,20.34,3.461,1102.6,8.276,0.07,2.886
92,5,FINE-90,NEWS-48,70.601,48.5,466.32,18.68,3.303,1122.7,8.276,0.07,2.886
92,6,FINE-90,NEWS-48,68.233,48.5,452.28,18.92,3.236,1141.2,8.276,0.07,2.886
92,7,FINE-90,NEWS-48,64.441,48.5,440.0,18.16,3.156,1162.4,8.276,0.07,2.886
92,8,FINE-90,NEWS-48,62.743,48.5,427.97,16.63,3.147,1168.3,8.276,0.07,2.886
92,9,FINE-90,NEWS-48,60.418,48.5,419.17,17.65,3.082,1173.1,8.276,0.07,2.886
92,10,FINE-90,NEWS-48,58.848,48.5,411.3,17.21,2.918,1182.2,8.276,0.07,2.886
92,11,FINE-90,NEWS-48,57.681,48.5,408.82,15.56,2.947,1180.9,8.276,0.07,2.886
92,12,FINE-90,NEWS-48,55.609,48.5,398.29,14.78,2.846,1199.9,8.276,0.07,2.886
92,13,FINE-90,NEWS-48,54.782,48.5,392.92,15.0,2.817,1204.5,8.276,0.07,2.886
92,14,FINE-90,NEWS-48,54.1,48.5,392.68,14.18,2.884,1205.9,8.276,0.07,2.886
92,15,FINE-90,NEWS-48,53.787,48.5,385.06,14.83,2.801,1211.8,8.276,0.07,2.886
92,16,FINE-90,NEWS-48,53.102,48.5,380.51,14.24,2.825,1201.3,8.276,0.07,2.886
92,17,FINE-90,NEWS-48,52.457,48.5,377.12,14.11,2.805,1208.7,8.276,0.07,2.886
92,18,FINE-90,NEWS-48,50.912,48.5,373.92,14.73,2.761,1225.5,8.276,0.07,2.886
92,19,FINE-90,NEWS-48,50.822,48.5,375.62,13.41,2.771,1217.2,8.276,0.07,2.886
92,20,FINE-90,NEWS-48,50.463,48.5,368.99,13.33,2.756,1224.0,8.276,0.07,2.886
92,21,FINE-90,NEWS-48,50.429,48.5,373.62,13.96,2.681,1217.9,8.276,0.07,2.886
92,22,FINE-90,NEWS-48,49.615,48.5,369.29,13.24,2.757,1220.6,8.276,0.07,2.886
92,23,FINE-90,NEWS-48,50.265,48.5,367.34,14.19,2.692,1233.2,8.276,0.07,2.886
92,24,FINE-90,NEWS-48,49.135,48.5,366.67,13.83,2.669,1224.0,8.276,0.07,2.886
93,0,LWC-65,FINE-90,65.295,90.0,471.25,19.84,3.51,1124.5,11.017,0.0951,1.795
93,1,LWC-65,FINE-90,69.522,90.0,489.01,21.73,3.639,1086.6,11.017,0.0951,1.795
93,2,LWC-65,FINE-90,72.788,90.0,500.97,22.12,3.733,1070.1,11.017,0.0951,1.795
93,3,LWC-65,FINE-90,76.86,90.0,508.67,22.34,3.853,1050.0,11.017,0.0951,1.795
93,4,LWC-65,FINE-90,79.569,90.0,517.63,24.23,3.893,1028.8,11.017,0.0951,1.795
93,5,LWC-65,FINE-90,80.941,90.0,526.96,24.23,4.037,1025.9,11.017,0.0951,1.795
93,6,LWC-65,FINE-90,82.171,90.0,531.38,24.79,4.008,1014.2,11.017,0.0951,1.795
93,7,LWC-65,FINE-90,84.098,90.0,541.32,25.68,4.159,1006.5,11.017,0.0951,1.795
93,8,LWC-65,FINE-90,84.652,90.0,543.3,26.45,4.134,997.8,11.017,0.0951,1.795
93,9,LWC-65,FINE-90,86.376,90.0,545.51,26.44,4.118,990.3,11.017,0.0951,1.795
93,10,LWC-65,FINE-90,86.595,90.0,550.93,26.48,4.265,990.3,11.017,0.0951,1.795
93,11,LWC-65,FINE-90,87.569,90.0,554.89,26.34,4.341,987.5,11.017,0.0951,1.795
93,12,LWC-65,FINE-90,88.132,90.0,554.93,25.88,4.265,991.9,11.017,0.0951,1.795
93,13,LWC-65,FINE-90,88.399,90.0,554.45,26.81,4.24,977.8,11.017,0.0951,1.795
93,14,LWC-65,FINE-90,89.207,90.0,560.43,27.07,4.215,992.1,11.017,0.0951,1.795
93,15,LWC-65,FINE-90,88.863,90.0,559.23,26.47,4.284,991.3,11.017,0.0951,1.795
93,16,LWC-65,FINE-90,88.824,90.0,561.33,26.63,4.308,979.7,11.017,0.0951,1.795
93,17,LWC-65,FINE-90,88.393,90.0,564.93,27.41,4.282,989.3,11.017,0.0951,1.795
93,18,LWC-65,FINE-90,88.471,90.0,563.72,26.69,4.33,976.8,11.017,0.0951,1.795
93,19,LWC-65,FINE-90,89.713,90.0,565.38,26.77,4.364,987.0,11.017,0.0951,1.795
93,20,LWC-65,FINE-90,89.492,90.0,569.22,26.88,4.227,977.0,11.017,0.0951,1.795
93,21,LWC-65,FINE-90,89.331,90.0,566.17,27.28,4.307,986.0,11.017,0.0951,1.795
93,22,LWC-65,FINE-90,89.282,90.0,571.39,27.1,4.199,973.5,11.017,0.0951,1.795
93,23,LWC-65,FINE-90,90.045,90.0,569.23,27.07,4.254,985.9,11.017,0.0951,1.795
93,24,LWC-65,FINE-90,89.429,90.0,566.22,27.73,4.332,986.9,11.017,0.0951,1.795
94,0,FINE-90,FINE-80,87.487,80.0,558.68,27.19,4.177,992.5,4.637,0.1301,4.214
94,1,FINE-90,FINE-80,86.723,80.0,556.99,25.91,4.149,995.6,4.637,0.1301,4.214
94,2,FINE-90,FINE-80,84.759,80.0,547.93,25.79,4.132,1006.4,4.637,0.1301,4.214
94,3,FINE-90,FINE-80,84.354,80.0,544.69,25.77,4.104,1003.8,4.637,0.1301,4.214
94,4,FINE-90,FINE-80,83.702,80.0,540.76,25.6,4.057,1005.3,4.637,0.1301,4.214
94,5,FINE-90,FINE-80,82.888,80.0,535.44,24.8,3.986,1004.3,4.637,0.1301,4.214
94,6,FINE-90,FINE-80,82.517,80.0,536.95,25.21,4.043,1020.6,4.637,0.1301,4.214
94,7,FINE-90,FINE-80,82.334,80.0,531.34,24.73,3.987,1026.0,4.637,0.1301,4.214
94,8,FINE-90,FINE-80,81.689,80.0,530.11,24.49,4.035,1016.5,4.637,0.1301,4.214
94,9,FINE-90,FINE-80,82.018,80.0,524.43,24.53,3.969,1024.3,4.637,0.1301,4.214
94,10,FINE-90,FINE-80,81.42,80.0,524.37,25.44,4.039,1014.6,4.637,0.1301,4.214
94,11,FINE-90,FINE-80,81.015,80.0,528.17,24.24,4.099,1018.0,4.637,0.1301,4.214
94,12,FINE-90,FINE-80,80.922,80.0,524.96,24.73,3.976,1021.6,4.637,0.1301,4.214
94,13,FINE-90,FINE-80,80.858,80.0,523.0,24.48,3.947,1014.9,4.637,0.1301,4.214
94,14,FINE-90,FINE-80,81.029,80.0,522.37,24.04,4.065,1018.2,4.637,0.1301,4.214
94,15,FINE-90,FINE-80,80.784,80.0,524.04,23.36,4.095,1017.8,4.637,0.1301,4.214
94,16,FINE-90,FINE-80,80.51,80.0,524.99,23.79,3.943,1021.5,4.637,0.1301,4.214
94,17,FINE-90,FINE-80,80.074,80.0,520.95,24.12,3.999,1019.8,4.637,0.1301,4.214
94,18,FINE-90,FINE-80,80.366,80.0,523.94,24.02,4.028,1015.9,4.637,0.1301,4.214
94,19,FINE-90,FINE-80,80.373,80.0,521.14,24.7,3.99,1018.2,4.637,0.1301,4.214
94,20,FINE-90,FINE-80,80.397,80.0,522.23,23.68,3.914,1025.3,4.637,0.1301,4.214
94,21,FINE-90,FINE-80,79.915,80.0,517.48,23.96,3.933,1022.5,4.637,0.1301,4.214
94,22,FINE-90,FINE-80,80.333,80.0,517.66,24.3,3.938,1022.1,4.637,0.1301,4.214
94,23,FINE-90,FINE-80,80.332,80.0,522.37,23.88,3.949,1031.1,4.637,0.1301,4.214
94,24,FINE-90,FINE-80,79.713,80.0,521.16,24.51,4.005,1014.2,4.637,0.1301,4.214
95,0,NEWS-45,SC-52,45.049,52.0,344.43,12.49,2.729,1248.4,6.2,0.0848,0.819
95,1,NEWS-45,SC-52,46.648,52.0,346.61,13.15,2.798,1240.9,6.2,0.0848,0.819
95,2,NEWS-45,SC-52,46.616,52.0,349.32,12.49,2.64,1233.8,6.2,0.0848,0.819
95,3,NEWS-45,SC-52,46.69,52.0,357.01,13.69,2.746,1228.9,6.2,0.0848,0.819
95,4,NEWS-45,SC-52,47.631,52.0,357.42,14.64,2.724,1225.4,6.2,0.0848,0.819
95,5,NEWS-45,SC-52,48.38,52.0,359.71,14.48,2.711,1229.5,6.2,0.0848,0.819
95,6,NEWS-45,SC-52,48.336,52.0,362.96,14.24,2.779,1216.3,6.2,0.0848,0.819
95,7,NEWS-45,SC-52,48.956,52.0,366.88,13.94,2.77,1218.8,6.2,0.0848,0.819
95,8,NEWS-45,SC-52,48.886,52.0,366.37,14.46,2.897,1209.7,6.2,0.0848,0.819
95,9,NEWS-45,SC-52,49.635,52.0,370.07,15.54,2.849,1217.8,6.2,0.0848,0.819
95,10,NEWS-45,SC-52,51.127,52.0,369.13,15.29,2.751,1209.5,6.2,0.0848,0.819
95,11,NEWS-45,SC-52,50.493,52.0,372.03,14.53,2.873,1206.5,6.2,0.0848,0.819
95,12,NEWS-45,SC-52,52.557,52.0,370.04,13.91,2.812,1210.4,6.2,0.0848,0.819
95,13,NEWS-45,SC-52,50.24,52.0,375.05,15.8,2.871,1195.8,6.2,0.0848,0.819
95,14,NEWS-45,SC-52,51.357,52.0,372.42,14.37,2.891,1200.6,6.2,0.0848,0.819
95,15,NEWS-45,SC-52,51.285,52.0,375.45,15.04,2.838,1208.0,6.2,0.0848,0.819
95,16,NEWS-45,SC-52,51.731,52.0,372.22,14.02,2.889,1210.5,6.2,0.0848,0.819
95,17,NEWS-45,SC-52,50.86,52.0,375.83,14.67,2.901,1207.0,6.2,0.0848,0.819
95,18,NEWS-45,SC-52,51.131,52.0,376.67,14.07,2.875,1204.8,6.2,0.0848,0.819
95,19,NEWS-45,SC-52,51.806,52.0,375.38,14.29,2.85,1215.7,6.2,0.0848,0.819
95,20,NEWS-45,SC-52,51.167,52.0,376.92,14.42,2.888,1205.6,6.2,0.0848,0.819
95,21,NEWS-45,SC-52,50.245,52.0,378.01,15.14,2.882,1197.5,6.2,0.0848,0.819
95,22,NEWS-45,SC-52,52.677,52.0,378.92,14.87,2.906,1207.5,6.2,0.0848,0.819
95,23,NEWS-45,SC-52,52.394,52.0,378.26,16.28,2.878,1198.9,6.2,0.0848,0.819
95,24,NEWS-45,SC-52,51.424,52.0,380.96,15.5,2.833,1198.3,6.2,0.0848,0.819
96,0,SC-52,FINE-90,52.268,90.0,383.26,15.21,2.808,1200.5,5.879,0.0977,4.499
96,1,SC-52,FINE-90,60.995,90.0,431.45,18.86,3.174,1159.0,5.879,0.0977,4.499
96,2,SC-52,FINE-90,68.335,90.0,470.19,19.62,3.492,1111.9,5.879,0.0977,4.499
96,3,SC-52,FINE-90,73.34,90.0,491.13,22.05,3.63,1070.3,5.879,0.0977,4.499
96,4,SC-52,FINE-90,77.898,90.0,513.91,22.95,3.781,1059.2,5.879,0.0977,4.499
96,5,SC-52,FINE-90,80.372,90.0,527.15,23.48,3.971,1043.7,5.879,0.0977,4.499
96,6,SC-52,FINE-90,82.801,90.0,536.45,24.94,4.127,1028.2,5.879,0.0977,4.499
96,7,SC-52,FINE-90,85.215,90.0,544.81,24.78,4.152,1013.9,5.879,0.0977,4.499
96,8,SC-52,FINE-90,86.172,90.0,552.9,25.94,4.223,998.0,5.879,0.0977,4.499
96,9,SC-52,FINE-90,86.609,90.0,555.95,25.81,4.107,998.1,5.879,0.0977,4.499
96,10,SC-52,FINE-90,87.946,90.0,560.16,25.72,4.153,993.7,5.879,0.0977,4.499
96,11,SC-52,FINE-90,88.043,90.0,563.83,26.3,4.243,989.4,5.879,0.0977,4.499
96,12,SC-52,FINE-90,88.929,90.0,569.4,26.34,4.299,992.9,5.879,0.0977,4.499
96,13,SC-52,FINE-90,88.879,90.0,565.89,26.24,4.3,985.9,5.879,0.0977,4.499
96,14,SC-52,FINE-90,88.957,90.0,564.63,26.69,4.209,992.7,5.879,0.0977,4.499
96,15,SC-52,FINE-90,89.113,90.0,568.47,26.87,4.339,983.4,5.879,0.0977,4.499
96,16,SC-52,FINE-90,89.654,90.0,567.3,25.51,4.283,989.5,5.879,0.0977,4.499
96,17,SC-52,FINE-90,89.947,90.0,572.49,27.04,4.329,983.7,5.879,0.0977,4.499
96,18,SC-52,FINE-90,89.864,90.0,568.04,27.21,4.262,983.4,5.879,0.0977,4.499
96,19,SC-52,FINE-90,89.683,90.0,569.32,27.6,4.217,978.2,5.879,0.0977,4.499
96,20,SC-52,FINE-90,89.319,90.0,570.71,26.28,4.338,974.5,5.879,0.0977,4.499
96,21,SC-52,FINE-90,89.701,90.0,570.58,26.41,4.32,980.6,5.879,0.0977,4.499
96,22,SC-52,FINE-90,89.543,90.0,572.48,27.04,4.235,989.2,5.879,0.0977,4.499
96,23,SC-52,FINE-90,90.349,90.0,571.11,26.59,4.265,978.3,5.879,0.0977,4.499
96,24,SC-52,FINE-90,89.834,90.0,574.52,26.37,4.333,977.3,5.879,0.0977,4.499
97,0,LWC-65,FINE-90,64.701,90.0,459.65,19.97,3.424,1097.6,11.486,0.1129,2.476
97,1,LWC-65,FINE-90,69.293,90.0,476.41,21.58,3.658,1084.7,11.486,0.1129,2.476
97,2,LWC-65,FINE-90,72.054,90.0,491.72,22.75,3.683,1073.0,11.486,0.1129,2.476
97,3,LWC-65,FINE-90,75.416,90.0,504.63,23.0,3.741,1061.0,11.486,0.1129,2.476
97,4,LWC-65,FINE-90,77.274,90.0,516.96,24.03,3.903,1036.3,11.486,0.1129,2.476
97,5,LWC-65,FINE-90,79.697,90.0,525.34,24.15,3.91,1043.6,11.486,0.1129,2.476
97,6,LWC-65,FINE-90,81.678,90.0,539.07,25.0,4.068,1033.7,11.486,0.1129,2.476
97,7,LWC-65,FINE-90,82.192,90.0,540.33,25.24,4.028,1025.1,11.486,0.1129,2.476
97,8,LWC-65,FINE-90,83.58,90.0,545.41,25.6,4.068,1015.8,11.486,0.1129,2.476
97,9,LWC-65,FINE-90,84.583,90.0,548.17,25.56,4.069,1006.8,11.486,0.1129,2.476
97,10,LWC-65,FINE-90,85.656,90.0,558.92,26.14,4.12,999.4,11.486,0.1129,2.476
97,11,LWC-65,FINE-90,86.423,90.0,553.87,25.71,4.139,993.0,11.486,0.1129,2.476
97,12,LWC-65,FINE-90,86.847,90.0,557.19,26.37,4.241,1001.3,11.486,0.1129,2.476
97,13,LWC-65,FINE-90,86.867,90.0,562.15,26.08,4.207,1000.7,11.486,0.1129,2.476
97,14,LWC-65,FINE-90,87.421,90.0,562.23,26.0,4.243,992.7,11.486,0.1129,2.476
97,15,LWC-65,FINE-90,87.877,90.0,560.67,26.23,4.226,988.9,11.486,0.1129,2.476
97,16,LWC-65,FINE-90,88.606,90.0,564.42,26.55,4.212,989.9,11.486,0.1129,2.476
97,17,LWC-65,FINE-90,88.268,90.0,566.68,26.45,4.261,985.0,11.486,0.1129,2.476
97,18,LWC-65,FINE-90,88.622,90.0,567.14,26.96,4.331,987.1,11.486,0.1129,2.476
97,19,LWC-65,FINE-90,88.732,90.0,568.1,26.84,4.206,982.5,11.486,0.1129,2.476
97,20,LWC-65,FINE-90,89.322,90.0,571.7,27.34,4.285,988.1,11.486,0.1129,2.476
97,21,LWC-65,FINE-90,89.684,90.0,568.32,26.82,4.344,990.6,11.486,0.1129,2.476
97,22,LWC-65,FINE-90,89.495,90.0,569.75,26.98,4.233,986.3,11.486,0.1129,2.476
97,23,LWC-65,FINE-90,90.134,90.0,563.62,27.84,4.324,982.8,11.486,0.1129,2.476
97,24,LWC-65,FINE-90,89.656,90.0,572.46,26.7,4.327,987.6,11.486,0.1129,2.476
98,0,LWC-58,LWC-65,60.718,65.0,438.74,17.78,3.293,1144.7,6.36,0.0735,2.039
98,1,LWC-58,LWC-65,61.077,65.0,439.8,18.01,3.291,1138.0,6.36,0.0735,2.039
98,2,LWC-58,LWC-65,61.462,65.0,445.27,18.59,3.373,1118.5,6.36,0.0735,2.039
98,3,LWC-58,LWC-65,62.067,65.0,449.28,18.3,3.333,1124.1,6.36,0.0735,2.039
98,4,LWC-58,LWC-65,62.98,65.0,444.72,18.74,3.416,1126.1,6.36,0.0735,2.039
98,5,LWC-58,LWC-65,62.351,65.0,448.72,18.93,3.468,1118.0,6.36,0.0735,2.039
98,6,LWC-58,LWC-65,62.648,65.0,452.88,18.23,3.426,1134.5,6.36,0.0735,2.039
98,7,LWC-58,LWC-65,63.236,65.0,449.72,20.27,3.361,1124.0,6.36,0.0735,2.039
98,8,LWC-58,LWC-65,63.109,65.0,454.03,19.7,3.41,1122.4,6.36,0.0735,2.039
98,9,LWC-58,LWC-65,63.409,65.0,451.19,19.36,3.486,1124.8,6.36,0.0735,2.039
98,10,LWC-58,LWC-65,63.967,65.0,455.4,19.3,3.474,1124.3,6.36,0.0735,2.039
98,11,LWC-58,LWC-65,63.991,65.0,455.44,20.16,3.484,1117.9,6.36,0.0735,2.039
98,12,LWC-58,LWC-65,64.262,65.0,462.52,19.61,3.55,1128.5,6.36,0.0735,2.039
98,13,LWC-58,LWC-65,64.417,65.0,457.9,20.08,3.483,1122.5,6.36,0.0735,2.039
98,14,LWC-58,LWC-65,64.737,65.0,452.52,19.38,3.486,1128.0,6.36,0.0735,2.039
98,15,LWC-58,LWC-65,64.531,65.0,457.12,19.28,3.516,1118.4,6.36,0.0735,2.039
98,16,LWC-58,LWC-65,64.852,65.0,459.27,19.68,3.418,1112.1,6.36,0.0735,2.039
98,17,LWC-58,LWC-65,64.586,65.0,457.1,19.8,3.457,1128.1,6.36,0.0735,2.039
98,18,LWC-58,LWC-65,64.727,65.0,457.28,20.03,3.445,1124.5,6.36,0.0735,2.039
98,19,LWC-58,LWC-65,64.771,65.0,457.6,20.58,3.517,1126.6,6.36,0.0735,2.039
98,20,LWC-58,LWC-65,64.786,65.0,459.72,20.42,3.44,1126.8,6.36,0.0735,2.039
98,21,LWC-58,LWC-65,64.8,65.0,456.29,20.54,3.516,1120.7,6.36,0.0735,2.039
98,22,LWC-58,LWC-65,65.317,65.0,457.83,19.53,3.478,1118.6,6.36,0.0735,2.039
98,23,LWC-58,LWC-65,65.009,65.0,461.15,19.77,3.473,1120.0,6.36,0.0735,2.039
98,24,LWC-58,LWC-65,64.69,65.0,458.23,20.41,3.537,1123.1,6.36,0.0735,2.039
99,0,SC-52,LWC-58,54.157,58.0,377.62,16.75,2.939,1226.3,10.451,0.1,3.341
99,1,SC-52,LWC-58,54.623,58.0,384.63,17.61,2.975,1209.1,10.451,0.1,3.341
99,2,SC-52,LWC-58,55.068,58.0,390.21,16.47,3.083,1197.2,10.451,0.1,3.341
99,3,SC-52,LWC-58,55.924,58.0,393.35,17.38,2.971,1197.6,10.451,0.1,3.341
99,4,SC-52,LWC-58,55.675,58.0,397.26,17.87,3.067,1179.5,10.451,0.1,3.341
99,5,SC-52,LWC-58,56.245,58.0,400.49,16.94,3.148,1180.7,10.451,0.1,3.341
99,6,SC-52,LWC-58,56.655,58.0,405.66,18.23,3.1,1166.1,10.451,0.1,3.341
99,7,SC-52,LWC-58,56.211,58.0,409.0,16.88,3.085,1172.4,10.451,0.1,3.341
99,8,SC-52,LWC-58,57.041,58.0,407.93,17.61,3.103,1163.9,10.451,0.1,3.341
99,9,SC-52,LWC-58,57.739,58.0,408.46,17.17,3.193,1160.0,10.451,0.1,3.341
99,10,SC-52,LWC-58,57.479,58.0,411.11,18.11,3.085,1151.5,10.451,0.1,3.341
99,11,SC-52,LWC-58,57.259,58.0,416.81,17.32,3.152,1156.1,10.451,0.1,3.341
99,12,SC-52,LWC-58,57.402,58.0,414.36,17.52,3.131,1152.6,10.451,0.1,3.341
99,13,SC-52,LWC-58,57.721,58.0,415.37,17.42,3.139,1163.7,10.451,0.1,3.341
99,14,SC-52,LWC-58,57.529,58.0,414.88,17.28,3.205,1154.2,10.451,0.1,3.341
99,15,SC-52,LWC-58,57.875,58.0,418.19,17.52,3.166,1150.2,10.451,0.1,3.341
99,16,SC-52,LWC-58,57.616,58.0,417.28,17.9,3.2,1149.4,10.451,0.1,3.341
99,17,SC-52,LWC-58,57.507,58.0,416.48,17.88,3.129,1145.3,10.451,0.1,3.341
99,18,SC-52,LWC-58,58.199,58.0,416.2,17.83,3.234,1159.3,10.451,0.1,3.341
99,19,SC-52,LWC-58,58.083,58.0,419.3,17.62,3.204,1157.7,10.451,0.1,3.341
99,20,SC-52,LWC-58,57.325,58.0,419.31,17.78,3.257,1150.8,10.451,0.1,3.341
99,21,SC-52,LWC-58,57.808,58.0,416.5,17.17,3.175,1161.8,10.451,0.1,3.341
99,22,SC-52,LWC-58,58.237,58.0,421.6,17.62,3.219,1150.7,10.451,0.1,3.341
99,23,SC-52,LWC-58,57.887,58.0,418.0,17.87,3.236,1156.1,10.451,0.1,3.341
99,24,SC-52,LWC-58,57.773,58.0,414.95,18.13,3.219,1153.3,10.451,0.1,3.341
100,0,SC-52,FINE-80,51.069,80.0,384.88,15.29,2.865,1215.7,5.965,0.1069,4.293
100,1,SC-52,FINE-80,54.283,80.0,400.46,16.42,2.928,1179.7,5.965,0.1069,4.293
100,2,SC-52,FINE-80,58.333,80.0,412.91,17.21,3.006,1163.5,5.965,0.1069,4.293
100,3,SC-52,FINE-80,60.655,80.0,428.77,19.08,3.247,1154.8,5.965,0.1069,4.293
100,4,SC-52,FINE-80,62.93,80.0,436.5,19.45,3.238,1123.8,5.965,0.1069,4.293
100,5,SC-52,FINE-80,65.532,80.0,448.23,19.92,3.347,1105.7,5.965,0.1069,4.293
100,6,SC-52,FINE-80,67.336,80.0,455.32,19.59,3.389,1108.0,5.965,0.1069,4.293
100,7,SC-52,FINE-80,68.41,80.0,462.5,19.71,3.523,1100.1,5.965,0.1069,4.293
100,8,SC-52,FINE-80,70.062,80.0,466.79,21.59,3.529,1075.2,5.965,0.1069,4.293
100,9,SC-52,FINE-80,71.073,80.0,478.23,22.29,3.654,1076.2,5.965,0.1069,4.293
100,10,SC-52,FINE-80,72.162,80.0,482.76,20.77,3.636,1065.6,5.965,0.1069,4.293
100,11,SC-52,FINE-80,72.475,80.0,488.95,23.05,3.731,1066.1,5.965,0.1069,4.293
100,12,SC-52,FINE-80,73.897,80.0,486.26,22.12,3.693,1059.0,5.965,0.1069,4.293
100,13,SC-52,FINE-80,74.875,80.0,492.58,22.47,3.831,1060.9,5.965,0.1069,4.293
100,14,SC-52,FINE-80,74.71,80.0,493.65,21.92,3.772,1043.4,5.965,0.1069,4.293
100,15,SC-52,FINE-80,75.703,80.0,498.95,21.86,3.826,1048.4,5.965,0.1069,4.293
100,16,SC-52,FINE-80,76.782,80.0,501.14,21.76,3.783,1046.4,5.965,0.1069,4.293
100,17,SC-52,FINE-80,76.601,80.0,501.95,23.54,3.86,1040.7,5.965,0.1069,4.293
100,18,SC-52,FINE-80,77.35,80.0,504.28,23.1,3.82,1027.9,5.965,0.1069,4.293
100,19,SC-52,FINE-80,77.226,80.0,510.66,23.47,3.89,1037.8,5.965,0.1069,4.293
100,20,SC-52,FINE-80,78.13,80.0,507.75,23.9,3.857,1030.2,5.965,0.1069,4.293
100,21,SC-52,FINE-80,78.158,80.0,504.98,23.36,3.909,1023.4,5.965,0.1069,4.293
100,22,SC-52,FINE-80,78.199,80.0,509.52,24.33,3.95,1032.5,5.965,0.1069,4.293
100,23,SC-52,FINE-80,77.871,80.0,509.47,23.13,3.866,1033.2,5.965,0.1069,4.293
100,24,SC-52,FINE-80,78.563,80.0,510.77,23.39,3.941,1025.1,5.965,0.1069,4.293
101,0,FINE-90,SC-52,93.169,52.0,557.48,24.46,4.204,1002.1,8.795,0.0985,1.934
101,1,FINE-90,SC-52,88.023,52.0,537.13,24.77,4.007,1026.1,8.795,0.0985,1.934
101,2,FINE-90,SC-52,83.429,52.0,515.18,22.27,3.983,1053.5,8.795,0.0985,1.934
101,3,FINE-90,SC-52,78.275,52.0,500.58,21.52,3.725,1070.4,8.795,0.0985,1.934
101,4,FINE-90,SC-52,75.008,52.0,481.85,20.45,3.549,1093.3,8.795,0.0985,1.934
101,5,FINE-90,SC-52,71.546,52.0,467.06,20.32,3.594,1108.1,8.795,0.0985,1.934
101,6,FINE-90,SC-52,69.966,52.0,458.1,19.46,3.464,1116.9,8.795,0.0985,1.934
101,7,FINE-90,SC-52,67.422,52.0,449.32,18.84,3.402,1126.1,8.795,0.0985,1.934
101,8,FINE-90,SC-52,65.798,52.0,441.81,17.62,3.346,1134.9,8.795,0.0985,1.934
101,9,FINE-90,SC-52,63.59,52.0,436.08,17.93,3.345,1147.1,8.795,0.0985,1.934
101,10,FINE-90,SC-52,62.788,52.0,427.52,17.68,3.325,1154.4,8.795,0.0985,1.934
101,11,FINE-90,SC-52,60.426,52.0,425.58,17.22,3.201,1157.0,8.795,0.0985,1.934
101,12,FINE-90,SC-52,59.464,52.0,416.22,15.98,3.092,1165.3,8.795,0.0985,1.934
101,13,FINE-90,SC-52,58.721,52.0,411.72,15.83,3.126,1164.7,8.795,0.0985,1.934
101,14,FINE-90,SC-52,57.487,52.0,408.28,17.06,3.119,1175.0,8.795,0.0985,1.934
101,15,FINE-90,SC-52,57.103,52.0,404.94,16.99,3.115,1172.9,8.795,0.0985,1.934
101,16,FINE-90,SC-52,56.278,52.0,401.92,15.84,3.051,1183.3,8.795,0.0985,1.934
101,17,FINE-90,SC-52,55.691,52.0,396.09,15.71,2.997,1180.6,8.795,0.0985,1.934
101,18,FINE-90,SC-52,55.212,52.0,397.96,15.72,2.963,1192.9,8.795,0.0985,1.934
101,19,FINE-90,SC-52,55.056,52.0,399.25,15.84,2.989,1186.8,8.795,0.0985,1.934
101,20,FINE-90,SC-52,54.342,52.0,390.71,14.75,2.907,1189.6,8.795,0.0985,1.934
101,21,FINE-90,SC-52,53.765,52.0,390.85,15.52,2.991,1182.9,8.795,0.0985,1.934
101,22,FINE-90,SC-52,53.872,52.0,386.83,14.83,2.971,1198.3,8.795,0.0985,1.934
101,23,FINE-90,SC-52,53.4,52.0,389.89,15.28,2.963,1192.2,8.795,0.0985,1.934
101,24,FINE-90,SC-52,53.069,52.0,388.85,14.81,2.983,1202.1,8.795,0.0985,1.934
102,0,LWC-65,LWC-58,67.019,58.0,461.4,19.96,3.403,1106.3,6.211,0.1087,4.181
102,1,LWC-65,LWC-58,64.845,58.0,450.62,19.49,3.241,1124.4,6.211,0.1087,4.181
102,2,LWC-65,LWC-58,63.228,58.0,444.06,19.29,3.332,1129.3,6.211,0.1087,4.181
102,3,LWC-65,LWC-58,62.284,58.0,439.47,18.25,3.334,1132.5,6.211,0.1087,4.181
102,4,LWC-65,LWC-58,60.763,58.0,434.73,18.59,3.247,1141.0,6.211,0.1087,4.181
102,5,LWC-65,LWC-58,60.376,58.0,433.37,17.89,3.233,1137.9,6.211,0.1087,4.181
102,6,LWC-65,LWC-58,59.844,58.0,430.07,18.42,3.201,1148.1,6.211,0.1087,4.181
102,7,LWC-65,LWC-58,59.014,58.0,428.77,18.6,3.221,1141.4,6.211,0.1087,4.181
102,8,LWC-65,LWC-58,59.002,58.0,427.74,18.16,3.194,1145.6,6.211,0.1087,4.181
102,9,LWC-65,LWC-58,59.502,58.0,424.24,17.71,3.289,1144.4,6.211,0.1087,4.181
102,10,LWC-65,LWC-58,58.375,58.0,424.67,17.92,3.219,1141.5,6.211,0.1087,4.181
102,11,LWC-65,LWC-58,58.518,58.0,422.95,19.01,3.102,1140.1,6.211,0.1087,4.181
102,12,LWC-65,LWC-58,57.745,58.0,424.4,18.81,3.236,1150.4,6.211,0.1087,4.181
102,13,LWC-65,LWC-58,58.24,58.0,417.83,17.79,3.292,1154.7,6.211,0.1087,4.181
102,14,LWC-65,LWC-58,57.894,58.0,420.4,17.78,3.23,1149.6,6.211,0.1087,4.181
102,15,LWC-65,LWC-58,58.06,58.0,421.61,17.98,3.263,1151.3,6.211,0.1087,4.181
102,16,LWC-65,LWC-58,58.255,58.0,421.75,18.65,3.236,1141.2,6.211,0.1087,4.181
102,17,LWC-65,LWC-58,57.76,58.0,420.43,17.15,3.251,1151.1,6.211,0.1087,4.181
102,18,LWC-65,LWC-58,58.147,58.0,417.03,17.74,3.249,1138.9,6.211,0.1087,4.181
102,19,LWC-65,LWC-58,57.823,58.0,419.92,18.22,3.249,1143.5,6.211,0.1087,4.181
102,20,LWC-65,LWC-58,57.643,58.0,421.84,18.16,3.217,1156.3,6.211,0.1087,4.181
102,21,LWC-65,LWC-58,58.329,58.0,419.53,17.79,3.115,1149.7,6.211,0.1087,4.181
102,22,LWC-65,LWC-58,57.737,58.0,420.31,17.88,3.146,1150.3,6.211,0.1087,4.181
102,23,LWC-65,LWC-58,57.893,58.0,423.93,18.17,3.147,1152.6,6.211,0.1087,4.181
102,24,LWC-65,LWC-58,57.844,58.0,419.7,17.8,3.074,1153.8,6.211,0.1087,4.181
103,0,FINE-90,FINE-80,89.614,80.0,576.77,27.18,4.327,956.1,12.523,0.0758,4.87
103,1,FINE-90,FINE-80,88.239,80.0,566.36,26.13,4.297,970.2,12.523,0.0758,4.87
103,2,FINE-90,FINE-80,86.955,80.0,561.01,26.14,4.209,975.7,12.523,0.0758,4.87
103,3,FINE-90,FINE-80,86.015,80.0,556.68,25.86,4.215,986.3,12.523,0.0758,4.87
103,4,FINE-90,FINE-80,84.653,80.0,553.74,25.74,4.188,977.7,12.523,0.0758,4.87
103,5,FINE-90,FINE-80,84.181,80.0,545.41,25.51,4.135,999.6,12.523,0.0758,4.87
103,6,FINE-90,FINE-80,83.675,80.0,542.3,24.55,4.188,1001.7,12.523,0.0758,4.87
103,7,FINE-90,FINE-80,82.646,80.0,540.03,24.94,4.15,1006.5,12.523,0.0758,4.87
103,8,FINE-90,FINE-80,82.624,80.0,537.16,25.18,4.099,1008.8,12.523,0.0758,4.87
103,9,FINE-90,FINE-80,81.897,80.0,536.68,24.0,4.073,1008.3,12.523,0.0758,4.87
103,10,FINE-90,FINE-80,81.926,80.0,533.59,25.35,4.033,1005.6,12.523,0.0758,4.87
103,11,FINE-90,FINE-80,82.197,80.0,528.53,23.91,4.005,1012.7,12.523,0.0758,4.87
103,12,FINE-90,FINE-80,81.274,80.0,528.49,25.14,4.071,1013.4,12.523,0.0758,4.87
103,13,FINE-90,FINE-80,80.784,80.0,527.23,23.8,4.016,1017.6,12.523,0.0758,4.87
103,14,FINE-90,FINE-80,81.008,80.0,522.92,24.2,3.97,1017.4,12.523,0.0758,4.87
103,15,FINE-90,FINE-80,80.935,80.0,528.23,24.09,3.977,1015.6,12.523,0.0758,4.87
103,16,FINE-90,FINE-80,80.389,80.0,525.78,23.47,3.981,1018.1,12.523,0.0758,4.87
103,17,FINE-90,FINE-80,80.051,80.0,523.7,24.48,4.099,1019.1,12.523,0.0758,4.87
103,18,FINE-90,FINE-80,80.199,80.0,525.94,24.48,4.052,1022.5,12.523,0.0758,4.87
103,19,FINE-90,FINE-80,80.391,80.0,524.19,24.4,4.01,1026.2,12.523,0.0758,4.87
103,20,FINE-90,FINE-80,80.206,80.0,520.53,23.95,4.027,1020.9,12.523,0.0758,4.87
103,21,FINE-90,FINE-80,80.613,80.0,523.91,23.71,4.032,1020.9,12.523,0.0758,4.87
103,22,FINE-90,FINE-80,80.4,80.0,525.07,24.6,3.961,1017.4,12.523,0.0758,4.87
103,23,FINE-90,FINE-80,80.238,80.0,521.74,24.15,3.945,1017.0,12.523,0.0758,4.87
103,24,FINE-90,FINE-80,79.652,80.0,521.61,23.66,4.056,1015.3,12.523,0.0758,4.87
104,0,LWC-65,NEWS-45,63.256,45.0,471.27,21.92,3.456,1126.3,8.918,0.0975,0.85
104,1,LWC-65,NEWS-45,58.548,45.0,443.02,19.31,3.263,1166.6,8.918,0.0975,0.85
104,2,LWC-65,NEWS-45,54.626,45.0,422.07,15.62,3.089,1184.9,8.918,0.0975,0.85
104,3,LWC-65,NEWS-45,51.714,45.0,403.26,15.02,2.967,1210.3,8.918,0.0975,0.85
104,4,LWC-65,NEWS-45,51.544,45.0,389.69,13.8,2.795,1216.0,8.918,0.0975,0.85
104,5,LWC-65,NEWS-45,48.097,45.0,378.5,13.41,2.829,1231.2,8.918,0.0975,0.85
104,6,LWC-65,NEWS-45,47.816,45.0,368.34,13.54,2.79,1231.3,8.918,0.0975,0.85
104,7,LWC-65,NEWS-45,48.011,45.0,362.9,11.96,2.658,1247.1,8.918,0.0975,0.85
104,8,LWC-65,NEWS-45,47.202,45.0,358.24,12.58,2.758,1246.8,8.918,0.0975,0.85
104,9,LWC-65,NEWS-45,46.342,45.0,349.44,12.03,2.683,1246.3,8.918,0.0975,0.85
104,10,LWC-65,NEWS-45,45.381,45.0,351.51,12.8,2.732,1233.0,8.918,0.0975,0.85
104,11,LWC-65,NEWS-45,45.613,45.0,353.51,12.36,2.622,1249.2,8.918,0.0975,0.85
104,12,LWC-65,NEWS-45,44.606,45.0,346.08,12.02,2.706,1241.6,8.918,0.0975,0.85
104,13,LWC-65,NEWS-45,45.122,45.0,345.49,11.71,2.612,1250.2,8.918,0.0975,0.85
104,14,LWC-65,NEWS-45,45.02,45.0,342.57,13.38,2.624,1255.3,8.918,0.0975,0.85
104,15,LWC-65,NEWS-45,45.028,45.0,341.14,12.17,2.632,1252.7,8.918,0.0975,0.85
104,16,LWC-65,NEWS-45,44.535,45.0,341.98,11.31,2.614,1253.7,8.918,0.0975,0.85
104,17,LWC-65,NEWS-45,43.809,45.0,343.29,11.61,2.628,1247.7,8.918,0.0975,0.85
104,18,LWC-65,NEWS-45,46.024,45.0,341.13,12.22,2.514,1242.1,8.918,0.0975,0.85
104,19,LWC-65,NEWS-45,45.836,45.0,340.5,11.64,2.601,1245.9,8.918,0.0975,0.85
104,20,LWC-65,NEWS-45,45.704,45.0,341.97,11.7,2.602,1248.2,8.918,0.0975,0.85
104,21,LWC-65,NEWS-45,45.316,45.0,341.16,12.5,2.506,1249.8,8.918,0.0975,0.85
104,22,LWC-65,NEWS-45,45.15,45.0,341.16,12.45,2.636,1256.3,8.918,0.0975,0.85
104,23,LWC-65,NEWS-45,44.488,45.0,342.85,11.72,2.557,1253.6,8.918,0.0975,0.85
104,24,LWC-65,NEWS-45,44.565,45.0,342.49,12.59,2.649,1261.1,8.918,0.0975,0.85
105,0,FINE-90,SC-60,93.342,60.0,567.42,26.01,4.235,986.3,12.971,0.0946,1.249
105,1,FINE-90,SC-60,88.024,60.0,550.02,24.73,4.108,1003.2,12.971,0.0946,1.249
105,2,FINE-90,SC-60,83.681,60.0,531.84,23.13,4.013,1016.7,12.971,0.0946,1.249
105,3,FINE-90,SC-60,82.226,60.0,518.33,23.36,4.018,1048.5,12.971,0.0946,1.249
105,4,FINE-90,SC-60,78.396,60.0,503.86,22.54,3.807,1067.1,12.971,0.0946,1.249
105,5,FINE-90,SC-60,77.113,60.0,498.77,21.18,3.785,1078.3,12.971,0.0946,1.249
105,6,FINE-90,SC-60,74.816,60.0,486.63,21.3,3.836,1085.0,12.971,0.0946,1.249
105,7,FINE-90,SC-60,72.783,60.0,480.22,20.63,3.723,1093.1,12.971,0.0946,1.249
105,8,FINE-90,SC-60,71.216,60.0,471.74,19.37,3.673,1110.5,12.971,0.0946,1.249
105,9,FINE-90,SC-60,69.083,60.0,465.74,19.2,3.729,1116.8,12.971,0.0946,1.249
105,10,FINE-90,SC-60,69.353,60.0,464.69,19.87,3.598,1122.4,12.971,0.0946,1.249
105,11,FINE-90,SC-60,67.204,60.0,458.2,19.16,3.518,1138.2,12.971,0.0946,1.249
105,12,FINE-90,SC-60,66.436,60.0,456.36,18.47,3.51,1129.7,12.971,0.0946,1.249
105,13,FINE-90,SC-60,65.061,60.0,450.79,18.1,3.442,1147.9,12.971,0.0946,1.249
105,14,FINE-90,SC-60,64.19,60.0,445.84,18.08,3.539,1143.2,12.971,0.0946,1.249
105,15,FINE-90,SC-60,64.425,60.0,444.0,17.95,3.485,1137.3,12.971,0.0946,1.249
105,16,FINE-90,SC-60,63.737,60.0,443.32,17.6,3.494,1148.6,12.971,0.0946,1.249
105,17,FINE-90,SC-60,62.669,60.0,440.09,17.02,3.483,1157.0,12.971,0.0946,1.249
105,18,FINE-90,SC-60,61.875,60.0,437.59,18.35,3.388,1152.7,12.971,0.0946,1.249
105,19,FINE-90,SC-60,61.624,60.0,440.88,18.17,3.349,1149.1,12.971,0.0946,1.249
105,20,FINE-90,SC-60,62.798,60.0,436.24,16.96,3.383,1157.4,12.971,0.0946,1.249
105,21,FINE-90,SC-60,61.444,60.0,436.62,17.59,3.332,1155.5,12.971,0.0946,1.249
105,22,FINE-90,SC-60,61.375,60.0,436.07,17.0,3.375,1163.6,12.971,0.0946,1.249
105,23,FINE-90,SC-60,62.247,60.0,433.56,17.27,3.416,1166.1,12.971,0.0946,1.249
105,24,FINE-90,SC-60,60.525,60.0,437.0,17.17,3.344,1158.0,12.971,0.0946,1.249
106,0,SC-60,NEWS-45,59.112,45.0,417.88,17.1,3.36,1187.0,9.98,0.0737,0.969
106,1,SC-60,NEWS-45,57.657,45.0,403.72,15.79,3.172,1207.0,9.98,0.0737,0.969
106,2,SC-60,NEWS-45,55.095,45.0,391.71,15.68,3.018,1217.4,9.98,0.0737,0.969
106,3,SC-60,NEWS-45,51.131,45.0,382.31,14.43,2.97,1218.6,9.98,0.0737,0.969
106,4,SC-60,NEWS-45,51.275,45.0,378.02,15.22,2.842,1214.1,9.98,0.0737,0.969
106,5,SC-60,NEWS-45,48.65,45.0,372.82,13.57,2.829,1217.1,9.98,0.0737,0.969
106,6,SC-60,NEWS-45,48.228,45.0,367.36,13.34,2.884,1237.6,9.98,0.0737,0.969
106,7,SC-60,NEWS-45,47.943,45.0,363.99,13.28,2.783,1235.3,9.98,0.0737,0.969
106,8,SC-60,NEWS-45,46.763,45.0,361.08,13.23,2.689,1245.1,9.98,0.0737,0.969
106,9,SC-60,NEWS-45,48.734,45.0,356.5,12.68,2.66,1232.6,9.98,0.0737,0.969
106,10,SC-60,NEWS-45,47.355,45.0,351.09,12.77,2.652,1240.4,9.98,0.0737,0.969
106,11,SC-60,NEWS-45,47.379,45.0,350.37,12.5,2.761,1247.9,9.98,0.0737,0.969
106,12,SC-60,NEWS-45,46.035,45.0,343.81,11.94,2.591,1240.4,9.98,0.0737,0.969
106,13,SC-60,NEWS-45,45.938,45.0,348.18,11.73,2.635,1250.2,9.98,0.0737,0.969
106,14,SC-60,NEWS-45,46.866,45.0,346.02,12.56,2.651,1245.3,9.98,0.0737,0.969
106,15,SC-60,NEWS-45,45.907,45.0,347.94,12.92,2.683,1246.8,9.98,0.0737,0.969
106,16,SC-60,NEWS-45,45.919,45.0,342.45,11.31,2.601,1241.3,9.98,0.0737,0.969
106,17,SC-60,NEWS-45,44.741,45.0,344.3,11.39,2.566,1249.0,9.98,0.0737,0.969
106,18,SC-60,NEWS-45,44.663,45.0,340.7,11.36,2.625,1259.1,9.98,0.0737,0.969
106,19,SC-60,NEWS-45,45.44,45.0,342.03,12.45,2.674,1250.4,9.98,0.0737,0.969
106,20,SC-60,NEWS-45,45.471,45.0,338.59,12.48,2.593,1244.8,9.98,0.0737,0.969
106,21,SC-60,NEWS-45,44.456,45.0,344.26,11.55,2.563,1255.9,9.98,0.0737,0.969
106,22,SC-60,NEWS-45,45.389,45.0,343.39,13.14,2.61,1245.3,9.98,0.0737,0.969
106,23,SC-60,NEWS-45,44.238,45.0,340.12,11.83,2.522,1257.9,9.98,0.0737,0.969
106,24,SC-60,NEWS-45,45.097,45.0,341.41,12.74,2.592,1243.1,9.98,0.0737,0.969
107,0,LWC-58,FINE-80,56.455,80.0,416.59,16.8,2.967,1145.8,12.005,0.0991,4.125
107,1,LWC-58,FINE-80,59.564,80.0,432.24,17.72,3.159,1120.2,12.005,0.0991,4.125
107,2,LWC-58,FINE-80,62.952,80.0,447.87,18.82,3.25,1114.9,12.005,0.0991,4.125
107,3,LWC-58,FINE-80,66.089,80.0,455.71,18.73,3.392,1098.3,12.005,0.0991,4.125
107,4,LWC-58,FINE-80,67.682,80.0,466.59,20.05,3.39,1077.1,12.005,0.0991,4.125
107,5,LWC-58,FINE-80,69.699,80.0,473.82,20.01,3.482,1064.8,12.005,0.0991,4.125
107,6,LWC-58,FINE-80,71.682,80.0,482.29,20.83,3.685,1060.3,12.005,0.0991,4.125
107,7,LWC-58,FINE-80,73.003,80.0,489.57,20.32,3.649,1058.6,12.005,0.0991,4.125
107,8,LWC-58,FINE-80,73.894,80.0,493.48,21.5,3.621,1052.8,12.005,0.0991,4.125
107,9,LWC-58,FINE-80,74.921,80.0,496.51,21.14,3.78,1049.6,12.005,0.0991,4.125
107,10,LWC-58,FINE-80,75.89,80.0,502.36,21.56,3.787,1037.6,12.005,0.0991,4.125
107,11,LWC-58,FINE-80,76.349,80.0,505.24,22.41,3.833,1035.0,12.005,0.0991,4.125
107,12,LWC-58,FINE-80,77.219,80.0,506.08,22.29,3.736,1038.7,12.005,0.0991,4.125
107,13,LWC-58,FINE-80,77.526,80.0,511.33,23.0,3.746,1043.5,12.005,0.0991,4.125
107,14,LWC-58,FINE-80,77.694,80.0,510.8,23.83,3.912,1026.0,12.005,0.0991,4.125
107,15,LWC-58,FINE-80,78.219,80.0,512.28,22.82,3.898,1029.3,12.005,0.0991,4.125
107,16,LWC-58,FINE-80,78.268,80.0,510.39,23.11,3.904,1026.4,12.005,0.0991,4.125
107,17,LWC-58,FINE-80,78.344,80.0,510.53,23.68,3.958,1027.7,12.005,0.0991,4.125
107,18,LWC-58,FINE-80,78.503,80.0,514.96,23.1,3.909,1019.9,12.005,0.0991,4.125
107,19,LWC-58,FINE-80,78.962,80.0,517.62,23.16,3.943,1025.4,12.005,0.0991,4.125
107,20,LWC-58,FINE-80,79.269,80.0,516.95,23.36,3.94,1030.3,12.005,0.0991,4.125
107,21,LWC-58,FINE-80,79.843,80.0,518.76,24.08,4.013,1015.5,12.005,0.0991,4.125
107,22,LWC-58,FINE-80,79.535,80.0,516.52,22.8,3.88,1028.0,12.005,0.0991,4.125
107,23,LWC-58,FINE-80,79.559,80.0,517.92,23.31,3.945,1016.6,12.005,0.0991,4.125
107,24,LWC-58,FINE-80,79.549,80.0,518.13,24.53,4.036,1023.5,12.005,0.0991,4.125
108,0,LWC-65,SC-52,67.292,52.0,448.55,22.22,3.463,1109.3,11.628,0.0696,3.932
108,1,LWC-65,SC-52,65.059,52.0,437.61,21.44,3.334,1117.3,11.628,0.0696,3.932
108,2,LWC-65,SC-52,62.266,52.0,424.33,19.67,3.318,1142.2,11.628,0.0696,3.932
108,3,LWC-65,SC-52,60.161,52.0,415.39,19.52,3.131,1157.6,11.628,0.0696,3.932
108,4,LWC-65,SC-52,59.219,52.0,408.99,18.34,3.15,1166.4,11.628,0.0696,3.932
108,5,LWC-65,SC-52,57.434,52.0,401.5,17.78,3.077,1175.1,11.628,0.0696,3.932
108,6,LWC-65,SC-52,56.635,52.0,395.57,16.58,3.119,1168.9,11.628,0.0696,3.932
108,7,LWC-65,SC-52,55.916,52.0,392.16,17.2,3.058,1184.1,11.628,0.0696,3.932
108,8,LWC-65,SC-52,54.686,52.0,388.57,16.04,2.932,1179.0,11.628,0.0696,3.932
108,9,LWC-65,SC-52,54.52,52.0,389.67,16.0,2.947,1190.7,11.628,0.0696,3.932
108,10,LWC-65,SC-52,54.11,52.0,384.46,16.52,2.959,1185.6,11.628,0.0696,3.932
108,11,LWC-65,SC-52,53.112,52.0,389.17,15.54,2.919,1193.1,11.628,0.0696,3.932
108,12,LWC-65,SC-52,53.376,52.0,382.12,15.76,2.983,1200.7,11.628,0.0696,3.932
108,13,LWC-65,SC-52,52.932,52.0,385.54,15.45,2.938,1199.0,11.628,0.0696,3.932
108,14,LWC-65,SC-52,53.329,52.0,384.89,15.38,2.914,1190.8,11.628,0.0696,3.932
108,15,LWC-65,SC-52,52.944,52.0,383.16,15.24,2.968,1190.6,11.628,0.0696,3.932
108,16,LWC-65,SC-52,52.687,52.0,384.75,14.74,2.856,1200.9,11.628,0.0696,3.932
108,17,LWC-65,SC-52,51.838,52.0,380.79,15.48,2.899,1204.2,11.628,0.0696,3.932
108,18,LWC-65,SC-52,52.499,52.0,381.19,15.49,2.922,1200.2,11.628,0.0696,3.932
108,19,LWC-65,SC-52,52.068,52.0,381.18,14.85,2.9,1195.9,11.628,0.0696,3.932
108,20,LWC-65,SC-52,52.503,52.0,381.76,14.89,2.751,1198.9,11.628,0.0696,3.932
108,21,LWC-65,SC-52,52.147,52.0,376.82,15.55,2.922,1201.1,11.628,0.0696,3.932
108,22,LWC-65,SC-52,52.003,52.0,380.15,14.94,2.929,1198.7,11.628,0.0696,3.932
108,23,LWC-65,SC-52,51.998,52.0,382.0,15.11,2.852,1194.7,11.628,0.0696,3.932
108,24,LWC-65,SC-52,51.993,52.0,379.48,14.61,2.793,1204.8,11.628,0.0696,3.932
109,0,LWC-65,FINE-80,64.256,80.0,467.26,21.06,3.489,1131.8,9.518,0.0922,1.355
109,1,LWC-65,FINE-80,67.697,80.0,475.33,21.19,3.614,1102.2,9.518,0.0922,1.355
109,2,LWC-65,FINE-80,71.33,80.0,482.36,21.71,3.625,1091.6,9.518,0.0922,1.355
109,3,LWC-65,FINE-80,72.095,80.0,491.48,21.49,3.785,1079.8,9.518,0.0922,1.355
109,4,LWC-65,FINE-80,73.961,80.0,498.41,22.25,3.762,1062.8,9.518,0.0922,1.355
109,5,LWC-65,FINE-80,76.407,80.0,500.72,23.1,3.759,1047.2,9.518,0.0922,1.355
109,6,LWC-65,FINE-80,77.11,80.0,504.6,23.28,3.855,1039.8,9.518,0.0922,1.355
109,7,LWC-65,FINE-80,76.67,80.0,505.27,23.65,3.898,1042.6,9.518,0.0922,1.355
109,8,LWC-65,FINE-80,78.271,80.0,508.74,23.72,3.852,1030.6,9.518,0.0922,1.355
109,9,LWC-65,FINE-80,78.827,80.0,513.45,23.55,3.975,1026.0,9.518,0.0922,1.355
109,10,LWC-65,FINE-80,78.837,80.0,515.82,23.19,3.905,1034.5,9.518,0.0922,1.355
109,11,LWC-65,FINE-80,78.356,80.0,517.45,23.76,3.914,1025.7,9.518,0.0922,1.355
109,12,LWC-65,FINE-80,78.899,80.0,520.75,23.79,3.966,1038.4,9.518,0.0922,1.355
109,13,LWC-65,FINE-80,79.052,80.0,519.94,24.54,4.015,1021.7,9.518,0.0922,1.355
109,14,LWC-65,FINE-80,79.83,80.0,517.27,24.55,3.917,1021.4,9.518,0.0922,1.355
109,15,LWC-65,FINE-80,79.399,80.0,516.19,23.67,4.03,1024.9,9.518,0.0922,1.355
109,16,LWC-65,FINE-80,79.571,80.0,517.94,23.62,3.878,1023.5,9.518,0.0922,1.355
109,17,LWC-65,FINE-80,79.446,80.0,517.66,23.27,4.006,1021.5,9.518,0.0922,1.355
109,18,LWC-65,FINE-80,78.961,80.0,519.34,23.87,3.935,1021.0,9.518,0.0922,1.355
109,19,LWC-65,FINE-80,81.316,80.0,520.99,23.73,3.953,1037.4,9.518,0.0922,1.355
109,20,LWC-65,FINE-80,80.122,80.0,520.33,25.28,4.081,1029.3,9.518,0.0922,1.355
109,21,LWC-65,FINE-80,80.742,80.0,522.64,23.42,3.946,1025.0,9.518,0.0922,1.355
109,22,LWC-65,FINE-80,79.316,80.0,520.39,24.01,3.994,1014.5,9.518,0.0922,1.355
109,23,LWC-65,FINE-80,80.799,80.0,517.12,23.67,3.944,1020.1,9.518,0.0922,1.355
109,24,LWC-65,FINE-80,79.741,80.0,518.6,24.0,4.036,1023.7,9.518,0.0922,1.355
110,0,SC-60,NEWS-48,60.77,48.5,421.96,16.3,3.198,1182.8,11.417,0.0891,1.51
110,1,SC-60,NEWS-48,57.167,48.5,408.29,14.78,3.064,1183.9,11.417,0.0891,1.51
110,2,SC-60,NEWS-48,55.493,48.5,398.32,15.4,3.096,1197.6,11.417,0.0891,1.51
110,3,SC-60,NEWS-48,53.843,48.5,388.03,15.13,2.977,1211.4,11.417,0.0891,1.51
110,4,SC-60,NEWS-48,51.683,48.5,385.61,14.77,2.829,1210.8,11.417,0.0891,1.51
110,5,SC-60,NEWS-48,52.112,48.5,377.41,13.75,2.899,1207.9,11.417,0.0891,1.51
110,6,SC-60,NEWS-48,50.856,48.5,372.11,13.83,2.824,1209.4,11.417,0.0891,1.51
110,7,SC-60,NEWS-48,49.706,48.5,371.21,13.92,2.882,1227.3,11.417,0.0891,1.51
110,8,SC-60,NEWS-48,49.357,48.5,367.56,14.0,2.816,1225.2,11.417,0.0891,1.51
110,9,SC-60,NEWS-48,49.462,48.5,366.19,13.66,2.778,1221.2,11.417,0.0891,1.51
110,10,SC-60,NEWS-48,50.27,48.5,362.38,13.71,2.764,1234.4,11.417,0.0891,1.51
110,11,SC-60,NEWS-48,49.138,48.5,361.56,12.89,2.674,1239.2,11.417,0.0891,1.51
110,12,SC-60,NEWS-48,49.967,48.5,364.85,12.06,2.701,1231.9,11.417,0.0891,1.51
110,13,SC-60,NEWS-48,49.242,48.5,359.64,13.69,2.731,1231.2,11.417,0.0891,1.51
110,14,SC-60,NEWS-48,48.106,48.5,361.38,12.65,2.648,1230.5,11.417,0.0891,1.51
110,15,SC-60,NEWS-48,49.374,48.5,361.9,13.01,2.736,1232.6,11.417,0.0891,1.51
110,16,SC-60,NEWS-48,48.165,48.5,363.79,13.48,2.673,1238.4,11.417,0.0891,1.51
110,17,SC-60,NEWS-48,48.296,48.5,359.78,13.07,2.688,1224.0,11.417,0.0891,1.51
110,18,SC-60,NEWS-48,48.713,48.5,362.09,13.4,2.742,1227.4,11.417,0.0891,1.51
110,19,SC-60,NEWS-48,48.544,48.5,360.2,14.27,2.677,1229.1,11.417,0.0891,1.51
110,20,SC-60,NEWS-48,48.987,48.5,355.98,13.31,2.727,1232.3,11.417,0.0891,1.51
110,21,SC-60,NEWS-48,48.782,48.5,360.35,12.66,2.71,1237.4,11.417,0.0891,1.51
110,22,SC-60,NEWS-48,48.467,48.5,360.07,12.3,2.65,1231.7,11.417,0.0891,1.51
110,23,SC-60,NEWS-48,49.362,48.5,361.01,13.35,2.746,1232.8,11.417,0.0891,1.51
110,24,SC-60,NEWS-48,48.279,48.5,358.84,13.05,2.748,1233.1,11.417,0.0891,1.51
111,0,SC-52,NEWS-45,51.458,45.0,384.67,13.64,3.09,1180.6,11.184,0.0697,3.627
111,1,SC-52,NEWS-45,50.87,45.0,375.26,13.03,2.92,1184.4,11.184,0.0697,3.627
111,2,SC-52,NEWS-45,49.574,45.0,372.06,13.01,2.869,1197.4,11.184,0.0697,3.627
111,3,SC-52,NEWS-45,48.321,45.0,362.52,12.82,2.847,1197.3,11.184,0.0697,3.627
111,4,SC-52,NEWS-45,48.465,45.0,360.3,12.68,2.784,1214.2,11.184,0.0697,3.627
111,5,SC-52,NEWS-45,48.045,45.0,359.41,13.11,2.794,1220.3,11.184,0.0697,3.627
111,6,SC-52,NEWS-45,47.314,45.0,356.66,12.16,2.694,1216.0,11.184,0.0697,3.627
111,7,SC-52,NEWS-45,46.369,45.0,352.04,12.2,2.732,1229.6,11.184,0.0697,3.627
111,8,SC-52,NEWS-45,46.395,45.0,353.4,11.63,2.666,1226.8,11.184,0.0697,3.627
111,9,SC-52,NEWS-45,46.433,45.0,349.46,12.12,2.677,1229.3,11.184,0.0697,3.627
111,10,SC-52,NEWS-45,46.128,45.0,347.97,12.73,2.605,1230.6,11.184,0.0697,3.627
111,11,SC-52,NEWS-45,46.189,45.0,346.97,12.3,2.706,1240.9,11.184,0.0697,3.627
111,12,SC-52,NEWS-45,46.074,45.0,348.75,12.29,2.635,1231.1,11.184,0.0697,3.627
111,13,SC-52,NEWS-45,45.63,45.0,347.36,12.21,2.69,1233.0,11.184,0.0697,3.627
111,14,SC-52,NEWS-45,45.225,45.0,348.18,11.53,2.6,1239.3,11.184,0.0697,3.627
111,15,SC-52,NEWS-45,45.983,45.0,344.87,11.94,2.631,1240.6,11.184,0.0697,3.627
111,16,SC-52,NEWS-45,45.632,45.0,347.07,12.23,2.673,1247.5,11.184,0.0697,3.627
111,17,SC-52,NEWS-45,45.595,45.0,343.21,12.58,2.564,1244.7,11.184,0.0697,3.627
111,18,SC-52,NEWS-45,45.449,45.0,342.08,12.26,2.575,1245.4,11.184,0.0697,3.627
111,19,SC-52,NEWS-45,45.613,45.0,341.11,12.51,2.656,1238.4,11.184,0.0697,3.627
111,20,SC-52,NEWS-45,45.126,45.0,341.35,11.51,2.681,1245.9,11.184,0.0697,3.627
111,21,SC-52,NEWS-45,45.453,45.0,341.19,11.29,2.612,1235.4,11.184,0.0697,3.627
111,22,SC-52,NEWS-45,45.374,45.0,339.86,11.16,2.561,1249.0,11.184,0.0697,3.627
111,23,SC-52,NEWS-45,45.338,45.0,339.87,12.44,2.592,1251.5,11.184,0.0697,3.627
111,24,SC-52,NEWS-45,44.766,45.0,342.11,11.31,2.705,1244.5,11.184,0.0697,3.627
112,0,NEWS-45,FINE-90,44.314,90.0,345.29,11.52,2.585,1272.9,4.048,0.1199,0.732
112,1,NEWS-45,FINE-90,50.03,90.0,376.79,14.43,2.77,1233.3,4.048,0.1199,0.732
112,2,NEWS-45,FINE-90,55.9,90.0,402.55,15.15,3.063,1187.6,4.048,0.1199,0.732
112,3,NEWS-45,FINE-90,59.739,90.0,422.97,17.55,3.186,1163.1,4.048,0.1199,0.732
112,4,NEWS-45,FINE-90,63.972,90.0,446.93,18.81,3.374,1146.2,4.048,0.1199,0.732
112,5,NEWS-45,FINE-90,68.582,90.0,463.89,19.54,3.591,1115.3,4.048,0.1199,0.732
112,6,NEWS-45,FINE-90,71.694,90.0,479.04,21.64,3.68,1095.7,4.048,0.1199,0.732
112,7,NEWS-45,FINE-90,74.512,90.0,492.72,22.39,3.742,1082.1,4.048,0.1199,0.732
112,8,NEWS-45,FINE-90,77.572,90.0,501.75,23.42,3.75,1065.8,4.048,0.1199,0.732
112,9,NEWS-45,FINE-90,77.587,90.0,510.8,23.88,3.907,1048.0,4.048,0.1199,0.732
112,10,NEWS-45,FINE-90,81.514,90.0,521.97,23.84,3.971,1033.1,4.048,0.1199,0.732
112,11,NEWS-45,FINE-90,80.368,90.0,526.5,24.61,3.898,1029.6,4.048,0.1199,0.732
112,12,NEWS-45,FINE-90,83.088,90.0,532.17,24.86,4.064,1017.9,4.048,0.1199,0.732
112,13,NEWS-45,FINE-90,82.822,90.0,537.17,24.58,4.03,1015.0,4.048,0.1199,0.732
112,14,NEWS-45,FINE-90,85.303,90.0,543.96,24.67,4.042,1006.7,4.048,0.1199,0.732
112,15,NEWS-45,FINE-90,84.283,90.0,546.17,25.76,4.087,1004.5,4.048,0.1199,0.732
112,16,NEWS-45,FINE-90,83.927,90.0,554.3,25.83,4.058,995.1,4.048,0.1199,0.732
112,17,NEWS-45,FINE-90,86.808,90.0,552.81,25.79,4.166,995.7,4.048,0.1199,0.732
112,18,NEWS-45,FINE-90,87.067,90.0,552.71,26.07,4.153,998.4,4.048,0.1199,0.732
112,19,NEWS-45,FINE-90,88.47,90.0,556.33,27.13,4.274,997.2,4.048,0.1199,0.732
112,20,NEWS-45,FINE-90,87.989,90.0,560.31,25.26,4.212,994.1,4.048,0.1199,0.732
112,21,NEWS-45,FINE-90,87.624,90.0,559.34,26.77,4.204,988.2,4.048,0.1199,0.732
112,22,NEWS-45,FINE-90,88.046,90.0,561.84,26.95,4.169,989.2,4.048,0.1199,0.732
112,23,NEWS-45,FINE-90,91.297,90.0,564.97,27.08,4.235,997.1,4.048,0.1199,0.732
112,24,NEWS-45,FINE-90,88.182,90.0,566.25,25.97,4.331,982.6,4.048,0.1199,0.732
113,0,SC-52,SC-60,49.13,60.0,377.38,15.46,2.896,1194.2,5.469,0.0749,1.977
113,1,SC-52,SC-60,52.37,60.0,391.94,15.31,3.151,1194.1,5.469,0.0749,1.977
113,2,SC-52,SC-60,54.812,60.0,403.88,15.83,3.167,1180.6,5.469,0.0749,1.977
113,3,SC-52,SC-60,55.946,60.0,411.29,16.98,3.198,1177.1,5.469,0.0749,1.977
113,4,SC-52,SC-60,57.234,60.0,420.03,17.13,3.305,1184.0,5.469,0.0749,1.977
113,5,SC-52,SC-60,57.799,60.0,419.56,16.2,3.176,1185.7,5.469,0.0749,1.977
113,6,SC-52,SC-60,59.312,60.0,421.33,17.69,3.253,1180.3,5.469,0.0749,1.977
113,7,SC-52,SC-60,59.402,60.0,426.53,15.56,3.397,1164.2,5.469,0.0749,1.977
113,8,SC-52,SC-60,59.156,60.0,426.76,17.0,3.286,1171.4,5.469,0.0749,1.977
113,9,SC-52,SC-60,59.53,60.0,426.23,16.28,3.29,1173.9,5.469,0.0749,1.977
113,10,SC-52,SC-60,59.186,60.0,429.86,17.13,3.354,1172.4,5.469,0.0749,1.977
113,11,SC-52,SC-60,59.645,60.0,428.23,16.83,3.36,1162.0,5.469,0.0749,1.977
113,12,SC-52,SC-60,59.606,60.0,432.19,16.47,3.233,1164.7,5.469,0.0749,1.977
113,13,SC-52,SC-60,60.08,60.0,427.49,16.61,3.32,1166.9,5.469,0.0749,1.977
113,14,SC-52,SC-60,59.604,60.0,428.4,16.59,3.387,1170.4,5.469,0.0749,1.977
113,15,SC-52,SC-60,60.434,60.0,429.95,17.03,3.267,1160.9,5.469,0.0749,1.977
113,16,SC-52,SC-60,59.923,60.0,432.5,17.48,3.281,1173.4,5.469,0.0749,1.977
113,17,SC-52,SC-60,59.69,60.0,428.42,17.98,3.301,1169.9,5.469,0.0749,1.977
113,18,SC-52,SC-60,59.981,60.0,430.64,16.91,3.335,1165.0,5.469,0.0749,1.977
113,19,SC-52,SC-60,60.207,60.0,427.59,17.15,3.229,1171.2,5.469,0.0749,1.977
113,20,SC-52,SC-60,60.146,60.0,431.78,17.59,3.144,1163.0,5.469,0.0749,1.977
113,21,SC-52,SC-60,60.037,60.0,428.66,16.77,3.311,1169.9,5.469,0.0749,1.977
113,22,SC-52,SC-60,60.263,60.0,431.21,16.61,3.358,1161.1,5.469,0.0749,1.977
113,23,SC-52,SC-60,60.247,60.0,431.32,17.97,3.284,1161.8,5.469,0.0749,1.977
113,24,SC-52,SC-60,60.25,60.0,426.35,16.91,3.269,1167.8,5.469,0.0749,1.977
114,0,SC-60,LWC-65,61.419,65.0,425.36,17.75,3.293,1146.0,8.678,0.0998,2.467
114,1,SC-60,LWC-65,61.729,65.0,429.79,17.7,3.388,1133.2,8.678,0.0998,2.467
114,2,SC-60,LWC-65,61.535,65.0,435.41,18.71,3.397,1134.4,8.678,0.0998,2.467
114,3,SC-60,LWC-65,63.314,65.0,440.32,19.84,3.396,1126.8,8.678,0.0998,2.467
114,4,SC-60,LWC-65,63.202,65.0,442.51,18.65,3.366,1119.8,8.678,0.0998,2.467
114,5,SC-60,LWC-65,63.178,65.0,449.01,19.44,3.401,1124.4,8.678,0.0998,2.467
114,6,SC-60,LWC-65,64.135,65.0,448.95,18.84,3.316,1124.1,8.678,0.0998,2.467
114,7,SC-60,LWC-65,63.376,65.0,454.12,19.3,3.459,1124.0,8.678,0.0998,2.467
114,8,SC-60,LWC-65,63.728,65.0,452.76,19.49,3.457,1120.1,8.678,0.0998,2.467
114,9,SC-60,LWC-65,63.558,65.0,448.41,19.47,3.472,1120.5,8.678,0.0998,2.467
114,10,SC-60,LWC-65,64.915,65.0,456.43,20.88,3.494,1123.5,8.678,0.0998,2.467
114,11,SC-60,LWC-65,64.579,65.0,452.21,19.55,3.493,1119.1,8.678,0.0998,2.467
114,12,SC-60,LWC-65,64.764,65.0,456.45,20.05,3.473,1125.2,8.678,0.0998,2.467
114,13,SC-60,LWC-65,64.73,65.0,455.08,18.84,3.484,1125.5,8.678,0.0998,2.467
114,14,SC-60,LWC-65,64.872,65.0,461.46,20.05,3.414,1133.7,8.678,0.0998,2.467
114,15,SC-60,LWC-65,64.774,65.0,460.5,20.44,3.458,1127.2,8.678,0.0998,2.467
114,16,SC-60,LWC-65,64.873,65.0,456.52,19.63,3.492,1122.5,8.678,0.0998,2.467
114,17,SC-60,LWC-65,64.859,65.0,458.07,18.66,3.454,1118.0,8.678,0.0998,2.467
114,18,SC-60,LWC-65,64.673,65.0,459.08,19.91,3.535,1122.4,8.678,0.0998,2.467
114,19,SC-60,LWC-65,64.866,65.0,460.54,19.95,3.461,1122.4,8.678,0.0998,2.467
114,20,SC-60,LWC-65,64.982,65.0,459.06,20.31,3.505,1118.1,8.678,0.0998,2.467
114,21,SC-60,LWC-65,64.95,65.0,457.12,20.96,3.501,1124.5,8.678,0.0998,2.467
114,22,SC-60,LWC-65,64.488,65.0,457.86,19.78,3.534,1113.5,8.678,0.0998,2.467
114,23,SC-60,LWC-65,64.539,65.0,459.4,19.54,3.542,1119.2,8.678,0.0998,2.467
114,24,SC-60,LWC-65,65.277,65.0,461.97,19.39,3.532,1123.1,8.678,0.0998,2.467
115,0,NEWS-48,LWC-58,44.847,58.0,356.65,14.84,2.636,1233.7,12.702,0.1228,2.888
115,1,NEWS-48,LWC-58,46.85,58.0,363.9,14.86,2.831,1219.2,12.702,0.1228,2.888
115,2,NEWS-48,LWC-58,48.065,58.0,370.18,15.36,2.811,1207.4,12.702,0.1228,2.888
115,3,NEWS-48,LWC-58,49.312,58.0,379.26,15.33,2.819,1205.2,12.702,0.1228,2.888
115,4,NEWS-48,LWC-58,50.568,58.0,378.49,15.71,2.877,1199.5,12.702,0.1228,2.888
115,5,NEWS-48,LWC-58,51.472,58.0,387.27,16.58,2.871,1187.3,12.702,0.1228,2.888
115,6,NEWS-48,LWC-58,52.734,58.0,390.63,16.27,2.923,1183.0,12.702,0.1228,2.888
115,7,NEWS-48,LWC-58,53.305,58.0,391.84,17.15,2.946,1177.3,12.702,0.1228,2.888
115,8,NEWS-48,LWC-58,53.717,58.0,400.73,16.69,3.051,1179.7,12.702,0.1228,2.888
115,9,NEWS-48,LWC-58,54.279,58.0,394.87,16.32,3.083,1172.7,12.702,0.1228,2.888
115,10,NEWS-48,LWC-58,55.053,58.0,402.91,16.41,3.084,1162.4,12.702,0.1228,2.888
115,11,NEWS-48,LWC-58,55.561,58.0,405.85,17.09,3.115,1169.0,12.702,0.1228,2.888
115,12,NEWS-48,LWC-58,55.066,58.0,404.71,17.74,3.073,1172.2,12.702,0.1228,2.888
115,13,NEWS-48,LWC-58,55.881,58.0,408.85,17.04,3.067,1170.7,12.702,0.1228,2.888
115,14,NEWS-48,LWC-58,56.231,58.0,409.28,17.82,3.077,1158.8,12.702,0.1228,2.888
115,15,NEWS-48,LWC-58,56.605,58.0,412.96,17.58,3.084,1156.3,12.702,0.1228,2.888
115,16,NEWS-48,LWC-58,56.679,58.0,419.12,17.89,3.17,1168.0,12.702,0.1228,2.888
115,17,NEWS-48,LWC-58,56.946,58.0,413.74,17.5,3.259,1165.2,12.702,0.1228,2.888
115,18,NEWS-48,LWC-58,56.907,58.0,415.12,17.78,3.112,1158.8,12.702,0.1228,2.888
115,19,NEWS-48,LWC-58,56.871,58.0,412.71,18.2,3.153,1147.1,12.702,0.1228,2.888
115,20,NEWS-48,LWC-58,57.465,58.0,415.74,17.75,3.184,1151.9,12.702,0.1228,2.888
115,21,NEWS-48,LWC-58,57.576,58.0,415.14,17.53,3.164,1148.8,12.702,0.1228,2.888
115,22,NEWS-48,LWC-58,57.615,58.0,417.95,16.91,3.197,1162.8,12.702,0.1228,2.888
115,23,NEWS-48,LWC-58,57.744,58.0,413.98,18.11,3.155,1145.6,12.702,0.1228,2.888
115,24,NEWS-48,LWC-58,57.27,58.0,415.07,17.48,3.152,1161.8,12.702,0.1228,2.888
116,0,LWC-65,NEWS-48,69.093,48.5,479.15,20.42,3.413,1107.0,8.933,0.0732,2.366
116,1,LWC-65,NEWS-48,66.302,48.5,462.84,20.14,3.331,1117.4,8.933,0.0732,2.366
116,2,LWC-65,NEWS-48,64.447,48.5,445.64,19.64,3.142,1142.3,8.933,0.0732,2.366
116,3,LWC-65,NEWS-48,61.985,48.5,430.97,18.63,3.149,1150.4,8.933,0.0732,2.366
116,4,LWC-65,NEWS-48,60.748,48.5,424.55,17.51,3.058,1157.0,8.933,0.0732,2.366
116,5,LWC-65,NEWS-48,58.834,48.5,415.03,17.31,3.001,1174.5,8.933,0.0732,2.366
116,6,LWC-65,NEWS-48,57.07,48.5,409.22,15.87,2.994,1179.3,8.933,0.0732,2.366
116,7,LWC-65,NEWS-48,56.11,48.5,402.47,15.71,2.92,1179.7,8.933,0.0732,2.366
116,8,LWC-65,NEWS-48,54.826,48.5,396.77,15.43,2.982,1199.9,8.933,0.0732,2.366
116,9,LWC-65,NEWS-48,54.004,48.5,392.81,16.53,2.943,1197.3,8.933,0.0732,2.366
116,10,LWC-65,NEWS-48,54.787,48.5,385.1,14.72,2.917,1200.8,8.933,0.0732,2.366
116,11,LWC-65,NEWS-48,53.09,48.5,384.67,14.46,2.812,1200.4,8.933,0.0732,2.366
116,12,LWC-65,NEWS-48,52.471,48.5,379.79,14.13,2.769,1214.1,8.933,0.0732,2.366
116,13,LWC-65,NEWS-48,51.531,48.5,378.31,14.74,2.805,1213.8,8.933,0.0732,2.366
116,14,LWC-65,NEWS-48,51.759,48.5,377.44,14.36,2.78,1216.9,8.933,0.0732,2.366
116,15,LWC-65,NEWS-48,51.247,48.5,371.0,14.68,2.745,1213.5,8.933,0.0732,2.366
116,16,LWC-65,NEWS-48,51.159,48.5,371.09,14.34,2.706,1222.1,8.933,0.0732,2.366
116,17,LWC-65,NEWS-48,50.865,48.5,369.86,13.19,2.754,1224.1,8.933,0.0732,2.366
116,18,LWC-65,NEWS-48,49.629,48.5,367.72,13.38,2.728,1217.7,8.933,0.0732,2.366
116,19,LWC-65,NEWS-48,49.53,48.5,369.38,14.37,2.776,1215.2,8.933,0.0732,2.366
116,20,LWC-65,NEWS-48,49.38,48.5,365.13,13.51,2.769,1226.2,8.933,0.0732,2.366
116,21,LWC-65,NEWS-48,49.241,48.5,364.59,14.13,2.786,1216.4,8.933,0.0732,2.366
116,22,LWC-65,NEWS-48,49.484,48.5,363.52,13.4,2.663,1225.8,8.933,0.0732,2.366
116,23,LWC-65,NEWS-48,49.099,48.5,366.46,12.93,2.743,1223.5,8.933,0.0732,2.366
116,24,LWC-65,NEWS-48,49.788,48.5,362.72,13.22,2.683,1232.4,8.933,0.0732,2.366
117,0,LWC-58,SC-60,59.386,60.0,424.05,18.16,3.262,1150.0,8.401,0.1092,0.816
117,1,LWC-58,SC-60,59.844,60.0,427.74,17.73,3.332,1152.4,8.401,0.1092,0.816
117,2,LWC-58,SC-60,60.285,60.0,425.43,17.83,3.265,1154.3,8.401,0.1092,0.816
117,3,LWC-58,SC-60,60.811,60.0,427.93,17.15,3.345,1153.7,8.401,0.1092,0.816
117,4,LWC-58,SC-60,59.901,60.0,428.28,17.17,3.233,1159.9,8.401,0.1092,0.816
117,5,LWC-58,SC-60,59.955,60.0,426.21,17.53,3.23,1168.3,8.401,0.1092,0.816
117,6,LWC-58,SC-60,60.782,60.0,430.53,17.92,3.284,1162.4,8.401,0.1092,0.816
117,7,LWC-58,SC-60,60.116,60.0,428.8,16.48,3.293,1172.0,8.401,0.1092,0.816
117,8,LWC-58,SC-60,59.235,60.0,430.76,17.36,3.251,1169.5,8.401,0.1092,0.816
117,9,LWC-58,SC-60,59.555,60.0,426.43,17.69,3.282,1169.0,8.401,0.1092,0.816
117,10,LWC-58,SC-60,58.32,60.0,429.43,17.41,3.365,1166.4,8.401,0.1092,0.816
117,11,LWC-58,SC-60,59.249,60.0,428.44,17.62,3.277,1164.6,8.401,0.1092,0.816
117,12,LWC-58,SC-60,58.671,60.0,427.78,16.76,3.201,1176.6,8.401,0.1092,0.816
117,13,LWC-58,SC-60,60.255,60.0,432.39,17.64,3.211,1172.5,8.401,0.1092,0.816
117,14,LWC-58,SC-60,60.923,60.0,430.04,16.66,3.403,1168.1,8.401,0.1092,0.816
117,15,LWC-58,SC-60,59.261,60.0,426.76,17.04,3.371,1177.5,8.401,0.1092,0.816
117,16,LWC-58,SC-60,59.292,60.0,428.78,16.76,3.277,1172.3,8.401,0.1092,0.816
117,17,LWC-58,SC-60,60.722,60.0,431.69,16.78,3.34,1162.2,8.401,0.1092,0.816
117,18,LWC-58,SC-60,59.646,60.0,428.14,16.14,3.312,1167.3,8.401,0.1092,0.816
117,19,LWC-58,SC-60,60.194,60.0,427.97,16.02,3.363,1173.2,8.401,0.1092,0.816
117,20,LWC-58,SC-60,60.571,60.0,429.6,17.59,3.246,1177.2,8.401,0.1092,0.816
117,21,LWC-58,SC-60,59.449,60.0,430.86,16.1,3.248,1181.5,8.401,0.1092,0.816
117,22,LWC-58,SC-60,59.465,60.0,428.48,17.13,3.366,1169.9,8.401,0.1092,0.816
117,23,LWC-58,SC-60,59.606,60.0,430.73,16.35,3.225,1172.9,8.401,0.1092,0.816
117,24,LWC-58,SC-60,58.797,60.0,430.03,16.58,3.303,1166.8,8.401,0.1092,0.816
118,0,NEWS-48,FINE-80,43.343,80.0,363.0,12.61,2.746,1247.9,13.888,0.0755,3.959
118,1,NEWS-48,FINE-80,48.837,80.0,387.9,14.6,2.995,1203.2,13.888,0.0755,3.959
118,2,NEWS-48,FINE-80,54.594,80.0,403.92,16.06,3.092,1182.9,13.888,0.0755,3.959
118,3,NEWS-48,FINE-80,58.487,80.0,424.46,16.94,3.252,1152.0,13.888,0.0755,3.959
118,4,NEWS-48,FINE-80,61.673,80.0,440.86,18.35,3.344,1134.8,13.888,0.0755,3.959
118,5,NEWS-48,FINE-80,64.743,80.0,454.31,18.78,3.426,1115.4,13.888,0.0755,3.959
118,6,NEWS-48,FINE-80,66.789,80.0,462.57,20.82,3.535,1088.3,13.888,0.0755,3.959
118,7,NEWS-48,FINE-80,68.935,80.0,468.43,20.6,3.676,1084.6,13.888,0.0755,3.959
118,8,NEWS-48,FINE-80,70.367,80.0,482.11,21.3,3.694,1067.6,13.888,0.0755,3.959
118,9,NEWS-48,FINE-80,71.713,80.0,487.65,21.35,3.712,1064.9,13.888,0.0755,3.959
118,10,NEWS-48,FINE-80,72.792,80.0,491.48,21.48,3.905,1053.8,13.888,0.0755,3.959
118,11,NEWS-48,FINE-80,74.08,80.0,494.84,22.58,3.795,1059.8,13.888,0.0755,3.959
118,12,NEWS-48,FINE-80,75.984,80.0,500.76,22.61,3.889,1058.8,13.888,0.0755,3.959
118,13,NEWS-48,FINE-80,75.474,80.0,501.85,21.37,3.898,1040.0,13.888,0.0755,3.959
118,14,NEWS-48,FINE-80,76.277,80.0,507.21,23.84,3.914,1038.2,13.888,0.0755,3.959
118,15,NEWS-48,FINE-80,77.124,80.0,511.33,23.42,3.826,1023.3,13.888,0.0755,3.959
118,16,NEWS-48,FINE-80,78.259,80.0,508.68,23.0,3.995,1024.0,13.888,0.0755,3.959
118,17,NEWS-48,FINE-80,77.605,80.0,512.84,23.62,3.959,1032.1,13.888,0.0755,3.959
118,18,NEWS-48,FINE-80,78.053,80.0,511.33,23.63,3.998,1028.3,13.888,0.0755,3.959
118,19,NEWS-48,FINE-80,78.715,80.0,515.85,23.76,4.017,1029.2,13.888,0.0755,3.959
118,20,NEWS-48,FINE-80,78.928,80.0,514.27,23.15,4.053,1021.9,13.888,0.0755,3.959
118,21,NEWS-48,FINE-80,78.729,80.0,518.48,23.68,3.922,1026.4,13.888,0.0755,3.959
118,22,NEWS-48,FINE-80,78.851,80.0,515.72,23.85,3.941,1011.4,13.888,0.0755,3.959
118,23,NEWS-48,FINE-80,79.375,80.0,515.06,24.36,3.952,1020.3,13.888,0.0755,3.959
118,24,NEWS-48,FINE-80,79.267,80.0,516.68,23.84,3.941,1025.2,13.888,0.0755,3.959
119,0,LWC-58,NEWS-45,58.44,45.0,421.99,19.76,3.295,1158.5,12.608,0.0992,3.567
119,1,LWC-58,NEWS-45,56.111,45.0,409.25,17.78,3.187,1156.5,12.608,0.0992,3.567
119,2,LWC-58,NEWS-45,53.725,45.0,401.33,16.52,3.067,1174.2,12.608,0.0992,3.567
119,3,LWC-58,NEWS-45,52.951,45.0,393.43,15.27,3.044,1193.6,12.608,0.0992,3.567
119,4,LWC-58,NEWS-45,52.14,45.0,383.34,15.75,2.981,1190.0,12.608,0.0992,3.567
119,5,LWC-58,NEWS-45,51.331,45.0,376.79,14.75,2.874,1204.9,12.608,0.0992,3.567
119,6,LWC-58,NEWS-45,49.742,45.0,374.94,14.45,2.823,1213.6,12.608,0.0992,3.567
119,7,LWC-58,NEWS-45,49.388,45.0,368.56,13.52,2.873,1215.1,12.608,0.0992,3.567
119,8,LWC-58,NEWS-45,48.932,45.0,365.01,13.48,2.812,1220.4,12.608,0.0992,3.567
119,9,LWC-58,NEWS-45,48.084,45.0,361.14,13.12,2.742,1229.1,12.608,0.0992,3.567
119,10,LWC-58,NEWS-45,46.938,45.0,361.9,13.09,2.635,1236.1,12.608,0.0992,3.567
119,11,LWC-58,NEWS-45,47.308,45.0,358.79,12.62,2.714,1229.0,12.608,0.0992,3.567
119,12,LWC-58,NEWS-45,47.13,45.0,351.56,12.02,2.716,1233.4,12.608,0.0992,3.567
119,13,LWC-58,NEWS-45,46.335,45.0,351.04,14.02,2.53,1234.6,12.608,0.0992,3.567
119,14,LWC-58,NEWS-45,46.302,45.0,352.15,11.87,2.669,1227.9,12.608,0.0992,3.567
119,15,LWC-58,NEWS-45,45.827,45.0,350.22,12.55,2.627,1242.2,12.608,0.0992,3.567
119,16,LWC-58,NEWS-45,45.228,45.0,347.69,11.5,2.629,1247.4,12.608,0.0992,3.567
119,17,LWC-58,NEWS-45,46.159,45.0,344.43,11.32,2.588,1248.9,12.608,0.0992,3.567
119,18,LWC-58,NEWS-45,45.723,45.0,344.42,12.31,2.62,1240.4,12.608,0.0992,3.567
119,19,LWC-58,NEWS-45,46.096,45.0,343.96,12.31,2.693,1239.3,12.608,0.0992,3.567
119,20,LWC-58,NEWS-45,45.782,45.0,344.86,12.82,2.597,1246.3,12.608,0.0992,3.567
119,21,LWC-58,NEWS-45,45.341,45.0,347.12,12.35,2.665,1250.9,12.608,0.0992,3.567
119,22,LWC-58,NEWS-45,45.356,45.0,341.83,12.05,2.573,1248.0,12.608,0.0992,3.567
119,23,LWC-58,NEWS-45,45.494,45.0,340.71,11.63,2.649,1249.1,12.608,0.0992,3.567
119,24,LWC-58,NEWS-45,45.566,45.0,342.17,12.84,2.61,1253.7,12.608,0.0992,3.567
120,0,NEWS-48,FINE-90,45.944,90.0,356.43,12.21,2.78,1259.6,7.603,0.0788,4.691
120,1,NEWS-48,FINE-90,52.546,90.0,385.03,14.48,2.931,1216.4,7.603,0.0788,4.691
120,2,NEWS-48,FINE-90,58.056,90.0,409.16,15.0,3.093,1176.8,7.603,0.0788,4.691
120,3,NEWS-48,FINE-90,62.369,90.0,434.25,18.28,3.335,1146.6,7.603,0.0788,4.691
120,4,NEWS-48,FINE-90,65.967,90.0,447.82,19.07,3.443,1126.7,7.603,0.0788,4.691
120,5,NEWS-48,FINE-90,70.121,90.0,460.39,19.71,3.585,1104.6,7.603,0.0788,4.691
120,6,NEWS-48,FINE-90,72.358,90.0,482.63,21.73,3.712,1074.9,7.603,0.0788,4.691
120,7,NEWS-48,FINE-90,75.197,90.0,490.24,21.04,3.737,1075.5,7.603,0.0788,4.691
120,8,NEWS-48,FINE-90,77.411,90.0,501.48,22.03,3.832,1058.9,7.603,0.0788,4.691
120,9,NEWS-48,FINE-90,78.916,90.0,506.0,24.49,3.893,1040.6,7.603,0.0788,4.691
120,10,NEWS-48,FINE-90,80.15,90.0,517.59,24.02,4.029,1028.6,7.603,0.0788,4.691
120,11,NEWS-48,FINE-90,81.627,90.0,523.97,24.03,4.013,1030.1,7.603,0.0788,4.691
120,12,NEWS-48,FINE-90,83.191,90.0,527.96,24.83,4.062,1020.2,7.603,0.0788,4.691
120,13,NEWS-48,FINE-90,84.14,90.0,536.42,25.01,4.031,1015.5,7.603,0.0788,4.691
120,14,NEWS-48,FINE-90,85.223,90.0,536.19,25.4,4.156,1009.9,7.603,0.0788,4.691
120,15,NEWS-48,FINE-90,85.906,90.0,541.59,25.86,4.167,1009.0,7.603,0.0788,4.691
120,16,NEWS-48,FINE-90,85.906,90.0,549.39,25.72,4.126,1003.7,7.603,0.0788,4.691
120,17,NEWS-48,FINE-90,87.164,90.0,548.49,26.17,4.283,993.8,7.603,0.0788,4.691
120,18,NEWS-48,FINE-90,86.886,90.0,551.55,26.06,4.22,991.0,7.603,0.0788,4.691
120,19,NEWS-48,FINE-90,87.77,90.0,554.98,25.86,4.185,993.6,7.603,0.0788,4.691
120,20,NEWS-48,FINE-90,88.659,90.0,556.02,25.82,4.228,1001.5,7.603,0.0788,4.691
120,21,NEWS-48,FINE-90,88.319,90.0,559.86,27.12,4.22,987.7,7.603,0.0788,4.691
120,22,NEWS-48,FINE-90,87.943,90.0,560.32,26.87,4.325,989.0,7.603,0.0788,4.691
120,23,NEWS-48,FINE-90,88.594,90.0,558.26,27.13,4.302,990.6,7.603,0.0788,4.691
120,24,NEWS-48,FINE-90,89.53,90.0,560.93,26.67,4.284,983.1,7.603,0.0788,4.691
121,0,SC-60,LWC-65,61.156,65.0,430.44,16.96,3.226,1167.1,13.096,0.0964,4.005
121,1,SC-60,LWC-65,61.318,65.0,432.65,18.23,3.263,1154.1,13.096,0.0964,4.005
121,2,SC-60,LWC-65,61.943,65.0,439.07,18.53,3.189,1153.1,13.096,0.0964,4.005
121,3,SC-60,LWC-65,62.492,65.0,440.39,18.15,3.305,1150.1,13.096,0.0964,4.005
121,4,SC-60,LWC-65,63.15,65.0,443.9,18.8,3.276,1142.3,13.096,0.0964,4.005
121,5,SC-60,LWC-65,62.713,65.0,442.65,18.69,3.403,1138.4,13.096,0.0964,4.005
121,6,SC-60,LWC-65,63.637,65.0,444.37,18.63,3.394,1135.6,13.096,0.0964,4.005
121,7,SC-60,LWC-65,63.29,65.0,448.55,18.44,3.364,1145.0,13.096,0.0964,4.005
121,8,SC-60,LWC-65,63.397,65.0,444.39,18.52,3.487,1136.2,13.096,0.0964,4.005
121,9,SC-60,LWC-65,63.927,65.0,445.13,18.7,3.355,1140.9,13.096,0.0964,4.005
121,10,SC-60,LWC-65,64.267,65.0,453.31,19.99,3.4,1130.7,13.096,0.0964,4.005
121,11,SC-60,LWC-65,64.136,65.0,450.85,19.72,3.441,1129.2,13.096,0.0964,4.005
121,12,SC-60,LWC-65,63.659,65.0,453.52,20.09,3.525,1127.7,13.096,0.0964,4.005
121,13,SC-60,LWC-65,64.286,65.0,454.66,19.64,3.505,1113.7,13.096,0.0964,4.005
121,14,SC-60,LWC-65,64.929,65.0,456.66,19.07,3.479,1130.0,13.096,0.0964,4.005
121,15,SC-60,LWC-65,63.674,65.0,454.31,19.87,3.402,1126.0,13.096,0.0964,4.005
121,16,SC-60,LWC-65,64.541,65.0,454.96,20.25,3.408,1126.0,13.096,0.0964,4.005
121,17,SC-60,LWC-65,64.407,65.0,454.98,19.98,3.492,1114.6,13.096,0.0964,4.005
121,18,SC-60,LWC-65,64.268,65.0,457.88,19.04,3.399,1124.3,13.096,0.0964,4.005
121,19,SC-60,LWC-65,64.909,65.0,458.34,19.0,3.482,1121.7,13.096,0.0964,4.005
121,20,SC-60,LWC-65,64.122,65.0,459.9,20.08,3.51,1124.0,13.096,0.0964,4.005
121,21,SC-60,LWC-65,64.578,65.0,455.15,19.64,3.399,1122.6,13.096,0.0964,4.005
121,22,SC-60,LWC-65,65.019,65.0,462.38,19.97,3.508,1120.2,13.096,0.0964,4.005
121,23,SC-60,LWC-65,65.016,65.0,457.52,19.48,3.523,1125.1,13.096,0.0964,4.005
121,24,SC-60,LWC-65,64.957,65.0,458.26,19.92,3.463,1127.1,13.096,0.0964,4.005
122,0,LWC-65,FINE-90,62.548,90.0,455.43,21.67,3.624,1096.2,9.867,0.0773,2.221
122,1,LWC-65,FINE-90,66.925,90.0,473.02,22.22,3.783,1082.2,9.867,0.0773,2.221
122,2,LWC-65,FINE-90,71.771,90.0,488.02,22.57,3.899,1074.0,9.867,0.0773,2.221
122,3,LWC-65,FINE-90,74.604,90.0,501.18,23.15,3.961,1052.1,9.867,0.0773,2.221
122,4,LWC-65,FINE-90,76.934,90.0,511.19,24.49,4.1,1030.4,9.867,0.0773,2.221
122,5,LWC-65,FINE-90,79.739,90.0,521.95,25.11,4.022,1019.6,9.867,0.0773,2.221
122,6,LWC-65,FINE-90,81.194,90.0,527.16,24.8,4.078,1021.4,9.867,0.0773,2.221
122,7,LWC-65,FINE-90,82.628,90.0,537.53,25.08,4.221,1004.0,9.867,0.0773,2.221
122,8,LWC-65,FINE-90,84.24,90.0,541.05,25.46,4.159,999.6,9.867,0.0773,2.221
122,9,LWC-65,FINE-90,84.971,90.0,544.17,26.16,4.133,1001.9,9.867,0.0773,2.221
122,10,LWC-65,FINE-90,85.66,90.0,547.39,26.34,4.135,993.7,9.867,0.0773,2.221
122,11,LWC-65,FINE-90,86.86,90.0,552.91,27.52,4.212,994.0,9.867,0.0773,2.221
122,12,LWC-65,FINE-90,87.19,90.0,555.68,25.47,4.27,989.4,9.867,0.0773,2.221
122,13,LWC-65,FINE-90,87.937,90.0,557.12,26.3,4.283,988.9,9.867,0.0773,2.221
122,14,LWC-65,FINE-90,87.989,90.0,561.06,26.45,4.197,991.8,9.867,0.0773,2.221
122,15,LWC-65,FINE-90,88.744,90.0,562.36,27.01,4.255,989.2,9.867,0.0773,2.221
122,16,LWC-65,FINE-90,88.713,90.0,563.12,27.08,4.235,989.5,9.867,0.0773,2.221
122,17,LWC-65,FINE-90,89.251,90.0,562.28,26.75,4.257,987.3,9.867,0.0773,2.221
122,18,LWC-65,FINE-90,89.426,90.0,563.59,27.64,4.315,986.9,9.867,0.0773,2.221
122,19,LWC-65,FINE-90,89.642,90.0,563.07,26.35,4.272,982.7,9.867,0.0773,2.221
122,20,LWC-65,FINE-90,89.418,90.0,566.15,26.58,4.311,975.0,9.867,0.0773,2.221
122,21,LWC-65,FINE-90,89.617,90.0,568.21,26.28,4.316,981.3,9.867,0.0773,2.221
122,22,LWC-65,FINE-90,89.52,90.0,565.14,26.88,4.254,983.1,9.867,0.0773,2.221
122,23,LWC-65,FINE-90,89.391,90.0,566.83,26.8,4.348,981.6,9.867,0.0773,2.221
122,24,LWC-65,FINE-90,90.32,90.0,568.18,27.36,4.234,983.1,9.867,0.0773,2.221
123,0,FINE-90,SC-60,93.06,60.0,565.63,27.13,4.422,977.2,4.33,0.1167,4.803
123,1,FINE-90,SC-60,85.682,60.0,534.34,24.08,4.235,1020.7,4.33,0.1167,4.803
123,2,FINE-90,SC-60,80.739,60.0,506.68,23.66,4.013,1058.3,4.33,0.1167,4.803
123,3,FINE-90,SC-60,76.399,60.0,492.7,22.4,3.902,1077.6,4.33,0.1167,4.803
123,4,FINE-90,SC-60,72.833,60.0,478.73,20.77,3.716,1107.6,4.33,0.1167,4.803
123,5,FINE-90,SC-60,70.212,60.0,468.59,20.13,3.74,1118.7,4.33,0.1167,4.803
123,6,FINE-90,SC-60,67.984,60.0,457.48,19.58,3.599,1129.9,4.33,0.1167,4.803
123,7,FINE-90,SC-60,66.239,60.0,448.92,18.96,3.468,1138.4,4.33,0.1167,4.803
123,8,FINE-90,SC-60,64.821,60.0,446.21,18.82,3.489,1145.2,4.33,0.1167,4.803
123,9,FINE-90,SC-60,63.693,60.0,444.57,18.01,3.454,1144.5,4.33,0.1167,4.803
123,10,FINE-90,SC-60,62.954,60.0,440.0,17.57,3.422,1156.6,4.33,0.1167,4.803
123,11,FINE-90,SC-60,62.316,60.0,439.53,17.97,3.277,1168.1,4.33,0.1167,4.803
123,12,FINE-90,SC-60,62.308,60.0,433.44,16.83,3.346,1164.5,4.33,0.1167,4.803
123,13,FINE-90,SC-60,61.382,60.0,436.29,17.78,3.29,1165.3,4.33,0.1167,4.803
123,14,FINE-90,SC-60,60.63,60.0,434.1,17.74,3.278,1157.0,4.33,0.1167,4.803
123,15,FINE-90,SC-60,61.069,60.0,432.07,16.91,3.346,1171.3,4.33,0.1167,4.803
123,16,FINE-90,SC-60,60.963,60.0,434.28,17.95,3.302,1170.8,4.33,0.1167,4.803
123,17,FINE-90,SC-60,60.905,60.0,432.13,17.01,3.306,1173.3,4.33,0.1167,4.803
123,18,FINE-90,SC-60,60.536,60.0,429.31,16.93,3.274,1163.5,4.33,0.1167,4.803
123,19,FINE-90,SC-60,60.043,60.0,432.95,16.79,3.384,1166.5,4.33,0.1167,4.803
123,20,FINE-90,SC-60,60.065,60.0,430.28,17.32,3.314,1161.4,4.33,0.1167,4.803
123,21,FINE-90,SC-60,60.421,60.0,430.66,16.88,3.233,1161.3,4.33,0.1167,4.803
123,22,FINE-90,SC-60,60.628,60.0,428.73,16.34,3.34,1166.4,4.33,0.1167,4.803
123,23,FINE-90,SC-60,59.808,60.0,430.25,17.22,3.289,1171.8,4.33,0.1167,4.803
123,24,FINE-90,SC-60,60.183,60.0,428.38,16.89,3.365,1167.5,4.33,0.1167,4.803
124,0,LWC-58,LWC-65,57.175,65.0,400.92,18.47,3.21,1160.2,10.915,0.1133,2.144
124,1,LWC-58,LWC-65,57.806,65.0,411.48,18.5,3.293,1153.1,10.915,0.1133,2.144
124,2,LWC-58,LWC-65,58.464,65.0,412.87,17.92,3.212,1150.2,10.915,0.1133,2.144
124,3,LWC-58,LWC-65,59.417,65.0,420.43,19.46,3.322,1144.2,10.915,0.1133,2.144
124,4,LWC-58,LWC-65,60.957,65.0,425.11,19.53,3.331,1138.4,10.915,0.1133,2.144
124,5,LWC-58,LWC-65,60.678,65.0,428.25,18.4,3.352,1142.7,10.915,0.1133,2.144
124,6,LWC-58,LWC-65,61.208,65.0,432.59,19.31,3.408,1134.8,10.915,0.1133,2.144
124,7,LWC-58,LWC-65,61.697,65.0,438.44,18.95,3.383,1136.4,10.915,0.1133,2.144
124,8,LWC-58,LWC-65,62.105,65.0,437.69,19.41,3.42,1135.7,10.915,0.1133,2.144
124,9,LWC-58,LWC-65,62.262,65.0,442.62,19.94,3.444,1129.1,10.915,0.1133,2.144
124,10,LWC-58,LWC-65,62.844,65.0,441.74,20.55,3.395,1124.5,10.915,0.1133,2.144
124,11,LWC-58,LWC-65,63.391,65.0,445.18,19.92,3.445,1141.3,10.915,0.1133,2.144
124,12,LWC-58,LWC-65,63.398,65.0,447.88,19.75,3.426,1125.4,10.915,0.1133,2.144
124,13,LWC-58,LWC-65,63.176,65.0,446.72,19.48,3.44,1130.2,10.915,0.1133,2.144
124,14,LWC-58,LWC-65,63.588,65.0,447.39,19.78,3.437,1135.9,10.915,0.1133,2.144
124,15,LWC-58,LWC-65,63.685,65.0,452.16,20.41,3.482,1129.4,10.915,0.1133,2.144
124,16,LWC-58,LWC-65,64.006,65.0,454.44,19.74,3.468,1123.3,10.915,0.1133,2.144
124,17,LWC-58,LWC-65,64.512,65.0,452.94,19.35,3.488,1123.8,10.915,0.1133,2.144
124,18,LWC-58,LWC-65,64.176,65.0,452.98,19.01,3.471,1119.5,10.915,0.1133,2.144
124,19,LWC-58,LWC-65,64.289,65.0,454.92,20.09,3.396,1127.6,10.915,0.1133,2.144
124,20,LWC-58,LWC-65,64.932,65.0,455.34,19.98,3.48,1125.6,10.915,0.1133,2.144
124,21,LWC-58,LWC-65,64.735,65.0,456.27,19.55,3.485,1119.9,10.915,0.1133,2.144
124,22,LWC-58,LWC-65,64.708,65.0,451.21,20.4,3.496,1116.9,10.915,0.1133,2.144
124,23,LWC-58,LWC-65,65.18,65.0,454.56,19.69,3.456,1115.3,10.915,0.1133,2.144
124,24,LWC-58,LWC-65,64.789,65.0,455.39,19.85,3.428,1126.6,10.915,0.1133,2.144
125,0,LWC-58,NEWS-48,58.029,48.5,428.98,19.83,3.163,1154.3,6.592,0.1214,2.213
125,1,LWC-58,NEWS-48,55.87,48.5,416.27,18.19,3.066,1179.6,6.592,0.1214,2.213
125,2,LWC-58,NEWS-48,54.279,48.5,405.08,18.61,2.902,1187.0,6.592,0.1214,2.213
125,3,LWC-58,NEWS-48,53.484,48.5,391.51,16.45,2.858,1191.6,6.592,0.1214,2.213
125,4,LWC-58,NEWS-48,52.217,48.5,384.34,16.7,2.886,1195.4,6.592,0.1214,2.213
125,5,LWC-58,NEWS-48,51.507,48.5,379.36,15.77,2.862,1210.7,6.592,0.1214,2.213
125,6,LWC-58,NEWS-48,51.327,48.5,377.0,15.48,2.864,1209.7,6.592,0.1214,2.213
125,7,LWC-58,NEWS-48,49.765,48.5,371.58,15.66,2.714,1209.9,6.592,0.1214,2.213
125,8,LWC-58,NEWS-48,49.934,48.5,368.68,14.33,2.834,1213.4,6.592,0.1214,2.213
125,9,LWC-58,NEWS-48,49.694,48.5,369.34,14.14,2.71,1222.3,6.592,0.1214,2.213
125,10,LWC-58,NEWS-48,50.096,48.5,365.69,14.6,2.812,1225.8,6.592,0.1214,2.213
125,11,LWC-58,NEWS-48,49.552,48.5,364.06,14.92,2.655,1226.0,6.592,0.1214,2.213
125,12,LWC-58,NEWS-48,49.235,48.5,361.65,15.1,2.674,1227.4,6.592,0.1214,2.213
125,13,LWC-58,NEWS-48,49.073,48.5,364.7,13.0,2.81,1223.8,6.592,0.1214,2.213
125,14,LWC-58,NEWS-48,49.027,48.5,362.56,13.4,2.808,1223.5,6.592,0.1214,2.213
125,15,LWC-58,NEWS-48,48.971,48.5,361.59,12.99,2.721,1227.7,6.592,0.1214,2.213
125,16,LWC-58,NEWS-48,48.86,48.5,357.53,13.85,2.696,1227.1,6.592,0.1214,2.213
125,17,LWC-58,NEWS-48,49.345,48.5,362.89,13.39,2.709,1223.0,6.592,0.1214,2.213
125,18,LWC-58,NEWS-48,48.58,48.5,358.49,13.74,2.729,1228.2,6.592,0.1214,2.213
125,19,LWC-58,NEWS-48,48.724,48.5,361.5,13.06,2.732,1232.1,6.592,0.1214,2.213
125,20,LWC-58,NEWS-48,48.651,48.5,358.91,13.56,2.691,1227.0,6.592,0.1214,2.213
125,21,LWC-58,NEWS-48,48.895,48.5,358.21,13.09,2.608,1237.1,6.592,0.1214,2.213
125,22,LWC-58,NEWS-48,48.384,48.5,362.14,13.22,2.676,1223.0,6.592,0.1214,2.213
125,23,LWC-58,NEWS-48,48.464,48.5,360.42,12.84,2.625,1225.3,6.592,0.1214,2.213
125,24,LWC-58,NEWS-48,48.107,48.5,360.25,13.79,2.741,1226.7,6.592,0.1214,2.213
126,0,NEWS-45,SC-52,44.84,52.0,329.44,11.23,2.705,1266.2,5.334,0.1334,2.054
126,1,NEWS-45,SC-52,45.576,52.0,342.51,10.54,2.776,1235.7,5.334,0.1334,2.054
126,2,NEWS-45,SC-52,46.621,52.0,345.9,11.38,2.765,1232.3,5.334,0.1334,2.054
126,3,NEWS-45,SC-52,47.152,52.0,347.78,12.64,2.778,1237.7,5.334,0.1334,2.054
126,4,NEWS-45,SC-52,48.022,52.0,353.58,12.01,2.816,1232.2,5.334,0.1334,2.054
126,5,NEWS-45,SC-52,49.015,52.0,356.61,12.62,2.776,1225.2,5.334,0.1334,2.054
126,6,NEWS-45,SC-52,49.384,52.0,362.35,13.15,2.746,1225.2,5.334,0.1334,2.054
126,7,NEWS-45,SC-52,49.374,52.0,363.53,13.35,2.809,1221.5,5.334,0.1334,2.054
126,8,NEWS-45,SC-52,50.165,52.0,362.47,13.25,2.902,1215.9,5.334,0.1334,2.054
126,9,NEWS-45,SC-52,50.342,52.0,368.28,13.83,2.84,1215.0,5.334,0.1334,2.054
126,10,NEWS-45,SC-52,50.774,52.0,364.9,14.42,2.855,1195.9,5.334,0.1334,2.054
126,11,NEWS-45,SC-52,50.58,52.0,368.22,14.16,2.901,1209.3,5.334,0.1334,2.054
126,12,NEWS-45,SC-52,50.954,52.0,371.74,14.01,2.786,1208.3,5.334,0.1334,2.054
126,13,NEWS-45,SC-52,51.965,52.0,371.54,14.91,2.892,1216.8,5.334,0.1334,2.054
126,14,NEWS-45,SC-52,51.001,52.0,376.12,15.37,2.957,1202.1,5.334,0.1334,2.054
126,15,NEWS-45,SC-52,51.195,52.0,374.89,15.07,2.882,1205.1,5.334,0.1334,2.054
126,16,NEWS-45,SC-52,51.272,52.0,376.51,14.09,2.784,1211.7,5.334,0.1334,2.054
126,17,NEWS-45,SC-52,51.383,52.0,377.21,14.15,2.879,1206.7,5.334,0.1334,2.054
126,18,NEWS-45,SC-52,51.657,52.0,375.53,14.96,2.915,1203.4,5.334,0.1334,2.054
126,19,NEWS-45,SC-52,51.575,52.0,374.75,14.87,2.892,1207.7,5.334,0.1334,2.054
126,20,NEWS-45,SC-52,51.207,52.0,377.19,14.2,2.902,1198.5,5.334,0.1334,2.054
126,21,NEWS-45,SC-52,51.673,52.0,379.38,14.99,2.909,1210.7,5.334,0.1334,2.054
126,22,NEWS-45,SC-52,51.554,52.0,377.48,14.92,2.844,1205.0,5.334,0.1334,2.054
126,23,NEWS-45,SC-52,51.232,52.0,379.4,15.62,2.852,1193.4,5.334,0.1334,2.054
126,24,NEWS-45,SC-52,52.128,52.0,378.39,14.69,2.874,1198.3,5.334,0.1334,2.054
127,0,SC-52,NEWS-48,50.006,48.5,376.24,15.57,2.689,1200.9,8.758,0.1278,2.633
127,1,SC-52,NEWS-48,49.994,48.5,370.36,15.24,2.698,1208.0,8.758,0.1278,2.633
127,2,SC-52,NEWS-48,49.775,48.5,370.02,14.04,2.649,1203.4,8.758,0.1278,2.633
127,3,SC-52,NEWS-48,49.518,48.5,366.99,14.18,2.662,1215.5,8.758,0.1278,2.633
127,4,SC-52,NEWS-48,49.756,48.5,366.74,13.25,2.699,1221.2,8.758,0.1278,2.633
127,5,SC-52,NEWS-48,49.375,48.5,367.19,13.97,2.761,1225.8,8.758,0.1278,2.633
127,6,SC-52,NEWS-48,49.007,48.5,366.72,13.61,2.756,1221.0,8.758,0.1278,2.633
127,7,SC-52,NEWS-48,49.232,48.5,364.92,13.89,2.757,1231.3,8.758,0.1278,2.633
127,8,SC-52,NEWS-48,48.913,48.5,363.54,15.02,2.655,1222.8,8.758,0.1278,2.633
127,9,SC-52,NEWS-48,48.824,48.5,363.78,14.08,2.694,1217.7,8.758,0.1278,2.633
127,10,SC-52,NEWS-48,49.271,48.5,361.58,14.37,2.766,1224.6,8.758,0.1278,2.633
127,11,SC-52,NEWS-48,48.814,48.5,362.21,13.94,2.615,1224.6,8.758,0.1278,2.633
127,12,SC-52,NEWS-48,49.455,48.5,362.96,13.41,2.68,1228.8,8.758,0.1278,2.633
127,13,SC-52,NEWS-48,48.994,48.5,363.96,13.4,2.714,1228.1,8.758,0.1278,2.633
127,14,SC-52,NEWS-48,48.508,48.5,359.9,13.78,2.617,1228.3,8.758,0.1278,2.633
127,15,SC-52,NEWS-48,48.456,48.5,361.14,13.43,2.723,1232.5,8.758,0.1278,2.633
127,16,SC-52,NEWS-48,48.308,48.5,359.28,13.12,2.779,1225.8,8.758,0.1278,2.633
127,17,SC-52,NEWS-48,48.838,48.5,360.23,13.95,2.763,1231.0,8.758,0.1278,2.633
127,18,SC-52,NEWS-48,48.379,48.5,362.97,13.43,2.692,1229.9,8.758,0.1278,2.633
127,19,SC-52,NEWS-48,47.939,48.5,359.77,12.46,2.742,1229.3,8.758,0.1278,2.633
127,20,SC-52,NEWS-48,48.107,48.5,360.54,13.06,2.615,1228.6,8.758,0.1278,2.633
127,21,SC-52,NEWS-48,48.258,48.5,358.16,13.16,2.715,1222.7,8.758,0.1278,2.633
127,22,SC-52,NEWS-48,48.679,48.5,359.43,12.92,2.685,1227.9,8.758,0.1278,2.633
127,23,SC-52,NEWS-48,48.543,48.5,357.38,12.91,2.693,1228.4,8.758,0.1278,2.633
127,24,SC-52,NEWS-48,48.842,48.5,360.97,12.88,2.706,1225.8,8.758,0.1278,2.633
128,0,LWC-65,LWC-58,64.307,58.0,467.48,21.17,3.554,1129.9,10.251,0.0833,0.794
128,1,LWC-65,LWC-58,63.341,58.0,457.65,20.94,3.621,1134.1,10.251,0.0833,0.794
128,2,LWC-65,LWC-58,62.868,58.0,452.63,18.76,3.42,1140.2,10.251,0.0833,0.794
128,3,LWC-65,LWC-58,61.244,58.0,445.97,19.88,3.431,1142.4,10.251,0.0833,0.794
128,4,LWC-65,LWC-58,60.273,58.0,443.71,19.02,3.393,1145.1,10.251,0.0833,0.794
128,5,LWC-65,LWC-58,60.733,58.0,439.43,19.54,3.344,1143.8,10.251,0.0833,0.794
128,6,LWC-65,LWC-58,58.593,58.0,435.24,18.66,3.356,1140.9,10.251,0.0833,0.794
128,7,LWC-65,LWC-58,57.866,58.0,430.74,18.72,3.249,1151.1,10.251,0.0833,0.794
128,8,LWC-65,LWC-58,61.297,58.0,430.75,18.62,3.375,1138.5,10.251,0.0833,0.794
128,9,LWC-65,LWC-58,58.412,58.0,428.93,18.7,3.222,1151.8,10.251,0.0833,0.794
128,10,LWC-65,LWC-58,58.536,58.0,427.22,18.5,3.245,1154.0,10.251,0.0833,0.794
128,11,LWC-65,LWC-58,59.133,58.0,424.82,17.77,3.17,1160.3,10.251,0.0833,0.794
128,12,LWC-65,LWC-58,58.853,58.0,423.47,18.04,3.287,1145.2,10.251,0.0833,0.794
128,13,LWC-65,LWC-58,59.171,58.0,424.6,18.13,3.323,1146.4,10.251,0.0833,0.794
128,14,LWC-65,LWC-58,59.127,58.0,421.55,18.72,3.323,1149.6,10.251,0.0833,0.794
128,15,LWC-65,LWC-58,57.195,58.0,422.2,18.33,3.275,1149.4,10.251,0.0833,0.794
128,16,LWC-65,LWC-58,59.26,58.0,423.41,17.74,3.197,1153.8,10.251,0.0833,0.794
128,17,LWC-65,LWC-58,58.619,58.0,422.73,17.59,3.213,1152.3,10.251,0.0833,0.794
128,18,LWC-65,LWC-58,58.476,58.0,419.21,18.37,3.194,1148.0,10.251,0.0833,0.794
128,19,LWC-65,LWC-58,58.479,58.0,421.86,17.8,3.148,1149.3,10.251,0.0833,0.794
128,20,LWC-65,LWC-58,56.375,58.0,425.11,18.4,3.192,1154.5,10.251,0.0833,0.794
128,21,LWC-65,LWC-58,57.936,58.0,422.22,17.99,3.251,1143.5,10.251,0.0833,0.794
128,22,LWC-65,LWC-58,57.326,58.0,420.17,18.75,3.161,1148.7,10.251,0.0833,0.794
128,23,LWC-65,LWC-58,57.199,58.0,423.21,17.64,3.09,1152.7,10.251,0.0833,0.794
128,24,LWC-65,LWC-58,57.674,58.0,424.89,18.73,3.14,1144.6,10.251,0.0833,0.794
129,0,FINE-80,LWC-58,79.963,58.0,513.38,25.48,4.084,1025.1,5.634,0.0996,2.352
129,1,FINE-80,LWC-58,76.006,58.0,496.21,23.46,3.908,1048.4,5.634,0.0996,2.352
129,2,FINE-80,LWC-58,72.761,58.0,485.62,21.82,3.72,1068.6,5.634,0.0996,2.352
129,3,FINE-80,LWC-58,69.525,58.0,476.58,21.18,3.676,1086.0,5.634,0.0996,2.352
129,4,FINE-80,LWC-58,67.862,58.0,468.52,21.25,3.679,1091.0,5.634,0.0996,2.352
129,5,FINE-80,LWC-58,65.686,58.0,458.4,19.92,3.55,1100.9,5.634,0.0996,2.352
129,6,FINE-80,LWC-58,64.287,58.0,452.84,20.73,3.55,1112.8,5.634,0.0996,2.352
129,7,FINE-80,LWC-58,63.549,58.0,445.57,20.15,3.41,1110.4,5.634,0.0996,2.352
129,8,FINE-80,LWC-58,62.959,58.0,446.55,19.92,3.435,1129.7,5.634,0.0996,2.352
129,9,FINE-80,LWC-58,61.572,58.0,440.06,19.07,3.329,1121.9,5.634,0.0996,2.352
129,10,FINE-80,LWC-58,60.659,58.0,438.51,18.95,3.288,1120.6,5.634,0.0996,2.352
129,11,FINE-80,LWC-58,60.428,58.0,437.74,18.06,3.308,1133.5,5.634,0.0996,2.352
129,12,FINE-80,LWC-58,60.218,58.0,433.07,19.03,3.26,1144.7,5.634,0.0996,2.352
129,13,FINE-80,LWC-58,59.768,58.0,430.48,18.62,3.2,1141.4,5.634,0.0996,2.352
129,14,FINE-80,LWC-58,60.114,58.0,429.46,18.63,3.255,1144.1,5.634,0.0996,2.352
129,15,FINE-80,LWC-58,58.84,58.0,427.81,19.12,3.258,1142.2,5.634,0.0996,2.352
129,16,FINE-80,LWC-58,58.937,58.0,429.01,17.92,3.307,1142.5,5.634,0.0996,2.352
129,17,FINE-80,LWC-58,59.168,58.0,426.14,18.12,3.283,1136.7,5.634,0.0996,2.352
129,18,FINE-80,LWC-58,59.02,58.0,423.59,18.31,3.291,1134.0,5.634,0.0996,2.352
129,19,FINE-80,LWC-58,57.884,58.0,426.06,17.65,3.261,1147.1,5.634,0.0996,2.352
129,20,FINE-80,LWC-58,58.382,58.0,425.82,18.0,3.237,1153.3,5.634,0.0996,2.352
129,21,FINE-80,LWC-58,58.758,58.0,420.17,18.32,3.155,1149.0,5.634,0.0996,2.352
129,22,FINE-80,LWC-58,59.122,58.0,425.48,17.9,3.221,1150.8,5.634,0.0996,2.352
129,23,FINE-80,LWC-58,58.42,58.0,422.78,18.7,3.241,1156.0,5.634,0.0996,2.352
129,24,FINE-80,LWC-58,58.06,58.0,422.3,17.28,3.282,1150.1,5.634,0.0996,2.352
130,0,SC-60,NEWS-48,57.877,48.5,433.32,16.69,3.415,1170.5,9.423,0.113,1.755
130,1,SC-60,NEWS-48,56.44,48.5,422.42,16.44,3.322,1176.5,9.423,0.113,1.755
130,2,SC-60,NEWS-48,55.413,48.5,420.14,16.3,3.246,1183.4,9.423,0.113,1.755
130,3,SC-60,NEWS-48,54.939,48.5,413.37,16.82,3.145,1197.0,9.423,0.113,1.755
130,4,SC-60,NEWS-48,55.023,48.5,406.25,14.22,3.081,1185.9,9.423,0.113,1.755
130,5,SC-60,NEWS-48,54.602,48.5,401.1,15.56,2.974,1205.3,9.423,0.113,1.755
130,6,SC-60,NEWS-48,53.185,48.5,397.7,15.41,3.003,1214.1,9.423,0.113,1.755
130,7,SC-60,NEWS-48,52.367,48.5,392.07,14.48,3.015,1212.2,9.423,0.113,1.755
130,8,SC-60,NEWS-48,52.058,48.5,390.07,14.45,2.912,1203.8,9.423,0.113,1.755
130,9,SC-60,NEWS-48,51.717,48.5,384.17,14.61,2.885,1208.8,9.423,0.113,1.755
130,10,SC-60,NEWS-48,51.805,48.5,381.57,14.27,2.959,1218.7,9.423,0.113,1.755
130,11,SC-60,NEWS-48,50.416,48.5,378.03,14.98,2.849,1214.2,9.423,0.113,1.755
130,12,SC-60,NEWS-48,51.094,48.5,382.91,14.06,2.854,1214.6,9.423,0.113,1.755
130,13,SC-60,NEWS-48,49.801,48.5,376.57,14.32,2.846,1218.2,9.423,0.113,1.755
130,14,SC-60,NEWS-48,49.957,48.5,377.05,14.02,2.796,1214.4,9.423,0.113,1.755
130,15,SC-60,NEWS-48,49.954,48.5,370.85,14.05,2.825,1220.6,9.423,0.113,1.755
130,16,SC-60,NEWS-48,49.947,48.5,371.26,13.23,2.829,1216.2,9.423,0.113,1.755
130,17,SC-60,NEWS-48,49.631,48.5,371.47,13.65,2.815,1226.8,9.423,0.113,1.755
130,18,SC-60,NEWS-48,49.569,48.5,372.18,13.46,2.812,1219.8,9.423,0.113,1.755
130,19,SC-60,NEWS-48,49.398,48.5,367.03,13.08,2.649,1225.0,9.423,0.113,1.755
130,20,SC-60,NEWS-48,48.672,48.5,366.53,13.85,2.688,1223.1,9.423,0.113,1.755
130,21,SC-60,NEWS-48,49.415,48.5,364.96,12.33,2.715,1227.8,9.423,0.113,1.755
130,22,SC-60,NEWS-48,49.428,48.5,365.59,13.98,2.696,1230.5,9.423,0.113,1.755
130,23,SC-60,NEWS-48,49.569,48.5,363.16,12.16,2.695,1228.2,9.423,0.113,1.755
130,24,SC-60,NEWS-48,49.707,48.5,361.76,13.16,2.771,1223.7,9.423,0.113,1.755
131,0,SC-60,LWC-65,55.773,65.0,434.46,16.92,3.441,1187.2,6.451,0.0919,1.981
131,1,SC-60,LWC-65,57.255,65.0,437.38,17.54,3.366,1175.2,6.451,0.0919,1.981
131,2,SC-60,LWC-65,58.27,65.0,441.38,17.19,3.352,1172.5,6.451,0.0919,1.981
131,3,SC-60,LWC-65,59.253,65.0,444.35,18.67,3.46,1169.9,6.451,0.0919,1.981
131,4,SC-60,LWC-65,60.049,65.0,441.39,18.47,3.455,1164.7,6.451,0.0919,1.981
131,5,SC-60,LWC-65,60.689,65.0,445.15,18.93,3.396,1152.6,6.451,0.0919,1.981
131,6,SC-60,LWC-65,61.228,65.0,448.12,18.79,3.391,1152.0,6.451,0.0919,1.981
131,7,SC-60,LWC-65,61.692,65.0,450.03,19.19,3.451,1140.1,6.451,0.0919,1.981
131,8,SC-60,LWC-65,62.319,65.0,450.04,18.5,3.406,1148.3,6.451,0.0919,1.981
131,9,SC-60,LWC-65,61.807,65.0,454.33,18.82,3.418,1136.6,6.451,0.0919,1.981
131,10,SC-60,LWC-65,63.302,65.0,457.45,19.86,3.481,1141.9,6.451,0.0919,1.981
131,11,SC-60,LWC-65,62.436,65.0,454.72,20.07,3.431,1130.0,6.451,0.0919,1.981
131,12,SC-60,LWC-65,63.032,65.0,455.25,18.8,3.504,1139.0,6.451,0.0919,1.981
131,13,SC-60,LWC-65,63.51,65.0,457.43,19.58,3.559,1133.7,6.451,0.0919,1.981
131,14,SC-60,LWC-65,63.974,65.0,452.56,19.31,3.48,1126.7,6.451,0.0919,1.981
131,15,SC-60,LWC-65,63.009,65.0,456.83,19.23,3.495,1132.8,6.451,0.0919,1.981
131,16,SC-60,LWC-65,64.063,65.0,459.16,19.78,3.591,1125.2,6.451,0.0919,1.981
131,17,SC-60,LWC-65,64.438,65.0,456.28,20.25,3.433,1130.9,6.451,0.0919,1.981
131,18,SC-60,LWC-65,64.607,65.0,455.43,19.94,3.553,1124.9,6.451,0.0919,1.981
131,19,SC-60,LWC-65,64.179,65.0,457.79,19.59,3.548,1116.9,6.451,0.0919,1.981
131,20,SC-60,LWC-65,64.381,65.0,458.28,20.04,3.538,1119.9,6.451,0.0919,1.981
131,21,SC-60,LWC-65,64.354,65.0,456.79,19.63,3.56,1122.1,6.451,0.0919,1.981
131,22,SC-60,LWC-65,64.483,65.0,462.99,20.04,3.51,1130.6,6.451,0.0919,1.981
131,23,SC-60,LWC-65,64.339,65.0,457.99,20.55,3.468,1127.8,6.451,0.0919,1.981
131,24,SC-60,LWC-65,64.428,65.0,456.78,18.83,3.552,1131.0,6.451,0.0919,1.981
132,0,SC-60,NEWS-45,61.544,45.0,444.29,16.77,3.283,1175.1,12.295,0.1319,0.807
132,1,SC-60,NEWS-45,58.087,45.0,431.4,16.67,3.2,1178.4,12.295,0.1319,0.807
132,2,SC-60,NEWS-45,56.178,45.0,418.52,16.16,3.053,1195.3,12.295,0.1319,0.807
132,3,SC-60,NEWS-45,54.546,45.0,410.89,15.43,2.98,1200.9,12.295,0.1319,0.807
132,4,SC-60,NEWS-45,53.936,45.0,401.57,14.1,2.912,1201.6,12.295,0.1319,0.807
132,5,SC-60,NEWS-45,54.573,45.0,393.96,14.23,2.875,1202.3,12.295,0.1319,0.807
132,6,SC-60,NEWS-45,51.85,45.0,385.2,13.76,2.818,1219.8,12.295,0.1319,0.807
132,7,SC-60,NEWS-45,52.618,45.0,378.99,14.76,2.81,1218.0,12.295,0.1319,0.807
132,8,SC-60,NEWS-45,50.174,45.0,376.28,13.7,2.826,1225.7,12.295,0.1319,0.807
132,9,SC-60,NEWS-45,49.642,45.0,372.48,13.28,2.794,1228.6,12.295,0.1319,0.807
132,10,SC-60,NEWS-45,49.388,45.0,365.14,12.95,2.695,1224.9,12.295,0.1319,0.807
132,11,SC-60,NEWS-45,48.184,45.0,364.97,13.0,2.725,1235.2,12.295,0.1319,0.807
132,12,SC-60,NEWS-45,48.14,45.0,362.86,13.3,2.733,1230.9,12.295,0.1319,0.807
132,13,SC-60,NEWS-45,46.251,45.0,353.65,11.88,2.639,1229.6,12.295,0.1319,0.807
132,14,SC-60,NEWS-45,46.546,45.0,359.13,12.81,2.681,1230.5,12.295,0.1319,0.807
132,15,SC-60,NEWS-45,45.636,45.0,355.36,12.35,2.724,1240.1,12.295,0.1319,0.807
132,16,SC-60,NEWS-45,47.252,45.0,354.09,12.73,2.642,1249.3,12.295,0.1319,0.807
132,17,SC-60,NEWS-45,45.407,45.0,348.59,12.85,2.546,1242.6,12.295,0.1319,0.807
132,18,SC-60,NEWS-45,47.372,45.0,350.86,12.04,2.514,1252.3,12.295,0.1319,0.807
132,19,SC-60,NEWS-45,46.384,45.0,349.91,11.65,2.65,1251.4,12.295,0.1319,0.807
132,20,SC-60,NEWS-45,46.708,45.0,345.77,12.14,2.635,1247.5,12.295,0.1319,0.807
132,21,SC-60,NEWS-45,45.333,45.0,347.74,12.9,2.634,1253.4,12.295,0.1319,0.807
132,22,SC-60,NEWS-45,44.853,45.0,345.12,12.64,2.646,1253.4,12.295,0.1319,0.807
132,23,SC-60,NEWS-45,45.361,45.0,343.48,12.0,2.544,1252.5,12.295,0.1319,0.807
132,24,SC-60,NEWS-45,46.375,45.0,343.72,11.85,2.575,1237.6,12.295,0.1319,0.807
133,0,LWC-58,NEWS-48,55.156,48.5,415.44,20.03,3.03,1145.3,9.134,0.1185,0.586
133,1,LWC-58,NEWS-48,56.436,48.5,407.21,18.87,2.988,1150.8,9.134,0.1185,0.586
133,2,LWC-58,NEWS-48,54.638,48.5,403.58,17.85,2.981,1172.9,9.134,0.1185,0.586
133,3,LWC-58,NEWS-48,55.416,48.5,396.83,15.24,2.905,1165.2,9.134,0.1185,0.586
133,4,LWC-58,NEWS-48,52.71,48.5,390.44,16.95,2.908,1184.0,9.134,0.1185,0.586
133,5,LWC-58,NEWS-48,50.932,48.5,388.54,15.28,2.85,1189.2,9.134,0.1185,0.586
133,6,LWC-58,NEWS-48,50.172,48.5,382.99,15.11,2.83,1206.7,9.134,0.1185,0.586
133,7,LWC-58,NEWS-48,50.577,48.5,379.71,14.91,2.871,1191.0,9.134,0.1185,0.586
133,8,LWC-58,NEWS-48,51.904,48.5,377.73,14.89,2.784,1199.6,9.134,0.1185,0.586
133,9,LWC-58,NEWS-48,50.298,48.5,376.19,14.75,2.776,1206.9,9.134,0.1185,0.586
133,10,LWC-58,NEWS-48,50.942,48.5,373.99,14.65,2.732,1209.6,9.134,0.1185,0.586
133,11,LWC-58,NEWS-48,51.703,48.5,370.71,14.43,2.764,1210.4,9.134,0.1185,0.586
133,12,LWC-58,NEWS-48,49.095,48.5,371.59,13.99,2.844,1215.0,9.134,0.1185,0.586
133,13,LWC-58,NEWS-48,50.261,48.5,368.12,13.94,2.727,1211.1,9.134,0.1185,0.586
133,14,LWC-58,NEWS-48,50.138,48.5,366.1,13.07,2.725,1220.8,9.134,0.1185,0.586
133,15,LWC-58,NEWS-48,48.774,48.5,363.48,13.15,2.764,1208.9,9.134,0.1185,0.586
133,16,LWC-58,NEWS-48,50.56,48.5,367.52,13.89,2.729,1221.6,9.134,0.1185,0.586
133,17,LWC-58,NEWS-48,49.023,48.5,364.83,13.79,2.854,1219.9,9.134,0.1185,0.586
133,18,LWC-58,NEWS-48,48.84,48.5,364.58,13.68,2.729,1228.9,9.134,0.1185,0.586
133,19,LWC-58,NEWS-48,50.913,48.5,365.69,13.01,2.75,1233.4,9.134,0.1185,0.586
133,20,LWC-58,NEWS-48,49.462,48.5,362.16,13.68,2.776,1223.7,9.134,0.1185,0.586
133,21,LWC-58,NEWS-48,49.744,48.5,359.95,12.61,2.772,1232.9,9.134,0.1185,0.586
133,22,LWC-58,NEWS-48,50.059,48.5,362.47,13.7,2.735,1224.9,9.134,0.1185,0.586
133,23,LWC-58,NEWS-48,48.272,48.5,362.64,13.01,2.712,1222.2,9.134,0.1185,0.586
133,24,LWC-58,NEWS-48,49.874,48.5,361.22,13.96,2.819,1236.1,9.134,0.1185,0.586
134,0,SC-60,NEWS-45,60.215,45.0,430.85,17.1,3.423,1171.0,5.788,0.0987,4.589
134,1,SC-60,NEWS-45,57.918,45.0,420.79,16.58,3.319,1188.7,5.788,0.0987,4.589
134,2,SC-60,NEWS-45,56.379,45.0,410.86,16.66,3.175,1187.8,5.788,0.0987,4.589
134,3,SC-60,NEWS-45,54.796,45.0,400.12,15.62,3.067,1202.0,5.788,0.0987,4.589
134,4,SC-60,NEWS-45,53.745,45.0,394.24,14.04,3.013,1208.8,5.788,0.0987,4.589
134,5,SC-60,NEWS-45,52.422,45.0,384.64,13.87,2.937,1208.2,5.788,0.0987,4.589
134,6,SC-60,NEWS-45,51.168,45.0,379.97,13.96,2.847,1208.7,5.788,0.0987,4.589
134,7,SC-60,NEWS-45,50.78,45.0,370.64,13.44,2.95,1219.3,5.788,0.0987,4.589
134,8,SC-60,NEWS-45,49.645,45.0,373.75,13.78,2.762,1211.2,5.788,0.0987,4.589
134,9,SC-60,NEWS-45,49.128,45.0,364.87,13.63,2.916,1226.7,5.788,0.0987,4.589
134,10,SC-60,NEWS-45,48.525,45.0,360.95,12.96,2.768,1224.2,5.788,0.0987,4.589
134,11,SC-60,NEWS-45,48.25,45.0,358.45,13.64,2.755,1248.4,5.788,0.0987,4.589
134,12,SC-60,NEWS-45,47.347,45.0,354.53,13.63,2.671,1240.3,5.788,0.0987,4.589
134,13,SC-60,NEWS-45,47.403,45.0,351.88,11.88,2.747,1237.3,5.788,0.0987,4.589
134,14,SC-60,NEWS-45,47.4,45.0,352.39,11.97,2.698,1245.2,5.788,0.0987,4.589
134,15,SC-60,NEWS-45,46.83,45.0,350.88,13.14,2.699,1243.5,5.788,0.0987,4.589
134,16,SC-60,NEWS-45,46.363,45.0,349.67,12.95,2.644,1235.5,5.788,0.0987,4.589
134,17,SC-60,NEWS-45,46.246,45.0,347.91,12.7,2.697,1239.2,5.788,0.0987,4.589
134,18,SC-60,NEWS-45,46.265,45.0,346.74,12.4,2.622,1248.5,5.788,0.0987,4.589
134,19,SC-60,NEWS-45,46.189,45.0,343.57,12.29,2.659,1239.4,5.788,0.0987,4.589
134,20,SC-60,NEWS-45,46.337,45.0,344.2,12.56,2.671,1246.9,5.788,0.0987,4.589
134,21,SC-60,NEWS-45,45.281,45.0,344.8,12.35,2.714,1248.9,5.788,0.0987,4.589
134,22,SC-60,NEWS-45,45.746,45.0,342.8,12.88,2.676,1244.8,5.788,0.0987,4.589
134,23,SC-60,NEWS-45,45.634,45.0,343.94,11.85,2.636,1247.4,5.788,0.0987,4.589
134,24,SC-60,NEWS-45,45.482,45.0,342.64,12.18,2.627,1251.2,5.788,0.0987,4.589
135,0,SC-52,SC-60,54.119,60.0,389.98,14.96,2.918,1188.6,8.699,0.119,0.719
135,1,SC-52,SC-60,52.956,60.0,397.28,14.42,3.02,1180.7,8.699,0.119,0.719
135,2,SC-52,SC-60,54.625,60.0,398.43,14.58,3.077,1178.5,8.699,0.119,0.719
135,3,SC-52,SC-60,55.603,60.0,404.65,16.76,2.982,1186.4,8.699,0.119,0.719
135,4,SC-52,SC-60,56.151,60.0,408.82,16.71,3.209,1184.7,8.699,0.119,0.719
135,5,SC-52,SC-60,55.794,60.0,410.28,16.48,3.188,1182.0,8.699,0.119,0.719
135,6,SC-52,SC-60,55.942,60.0,412.87,16.28,3.1,1186.1,8.699,0.119,0.719
135,7,SC-52,SC-60,58.058,60.0,412.71,16.54,3.178,1173.7,8.699,0.119,0.719
135,8,SC-52,SC-60,58.262,60.0,416.04,16.64,3.165,1168.4,8.699,0.119,0.719
135,9,SC-52,SC-60,57.644,60.0,418.85,17.17,3.199,1180.1,8.699,0.119,0.719
135,10,SC-52,SC-60,58.928,60.0,416.2,16.18,3.19,1166.7,8.699,0.119,0.719
135,11,SC-52,SC-60,59.079,60.0,416.79,16.12,3.235,1174.1,8.699,0.119,0.719
135,12,SC-52,SC-60,57.152,60.0,422.1,16.55,3.166,1175.6,8.699,0.119,0.719
135,13,SC-52,SC-60,58.607,60.0,424.14,16.91,3.338,1184.0,8.699,0.119,0.719
135,14,SC-52,SC-60,59.934,60.0,424.41,16.53,3.187,1170.5,8.699,0.119,0.719
135,15,SC-52,SC-60,57.692,60.0,421.73,16.42,3.272,1170.5,8.699,0.119,0.719
135,16,SC-52,SC-60,57.926,60.0,427.82,17.46,3.217,1175.8,8.699,0.119,0.719
135,17,SC-52,SC-60,59.719,60.0,426.39,16.35,3.249,1175.2,8.699,0.119,0.719
135,18,SC-52,SC-60,60.354,60.0,428.61,17.53,3.285,1170.2,8.699,0.119,0.719
135,19,SC-52,SC-60,59.159,60.0,425.82,17.3,3.271,1172.6,8.699,0.119,0.719
135,20,SC-52,SC-60,59.078,60.0,428.0,17.8,3.277,1167.8,8.699,0.119,0.719
135,21,SC-52,SC-60,58.143,60.0,428.84,17.96,3.255,1173.5,8.699,0.119,0.719
135,22,SC-52,SC-60,59.338,60.0,430.09,17.07,3.242,1163.2,8.699,0.119,0.719
135,23,SC-52,SC-60,58.434,60.0,430.17,17.93,3.313,1185.5,8.699,0.119,0.719
135,24,SC-52,SC-60,59.386,60.0,426.94,17.16,3.239,1174.5,8.699,0.119,0.719
136,0,SC-60,FINE-90,58.745,90.0,445.37,17.06,3.558,1209.2,12.012,0.1037,1.833
136,1,SC-60,FINE-90,64.434,90.0,472.26,19.37,3.642,1152.3,12.012,0.1037,1.833
136,2,SC-60,FINE-90,69.774,90.0,486.38,20.69,3.71,1107.0,12.012,0.1037,1.833
136,3,SC-60,FINE-90,73.794,90.0,499.54,21.74,3.883,1073.7,12.012,0.1037,1.833
136,4,SC-60,FINE-90,76.712,90.0,511.89,23.63,4.028,1063.1,12.012,0.1037,1.833
136,5,SC-60,FINE-90,79.247,90.0,522.46,24.48,4.114,1047.1,12.012,0.1037,1.833
136,6,SC-60,FINE-90,81.963,90.0,532.7,24.11,4.104,1021.4,12.012,0.1037,1.833
136,7,SC-60,FINE-90,83.622,90.0,537.69,25.02,4.177,1010.3,12.012,0.1037,1.833
136,8,SC-60,FINE-90,84.047,90.0,543.59,24.6,4.178,1010.3,12.012,0.1037,1.833
136,9,SC-60,FINE-90,85.245,90.0,550.0,26.14,4.207,997.5,12.012,0.1037,1.833
136,10,SC-60,FINE-90,86.136,90.0,550.63,26.65,4.266,997.1,12.012,0.1037,1.833
136,11,SC-60,FINE-90,87.027,90.0,555.23,26.39,4.318,993.6,12.012,0.1037,1.833
136,12,SC-60,FINE-90,87.578,90.0,558.14,25.84,4.201,988.4,12.012,0.1037,1.833
136,13,SC-60,FINE-90,88.697,90.0,559.72,27.3,4.256,987.0,12.012,0.1037,1.833
136,14,SC-60,FINE-90,88.371,90.0,562.26,27.61,4.245,986.6,12.012,0.1037,1.833
136,15,SC-60,FINE-90,88.361,90.0,561.38,26.46,4.23,978.1,12.012,0.1037,1.833
136,16,SC-60,FINE-90,88.765,90.0,565.97,26.97,4.232,979.3,12.012,0.1037,1.833
136,17,SC-60,FINE-90,89.314,90.0,563.93,27.21,4.289,983.2,12.012,0.1037,1.833
136,18,SC-60,FINE-90,89.241,90.0,566.8,27.23,4.237,979.3,12.012,0.1037,1.833
136,19,SC-60,FINE-90,89.578,90.0,567.02,26.9,4.238,995.1,12.012,0.1037,1.833
136,20,SC-60,FINE-90,89.476,90.0,565.81,27.8,4.286,981.6,12.012,0.1037,1.833
136,21,SC-60,FINE-90,89.915,90.0,570.91,26.14,4.247,972.0,12.012,0.1037,1.833
136,22,SC-60,FINE-90,89.684,90.0,571.5,26.16,4.322,966.4,12.012,0.1037,1.833
136,23,SC-60,FINE-90,89.325,90.0,566.56,26.94,4.273,984.5,12.012,0.1037,1.833
136,24,SC-60,FINE-90,89.688,90.0,570.27,27.83,4.238,981.0,12.012,0.1037,1.833
137,0,FINE-80,LWC-65,80.798,65.0,526.93,22.31,4.103,1028.7,13.485,0.0845,0.903
137,1,FINE-80,LWC-65,77.451,65.0,511.59,23.01,3.886,1031.1,13.485,0.0845,0.903
137,2,FINE-80,LWC-65,75.828,65.0,509.76,22.23,3.981,1047.8,13.485,0.0845,0.903
137,3,FINE-80,LWC-65,75.002,65.0,502.58,21.32,3.891,1058.5,13.485,0.0845,0.903
137,4,FINE-80,LWC-65,73.459,65.0,496.95,21.07,3.79,1063.0,13.485,0.0845,0.903
137,5,FINE-80,LWC-65,71.022,65.0,490.79,21.68,3.679,1065.8,13.485,0.0845,0.903
137,6,FINE-80,LWC-65,72.674,65.0,488.8,20.64,3.732,1078.0,13.485,0.0845,0.903
137,7,FINE-80,LWC-65,71.955,65.0,483.55,20.48,3.731,1104.0,13.485,0.0845,0.903
137,8,FINE-80,LWC-65,70.422,65.0,484.95,20.04,3.618,1083.7,13.485,0.0845,0.903
137,9,FINE-80,LWC-65,69.499,65.0,480.39,21.1,3.628,1091.1,13.485,0.0845,0.903
137,10,FINE-80,LWC-65,68.157,65.0,478.68,20.29,3.586,1101.7,13.485,0.0845,0.903
137,11,FINE-80,LWC-65,68.021,65.0,471.12,20.79,3.61,1107.3,13.485,0.0845,0.903
137,12,FINE-80,LWC-65,68.742,65.0,474.52,19.89,3.561,1098.2,13.485,0.0845,0.903
137,13,FINE-80,LWC-65,68.007,65.0,472.72,19.66,3.71,1108.3,13.485,0.0845,0.903
137,14,FINE-80,LWC-65,67.578,65.0,468.92,20.78,3.632,1109.5,13.485,0.0845,0.903
137,15,FINE-80,LWC-65,67.326,65.0,468.12,20.29,3.523,1104.8,13.485,0.0845,0.903
137,16,FINE-80,LWC-65,67.495,65.0,465.46,19.98,3.52,1112.1,13.485,0.0845,0.903
137,17,FINE-80,LWC-65,67.168,65.0,465.87,20.04,3.486,1109.5,13.485,0.0845,0.903
137,18,FINE-80,LWC-65,66.814,65.0,466.79,20.01,3.545,1108.4,13.485,0.0845,0.903
137,19,FINE-80,LWC-65,65.883,65.0,463.61,21.24,3.635,1121.2,13.485,0.0845,0.903
137,20,FINE-80,LWC-65,67.24,65.0,464.39,20.33,3.6,1116.8,13.485,0.0845,0.903
137,21,FINE-80,LWC-65,65.512,65.0,468.86,20.24,3.545,1105.9,13.485,0.0845,0.903
137,22,FINE-80,LWC-65,65.118,65.0,461.34,19.77,3.517,1114.4,13.485,0.0845,0.903
137,23,FINE-80,LWC-65,65.247,65.0,463.54,20.53,3.555,1113.1,13.485,0.0845,0.903
137,24,FINE-80,LWC-65,64.7,65.0,460.45,19.54,3.538,1115.1,13.485,0.0845,0.903
138,0,FINE-90,LWC-58,93.33,58.0,566.96,29.22,4.485,972.6,8.721,0.0725,0.535
138,1,FINE-90,LWC-58,88.592,58.0,544.66,27.25,4.349,995.7,8.721,0.0725,0.535
138,2,FINE-90,LWC-58,82.458,58.0,524.02,25.18,4.069,1012.6,8.721,0.0725,0.535
138,3,FINE-90,LWC-58,79.343,58.0,509.41,24.21,3.935,1026.7,8.721,0.0725,0.535
138,4,FINE-90,LWC-58,76.712,58.0,495.54,23.16,3.889,1047.8,8.721,0.0725,0.535
138,5,FINE-90,LWC-58,72.808,58.0,483.24,22.23,3.724,1068.7,8.721,0.0725,0.535
138,6,FINE-90,LWC-58,69.412,58.0,474.03,21.03,3.588,1083.1,8.721,0.0725,0.535
138,7,FINE-90,LWC-58,70.991,58.0,464.48,21.69,3.548,1085.8,8.721,0.0725,0.535
138,8,FINE-90,LWC-58,66.631,58.0,459.99,20.13,3.578,1091.3,8.721,0.0725,0.535
138,9,FINE-90,LWC-58,66.944,58.0,452.77,19.66,3.49,1104.5,8.721,0.0725,0.535
138,10,FINE-90,LWC-58,65.597,58.0,446.29,20.43,3.356,1113.4,8.721,0.0725,0.535
138,11,FINE-90,LWC-58,63.221,58.0,440.67,18.83,3.367,1119.4,8.721,0.0725,0.535
138,12,FINE-90,LWC-58,64.8,58.0,439.24,19.14,3.457,1121.3,8.721,0.0725,0.535
138,13,FINE-90,LWC-58,62.371,58.0,438.65,18.58,3.337,1134.8,8.721,0.0725,0.535
138,14,FINE-90,LWC-58,61.798,58.0,434.99,19.72,3.306,1134.3,8.721,0.0725,0.535
138,15,FINE-90,LWC-58,59.768,58.0,433.17,19.33,3.3,1124.9,8.721,0.0725,0.535
138,16,FINE-90,LWC-58,58.796,58.0,431.28,18.23,3.294,1126.3,8.721,0.0725,0.535
138,17,FINE-90,LWC-58,60.058,58.0,430.72,18.04,3.251,1130.3,8.721,0.0725,0.535
138,18,FINE-90,LWC-58,61.086,58.0,428.72,18.83,3.327,1143.7,8.721,0.0725,0.535
138,19,FINE-90,LWC-58,58.0,58.0,426.2,18.59,3.227,1131.0,8.721,0.0725,0.535
138,20,FINE-90,LWC-58,59.534,58.0,424.17,18.14,3.292,1143.3,8.721,0.0725,0.535
138,21,FINE-90,LWC-58,59.27,58.0,425.95,18.04,3.327,1141.4,8.721,0.0725,0.535
138,22,FINE-90,LWC-58,60.12,58.0,418.71,18.1,3.249,1137.1,8.721,0.0725,0.535
138,23,FINE-90,LWC-58,59.77,58.0,425.52,18.64,3.173,1145.5,8.721,0.0725,0.535
138,24,FINE-90,LWC-58,58.865,58.0,423.9,18.94,3.231,1144.2,8.721,0.0725,0.535
139,0,FINE-80,NEWS-48,80.347,48.5,519.23,23.68,3.9,1000.2,7.506,0.1333,2.262
139,1,FINE-80,NEWS-48,73.112,48.5,479.95,20.79,3.648,1044.4,7.506,0.1333,2.262
139,2,FINE-80,NEWS-48,68.014,48.5,453.84,19.41,3.362,1093.7,7.506,0.1333,2.262
139,3,FINE-80,NEWS-48,63.722,48.5,426.78,18.97,3.252,1111.5,7.506,0.1333,2.262
139,4,FINE-80,NEWS-48,61.278,48.5,413.02,17.73,3.083,1140.5,7.506,0.1333,2.262
139,5,FINE-80,NEWS-48,57.663,48.5,403.05,15.8,2.877,1156.5,7.506,0.1333,2.262
139,6,FINE-80,NEWS-48,55.689,48.5,392.19,15.72,2.945,1177.7,7.506,0.1333,2.262
139,7,FINE-80,NEWS-48,54.493,48.5,384.15,15.38,2.834,1188.0,7.506,0.1333,2.262
139,8,FINE-80,NEWS-48,52.911,48.5,380.02,15.23,2.78,1190.7,7.506,0.1333,2.262
139,9,FINE-80,NEWS-48,52.036,48.5,372.78,14.45,2.822,1198.5,7.506,0.1333,2.262
139,10,FINE-80,NEWS-48,50.68,48.5,373.52,14.35,2.775,1199.3,7.506,0.1333,2.262
139,11,FINE-80,NEWS-48,50.58,48.5,368.08,14.35,2.748,1211.4,7.506,0.1333,2.262
139,12,FINE-80,NEWS-48,49.943,48.5,364.89,14.24,2.743,1218.0,7.506,0.1333,2.262
139,13,FINE-80,NEWS-48,49.65,48.5,363.51,13.48,2.687,1217.5,7.506,0.1333,2.262
139,14,FINE-80,NEWS-48,49.589,48.5,363.68,13.48,2.81,1227.3,7.506,0.1333,2.262
139,15,FINE-80,NEWS-48,49.275,48.5,362.1,12.98,2.725,1223.0,7.506,0.1333,2.262
139,16,FINE-80,NEWS-48,49.35,48.5,363.32,13.15,2.72,1230.1,7.506,0.1333,2.262
139,17,FINE-80,NEWS-48,49.27,48.5,361.64,13.03,2.705,1224.3,7.506,0.1333,2.262
139,18,FINE-80,NEWS-48,48.825,48.5,360.62,13.09,2.626,1220.3,7.506,0.1333,2.262
139,19,FINE-80,NEWS-48,48.886,48.5,361.73,13.1,2.671,1223.7,7.506,0.1333,2.262
139,20,FINE-80,NEWS-48,48.121,48.5,359.73,13.52,2.643,1227.3,7.506,0.1333,2.262
139,21,FINE-80,NEWS-48,48.775,48.5,361.59,13.27,2.637,1224.3,7.506,0.1333,2.262
139,22,FINE-80,NEWS-48,48.957,48.5,361.12,12.44,2.625,1220.1,7.506,0.1333,2.262
139,23,FINE-80,NEWS-48,48.338,48.5,360.93,13.34,2.67,1218.7,7.506,0.1333,2.262
139,24,FINE-80,NEWS-48,48.813,48.5,359.56,12.77,2.702,1234.1,7.506,0.1333,2.262
140,0,NEWS-48,FINE-80,46.014,80.0,361.82,14.07,2.671,1261.5,8.839,0.0867,0.927
140,1,NEWS-48,FINE-80,49.955,80.0,390.66,15.33,2.905,1218.6,8.839,0.0867,0.927
140,2,NEWS-48,FINE-80,55.355,80.0,404.43,16.32,3.061,1191.8,8.839,0.0867,0.927
140,3,NEWS-48,FINE-80,59.691,80.0,423.15,17.8,3.196,1167.4,8.839,0.0867,0.927
140,4,NEWS-48,FINE-80,61.109,80.0,436.32,19.62,3.31,1139.3,8.839,0.0867,0.927
140,5,NEWS-48,FINE-80,65.601,80.0,448.7,20.27,3.458,1124.1,8.839,0.0867,0.927
140,6,NEWS-48,FINE-80,67.147,80.0,462.6,19.89,3.46,1107.6,8.839,0.0867,0.927
140,7,NEWS-48,FINE-80,68.777,80.0,469.44,20.75,3.591,1097.8,8.839,0.0867,0.927
140,8,NEWS-48,FINE-80,70.036,80.0,478.04,20.98,3.624,1077.1,8.839,0.0867,0.927
140,9,NEWS-48,FINE-80,73.168,80.0,484.31,21.94,3.709,1076.0,8.839,0.0867,0.927
140,10,NEWS-48,FINE-80,73.841,80.0,484.66,22.69,3.754,1069.6,8.839,0.0867,0.927
140,11,NEWS-48,FINE-80,74.202,80.0,492.01,23.5,3.84,1054.7,8.839,0.0867,0.927
140,12,NEWS-48,FINE-80,76.033,80.0,498.58,22.01,3.861,1047.9,8.839,0.0867,0.927
140,13,NEWS-48,FINE-80,76.559,80.0,501.77,23.35,3.87,1039.1,8.839,0.0867,0.927
140,14,NEWS-48,FINE-80,77.403,80.0,499.82,23.09,3.886,1053.7,8.839,0.0867,0.927
140,15,NEWS-48,FINE-80,78.471,80.0,507.84,23.06,3.887,1036.1,8.839,0.0867,0.927
140,16,NEWS-48,FINE-80,77.858,80.0,509.11,22.89,3.902,1043.8,8.839,0.0867,0.927
140,17,NEWS-48,FINE-80,79.468,80.0,507.73,24.35,3.839,1033.2,8.839,0.0867,0.927
140,18,NEWS-48,FINE-80,79.403,80.0,512.0,22.73,3.974,1037.5,8.839,0.0867,0.927
140,19,NEWS-48,FINE-80,79.189,80.0,512.02,23.37,3.961,1033.1,8.839,0.0867,0.927
140,20,NEWS-48,FINE-80,77.6,80.0,514.57,23.86,4.016,1039.2,8.839,0.0867,0.927
140,21,NEWS-48,FINE-80,79.096,80.0,510.93,23.96,3.935,1034.6,8.839,0.0867,0.927
140,22,NEWS-48,FINE-80,79.349,80.0,514.63,24.4,4.031,1027.3,8.839,0.0867,0.927
140,23,NEWS-48,FINE-80,79.456,80.0,518.38,23.37,3.964,1026.8,8.839,0.0867,0.927
140,24,NEWS-48,FINE-80,79.328,80.0,517.68,24.15,3.949,1027.9,8.839,0.0867,0.927
